Date,SPY,QQQ,IWM,EFA,EEM,AGG,TLT,LQD,HYG,GLD,VNQ,XLE
2021-12-31,448.05023193359375,387.456298828125,210.79762268066406,69.61018371582031,44.3075065612793,98.45069885253906,126.28459167480469,110.64788055419922,67.55316925048828,170.9600067138672,98.08368682861328,23.888925552368164
2022-01-03,450.64447021484375,391.1862487792969,213.5172576904297,70.06139373779297,44.624969482421875,97.777587890625,122.96959686279297,109.4706039428711,67.52210235595703,168.3300018310547,97.31430053710938,24.62926483154297
2022-01-04,450.49346923828125,386.11236572265625,213.19508361816406,70.45952606201172,44.47077178955078,97.76895904541016,122.45830535888672,109.56243896484375,67.351318359375,169.57000732421875,97.19593048095703,25.481525421142578
2022-01-05,441.84307861328125,374.2505187988281,205.97418212890625,69.8402099609375,43.74516296386719,97.46690368652344,121.79361724853516,108.9195327758789,66.83113861083984,169.05999755859375,94.41432189941406,25.477218627929688
2022-01-06,441.42791748046875,373.9875793457031,207.1492919921875,69.486328125,43.94470977783203,97.36337280273438,122.10892486572266,108.777587890625,66.83891296386719,166.99000549316406,94.49886322021484,26.045385360717773
2022-01-07,439.6828308105469,369.936279296875,204.75180053710938,69.68980407714844,44.34379196166992,97.07857513427734,121.23117065429688,108.3100357055664,66.66807556152344,167.75,93.87319946289062,26.40264320373535
2022-01-10,439.13568115234375,370.1796875,204.0410614013672,69.04395294189453,44.34379196166992,96.99227142333984,121.52943420410156,108.20983123779297,66.72241973876953,168.25999450683594,93.33209991455078,26.32086753845215
2022-01-11,443.1354675292969,375.74053955078125,206.2111053466797,69.79597473144531,45.36872100830078,97.17350006103516,122.33903503417969,108.53546905517578,67.03299713134766,170.2899932861328,93.475830078125,27.216157913208008
2022-01-12,444.3334655761719,377.2306213378906,204.676025390625,70.47721862792969,46.12154006958008,97.17350006103516,121.87026977539062,108.46033477783203,67.14168548583984,170.74000549316406,93.58575439453125,27.267810821533203
2022-01-13,438.211181640625,367.7937927246094,202.7996826171875,69.96407318115234,45.46848678588867,97.34611511230469,122.95259094238281,108.80265045166016,66.90103149414062,170.16000366210938,93.39974212646484,27.13007354736328
2022-01-14,438.3904113769531,370.0823059082031,203.08395385742188,69.8932876586914,45.450347900390625,96.8023910522461,121.09480285644531,107.84245300292969,66.83891296386719,169.6699981689453,92.55428314208984,27.767112731933594
2022-01-18,430.62677001953125,360.8694763183594,196.94345092773438,68.86701202392578,44.64310836791992,96.21556854248047,119.39041137695312,106.81546020507812,66.51280212402344,169.38999938964844,91.58197784423828,27.8790225982666
2022-01-19,426.1552429199219,356.9057922363281,193.740478515625,68.80508422851562,44.833580017089844,96.42266082763672,120.21707153320312,106.98245239257812,66.45068359375,172.0800018310547,90.34756469726562,27.67672348022461
2022-01-20,421.4384460449219,352.2702331542969,190.23426818847656,68.46887969970703,45.096614837646484,96.47445678710938,120.95846557617188,106.92400360107422,66.32647705078125,171.64999389648438,89.18927001953125,27.42276382446289
2022-01-21,413.1654052734375,342.5022277832031,186.67124938964844,67.53993225097656,44.443565368652344,96.85420227050781,122.39867401123047,107.62537384033203,66.334228515625,171.08999633789062,88.96943664550781,26.880422592163086
2022-01-24,414.9200439453125,344.07012939453125,190.9734344482422,66.86753845214844,43.817726135253906,96.74200439453125,121.3930892944336,107.2913818359375,66.26435852050781,172.02999877929688,89.1385498046875,27.06120491027832
2022-01-25,409.85430908203125,336.0941162109375,188.42433166503906,66.46056365966797,43.7360954284668,96.64708709716797,121.19709014892578,106.99080657958984,66.07026672363281,172.5800018310547,88.78343963623047,28.1114559173584
2022-01-26,408.8260192871094,335.5682373046875,185.70465087890625,66.20399475097656,43.18281555175781,96.10338592529297,119.73130798339844,106.26441955566406,65.84512329101562,169.7899932861328,87.39686584472656,28.06410789489746
2022-01-27,406.8072814941406,332.1888732910156,181.48776245117188,65.89434814453125,42.6839599609375,96.42266082763672,121.92998504638672,106.50652313232422,65.55784606933594,167.60000610351562,85.95110321044922,28.369720458984375
2022-01-28,416.9105224609375,342.60931396484375,185.0223846435547,66.11551666259766,42.892581939697266,96.49172973632812,121.97256469726562,106.62340545654297,65.74415588378906,167.10000610351562,88.73271942138672,28.249195098876953
2022-01-31,424.41943359375,353.5653991699219,190.69863891601562,67.07986450195312,44.29844665527344,96.48310852050781,121.34201049804688,106.67350769042969,65.75971984863281,168.08999633789062,89.82337188720703,28.37401580810547
2022-02-01,427.28729248046875,355.97088623046875,192.7075653076172,67.71688842773438,44.57054138183594,96.4493637084961,120.93919372558594,106.85086059570312,66.02074432373047,168.22999572753906,89.50209045410156,29.385536193847656
2022-02-02,431.4379577636719,358.8633117675781,190.79335021972656,68.2211685180664,44.497982025146484,96.55310821533203,121.3487777709961,106.8592300415039,66.12202453613281,168.83999633789062,90.64347839355469,29.480226516723633
2022-02-03,421.29705810546875,344.3135986328125,187.18295288085938,67.14179992675781,44.026336669921875,96.16416931152344,120.40152740478516,105.99760437011719,65.52985382080078,168.60000610351562,89.67964935302734,29.200441360473633
2022-02-04,423.2781066894531,348.6571044921875,187.98843383789062,67.3010482788086,44.13518524169922,95.55921936035156,118.62650299072266,104.94358825683594,65.27271270751953,168.86000061035156,88.79190063476562,29.656702041625977
2022-02-07,421.91961669921875,345.852294921875,188.91709899902344,67.41605377197266,44.04447937011719,95.64563751220703,118.70332336425781,105.13594818115234,65.22598266601562,170.11000061035156,88.66508483886719,30.035484313964844
2022-02-08,425.39117431640625,349.738037109375,192.1389923095703,67.76109313964844,44.47077178955078,95.3517837524414,117.90970611572266,104.7427978515625,65.1558609008789,170.6300048828125,88.25077819824219,29.389835357666016
2022-02-09,431.61724853515625,357.1493225097656,195.78732299804688,68.85816955566406,45.16917037963867,95.41232299804688,118.131591796875,105.0941390991211,65.4986801147461,171.2100067138672,90.2461166381836,29.635183334350586
2022-02-10,423.8629455566406,349.06610107421875,192.78335571289062,67.98228454589844,44.86985778808594,94.53076171875,116.25415802001953,103.66365051269531,64.6338119506836,170.55999755859375,88.11550903320312,29.45009422302246
2022-02-11,415.5048828125,337.9931945800781,190.83128356933594,66.95600891113281,44.18960189819336,95.15303802490234,117.97796630859375,104.43325805664062,64.40782928466797,173.80999755859375,87.31231689453125,30.306655883789062
2022-02-14,414.146484375,338.4118957519531,190.1679229736328,66.52249145507812,43.8812141418457,94.59992218017578,116.51016998291016,103.50471496582031,64.2987289428711,174.74000549316406,86.51756286621094,29.592140197753906
2022-02-15,420.8254089355469,346.8261413574219,195.2661590576172,67.74342346191406,44.833580017089844,94.44435119628906,115.18743896484375,102.98606872558594,64.40782928466797,173.0800018310547,87.29540252685547,29.28223419189453
2022-02-16,421.29705810546875,346.73858642578125,195.67361450195312,67.99998474121094,45.16010284423828,94.55671691894531,115.87018585205078,103.13664245605469,64.76622772216797,174.86000061035156,87.70122528076172,29.518966674804688
2022-02-17,412.2975158691406,336.4252014160156,190.66070556640625,66.90290832519531,44.634033203125,94.75548553466797,116.73208618164062,103.2119140625,64.49353790283203,177.25,86.77120971679688,29.471622467041016
2022-02-18,409.6278991699219,332.588134765625,189.02133178710938,66.61981201171875,44.18960189819336,94.95426940917969,117.96090698242188,103.4629135131836,64.5870361328125,177.1199951171875,86.24701690673828,29.29083824157715
2022-02-22,405.2319641113281,329.24774169921875,186.35850524902344,65.84124755859375,43.56376647949219,94.85054016113281,118.26812744140625,103.32903289794922,64.43898010253906,177.49000549316406,85.93418884277344,28.817365646362305
2022-02-23,398.0436706542969,320.8140563964844,182.8712921142578,65.30157470703125,43.05583953857422,94.42707061767578,116.63818359375,102.3921127319336,64.32212829589844,178.2899932861328,84.51378631591797,29.114360809326172
2022-02-24,404.03387451171875,331.5946960449219,187.66622924804688,64.42568969726562,42.16696548461914,94.59992218017578,116.71499633789062,102.8773422241211,64.78181457519531,177.13999938964844,85.93418884277344,28.886228561401367
2022-02-25,412.948486328125,336.73687744140625,191.89260864257812,66.035888671875,42.94699478149414,94.69495391845703,116.80035400390625,103.29560089111328,65.14806365966797,176.5500030517578,88.0055923461914,29.648090362548828
2022-02-28,411.89190673828125,337.739990234375,192.66966247558594,64.77957916259766,42.3846435546875,95.37774658203125,119.36041259765625,104.39981842041016,65.19481658935547,178.3800048828125,86.69512176513672,30.37982749938965
2022-03-01,405.6186828613281,332.56866455078125,189.04026794433594,63.36402130126953,41.822296142578125,95.91522216796875,120.74041748046875,104.75689697265625,65.01258087158203,181.6199951171875,86.23857116699219,30.6854305267334
2022-03-02,413.0805358886719,338.1490173339844,193.54147338867188,64.16027069091797,41.894859313964844,94.76409149169922,116.61323547363281,103.16419982910156,65.16898345947266,179.72999572753906,87.8534164428711,31.387033462524414
2022-03-03,411.0240478515625,333.3185729980469,191.2482452392578,62.89510726928711,41.3053092956543,95.08434295654297,117.80099487304688,103.54144287109375,64.9734878540039,180.8000030517578,88.57208251953125,31.473121643066406
2022-03-04,407.6845703125,328.4881286621094,188.25375366210938,61.07258224487305,40.470855712890625,95.46515655517578,119.83463287353516,103.64202117919922,64.55116271972656,183.67999267578125,88.9779052734375,32.3813362121582
2022-03-07,395.66644287109375,316.37310791015625,183.57254028320312,59.135032653808594,38.956138610839844,94.91123962402344,118.92035675048828,102.3846435546875,63.98810577392578,186.41000366210938,87.21932220458984,32.8591194152832
2022-03-08,392.66656494140625,314.9025573730469,184.58648681640625,59.64817428588867,39.083126068115234,94.57368469238281,117.72412109375,101.77272033691406,63.76126480102539,191.50999450683594,86.79656982421875,33.37562561035156
2022-03-09,403.1943054199219,326.238525390625,189.7888946533203,62.14309310913086,40.18968200683594,94.37461853027344,116.57050323486328,101.94876098632812,64.2930908203125,185.82000732421875,88.1324234008789,32.355506896972656
2022-03-10,401.3736267089844,322.6156005859375,189.44773864746094,61.399925231933594,39.43685531616211,93.84664916992188,114.89569854736328,100.7835922241211,63.75347137451172,186.39999389648438,88.35225677490234,33.345497131347656
2022-03-11,396.2701721191406,315.9251403808594,186.4248809814453,60.736385345458984,38.61148452758789,93.82935333251953,115.28020477294922,100.74166107177734,63.29207992553711,185.08999633789062,87.65049743652344,33.0786247253418
2022-03-14,393.37408447265625,309.85797119140625,182.6154327392578,61.29376220703125,37.6772575378418,92.92056274414062,112.5885238647461,99.2830810546875,62.54127883911133,182.3000030517578,86.9656753540039,32.08863830566406
2022-03-15,402.0245056152344,319.5771789550781,185.524658203125,61.877689361572266,37.7316780090332,93.12830352783203,112.3919906616211,100.06266784667969,63.010528564453125,178.88999938964844,87.54903411865234,30.913564682006836
2022-03-16,410.9390869140625,331.4292907714844,191.3619384765625,64.09834289550781,40.77016830444336,93.19751739501953,113.49430084228516,100.91769409179688,63.89425277709961,180.00999450683594,88.58897399902344,30.77151870727539
2022-03-17,416.0803527832031,335.44158935546875,194.36590576171875,64.63801574707031,40.56155776977539,93.35334777832031,112.64836883544922,101.90682220458984,64.33219909667969,180.88999938964844,89.95864868164062,31.830373764038086
2022-03-18,420.6375732421875,342.30743408203125,196.41278076171875,65.26618194580078,41.14204025268555,93.56105041503906,114.02410125732422,102.1080093383789,64.5433578491211,179.3000030517578,89.95864868164062,31.80024528503418
2022-03-21,420.5145568847656,341.3557434082031,194.67857360839844,64.85920715332031,40.507137298583984,92.64361572265625,111.38372802734375,100.69135284423828,63.800384521484375,180.6699981689453,89.40909576416016,33.08216857910156
2022-03-22,425.4352111816406,348.06427001953125,196.63072204589844,65.46967315673828,41.2418098449707,92.39260864257812,109.95669555664062,100.44825744628906,64.12885284423828,179.36000061035156,89.63737487792969,32.83882522583008
2022-03-23,419.956298828125,343.06207275390625,193.21925354003906,64.6203384399414,40.96971130371094,92.7734375,112.36637115478516,100.7332763671875,63.92552947998047,181.80999755859375,88.63168334960938,33.40373229980469
2022-03-24,426.286865234375,350.687255859375,195.44107055664062,65.22193908691406,41.18739318847656,92.5656967163086,111.48625946044922,100.77519989013672,64.0584945678711,183.1300048828125,89.19277954101562,33.486297607421875
2022-03-25,428.36859130859375,350.3947448730469,195.70692443847656,65.25733184814453,40.86086654663086,91.83004760742188,109.93963623046875,99.97884368896484,63.59707260131836,182.3800048828125,90.30640411376953,34.22068786621094
2022-03-28,431.4156188964844,355.8161926269531,195.77340698242188,65.04499816894531,40.99692153930664,92.0550765991211,110.87953186035156,100.5321273803711,63.99592208862305,179.05999755859375,91.26702117919922,33.37331008911133
2022-03-29,436.7525939941406,361.93975830078125,201.0145263671875,66.48709869384766,41.69532012939453,92.48782348632812,111.71695709228516,101.37873077392578,64.78580474853516,179.13999938964844,93.94485473632812,33.286407470703125
2022-03-30,434.0558166503906,357.94189453125,196.9792022705078,66.21282958984375,41.57740783691406,92.73880767822266,112.5885238647461,101.61346435546875,64.59027099609375,180.5800018310547,93.2647705078125,33.67315673828125
2022-03-31,427.37506103515625,353.5052795410156,194.8998565673828,65.11577606201172,40.95157241821289,92.69554901123047,112.86198425292969,101.37873077392578,64.35565185546875,180.64999389648438,92.12564086914062,33.21688461303711
2022-04-01,428.5863342285156,352.83233642578125,197.0836944580078,65.72622680664062,41.63182830810547,92.53082275390625,113.29161834716797,101.71893310546875,64.35093688964844,179.5,93.91932678222656,33.486297607421875
2022-04-04,432.2578125,360.0968017578125,197.40647888183594,65.99164581298828,42.36650848388672,92.60883331298828,112.50423431396484,102.0717544555664,64.8377914428711,180.3699951171875,93.46027374267578,33.52975082397461
2022-04-05,426.7978515625,352.10113525390625,192.7350311279297,65.09808349609375,41.58647918701172,91.67268371582031,109.96251678466797,100.28251647949219,63.99759292602539,179.24000549316406,93.001220703125,33.00395202636719
2022-04-06,422.5301818847656,344.45654296875,190.0005645751953,64.31952667236328,41.042274475097656,91.43868255615234,109.07247161865234,99.69446563720703,63.49504089355469,179.66000366210938,94.10635375976562,33.19949722290039
2022-04-07,424.65924072265625,345.2755432128906,189.3833770751953,64.46107482910156,40.71574020385742,91.23930358886719,108.25090026855469,99.23249053955078,63.39296340942383,180.33999633789062,93.17125701904297,33.6340446472168
2022-04-08,423.5237731933594,340.4488525390625,187.87371826171875,64.48763275146484,40.75202560424805,90.7799072265625,107.07844543457031,98.45123291015625,63.00815963745117,181.47000122070312,93.32426452636719,34.559627532958984
2022-04-11,416.2847900390625,332.394775390625,186.6109161376953,63.80638885498047,40.244102478027344,90.38984680175781,105.38392639160156,97.49359893798828,62.57628631591797,182.3699951171875,92.32113647460938,33.52105712890625
2022-04-12,414.7423095703125,330.9906005859375,187.19955444335938,63.328636169433594,40.117122650146484,90.67589569091797,105.23844909667969,97.5608139038086,63.05528259277344,183.77000427246094,92.18512725830078,34.07727813720703
2022-04-13,419.4925842285156,337.71868896484375,190.7601318359375,64.00987243652344,40.643184661865234,90.85791778564453,105.4524154663086,98.06480407714844,63.43218994140625,184.64999389648438,92.83971405029297,34.58570098876953
2022-04-14,414.2691650390625,329.9960632324219,188.9086456298828,63.71791076660156,40.117122650146484,90.12117004394531,103.33856201171875,96.92237854003906,63.00815963745117,184.0399932861328,92.44017028808594,34.69868850708008
2022-04-18,414.4395751953125,330.2495422363281,187.63633728027344,63.3463249206543,39.98107147216797,89.84374237060547,102.82508850097656,96.18315124511719,62.906089782714844,184.61000061035156,92.06611633300781,35.20710754394531
2022-04-19,421.12969970703125,337.63092041015625,191.37725830078125,63.647125244140625,39.781524658203125,89.29765319824219,102.05485534667969,95.41873931884766,62.85111999511719,181.82000732421875,94.07234954833984,34.920291900634766
2022-04-20,420.8173828125,332.7067565917969,192.1083984375,64.0718002319336,39.54570388793945,89.8091049194336,104.1087875366211,96.40995788574219,63.04743576049805,182.7100067138672,95.63655853271484,35.055015563964844
2022-04-21,414.524658203125,325.82269287109375,187.80723571777344,63.381717681884766,38.78380584716797,89.31501770019531,103.33856201171875,95.38516235351562,62.61555480957031,182.05999755859375,94.97348022460938,33.94256591796875
2022-04-22,403.15045166015625,317.29083251953125,182.9459228515625,62.34659957885742,38.439151763916016,89.22835540771484,102.68815612792969,95.27591705322266,62.238643646240234,180.2899932861328,93.30725860595703,33.11258316040039
2022-04-25,405.48773193359375,321.3666076660156,184.05679321289062,62.045780181884766,38.15797805786133,89.82642364501953,103.71511840820312,96.33435821533203,62.76476287841797,177.0500030517578,93.0692367553711,32.01751708984375
2022-04-26,393.7444763183594,309.2366638183594,178.25547790527344,60.311710357666016,37.323524475097656,90.10379791259766,104.75923156738281,96.28398132324219,62.39567184448242,177.32000732421875,91.5390625,32.06097412109375
2022-04-27,394.8515930175781,308.8660888671875,177.51487731933594,60.585994720458984,37.75889205932617,89.73975372314453,103.41559600830078,95.35992431640625,62.08944320678711,175.97999572753906,90.93547821044922,32.530296325683594
2022-04-28,404.8253173828125,319.83575439453125,180.8285369873047,61.44416809082031,38.30309295654297,89.70507049560547,103.56964111328125,95.64555358886719,62.434940338134766,176.92999267578125,92.61017608642578,33.5167121887207
2022-04-29,389.8647766113281,305.4435729980469,175.6063995361328,60.7275390625,38.439151763916016,89.16766357421875,102.22602081298828,94.58712768554688,61.66539764404297,176.91000366210938,88.35966491699219,32.656307220458984
2022-05-02,392.2115783691406,310.543212890625,177.44842529296875,60.57714080810547,38.384727478027344,88.68226623535156,100.45406341552734,94.0263900756836,61.669334411621094,173.6300048828125,86.22590637207031,33.17777633666992
2022-05-03,394.009521484375,310.8747863769531,178.96759033203125,61.028350830078125,38.6659049987793,88.88197326660156,101.13130950927734,94.63257598876953,61.99254608154297,174.08999633789062,87.29705047607422,34.10770034790039
2022-05-04,406.0082092285156,321.3861389160156,183.7434844970703,62.0988655090332,39.083126068115234,89.45506286621094,101.68853759765625,95.55870819091797,62.62321472167969,175.8000030517578,88.3001708984375,35.524322509765625
2022-05-05,391.5774841308594,305.1997985839844,176.2900390625,60.09938430786133,37.64097595214844,88.56938934326172,98.90242767333984,94.09375,61.51168441772461,175.1300048828125,85.94538116455078,34.989830017089844
2022-05-06,389.24029541015625,301.5433044433594,173.35614013671875,59.515464782714844,37.12398147583008,88.1960220336914,97.44508361816406,93.29389953613281,61.164833068847656,175.4199981689453,84.92525482177734,36.03274917602539
2022-05-09,376.7778015136719,289.7447814941406,166.0640869140625,57.7194709777832,36.053707122802734,88.6301498413086,98.30232238769531,93.62226104736328,60.518402099609375,172.8800048828125,81.18480682373047,33.05175018310547
2022-05-10,377.6484680175781,293.2648620605469,166.1116180419922,58.15299606323242,36.226036071777344,88.89935302734375,99.19388580322266,94.0179672241211,60.86528015136719,171.4199981689453,79.70561981201172,33.351585388183594
2022-05-11,371.6490173339844,284.567138671875,161.98138427734375,57.807945251464844,35.97208023071289,89.22931671142578,101.10562133789062,94.45576477050781,60.50265121459961,172.82000732421875,79.53560638427734,33.79917526245117
2022-05-12,371.2610778808594,283.89434814453125,163.88034057617188,57.66638946533203,35.73625564575195,89.39430236816406,100.91699981689453,94.49786376953125,60.47900390625,170.1699981689453,80.15618133544922,33.94256591796875
2022-05-13,380.1370849609375,294.4153747558594,169.07398986816406,59.26773452758789,36.72489929199219,89.01220703125,99.42536926269531,94.00112915039062,60.54994583129883,168.7899932861328,82.27293395996094,35.102821350097656
2022-05-16,378.59466552734375,291.0026550292969,168.2669219970703,59.32083511352539,36.579776763916016,89.21195220947266,99.32247161865234,94.12738800048828,60.46324920654297,170.39999389648438,81.75437927246094,36.028404235839844
2022-05-17,386.38250732421875,298.5400390625,173.41310119628906,60.426734924316406,37.477718353271484,88.72570037841797,98.12229919433594,93.5886001586914,60.40806198120117,169.3300018310547,82.86801147460938,36.44557189941406
2022-05-18,370.8067932128906,283.884521484375,167.33645629882812,58.984622955322266,36.579776763916016,89.08171844482422,100.21405029296875,93.93377685546875,59.91141891479492,169.4199981689453,80.46221160888672,35.511295318603516
2022-05-19,368.53570556640625,282.3634948730469,167.61180114746094,59.55084991455078,37.16026306152344,89.30747985839844,100.45406341552734,94.18634796142578,60.313453674316406,171.91000366210938,80.10516357421875,35.38092803955078
2022-05-20,368.6965637207031,281.4858093261719,167.18455505371094,59.957828521728516,37.314449310302734,89.57662963867188,101.59423828125,94.6494140625,60.2740364074707,172.02999877929688,80.615234375,35.533023834228516
2022-05-23,375.59490966796875,286.166259765625,169.2069091796875,60.975257873535156,37.59563064575195,89.28141784667969,99.92256927490234,94.31263732910156,60.51054763793945,172.8300018310547,81.55036163330078,36.47165298461914
2022-05-24,372.727783203125,280.08184814453125,166.70030212402344,60.87793731689453,36.94257736206055,89.9673843383789,101.89427947998047,95.55026245117188,60.873172760009766,174.1300048828125,82.23892211914062,36.61070251464844
2022-05-25,376.0207824707031,284.0015563964844,169.7006378173828,60.89563751220703,37.12398147583008,90.34077453613281,102.29718780517578,96.53534698486328,61.79547119140625,173.0800018310547,82.93600463867188,37.3668098449707
2022-05-26,383.5342102050781,291.8704833984375,173.48907470703125,61.568023681640625,37.7044677734375,90.27130889892578,101.83428955078125,96.56059265136719,62.654720306396484,172.75999450683594,83.03801727294922,37.779632568359375
2022-05-27,392.94964599609375,301.39697265625,178.1605224609375,62.31119918823242,38.139835357666016,90.4189224243164,102.0828628540039,97.06575775146484,63.21442413330078,172.85000610351562,85.26529693603516,38.4705696105957
2022-05-31,390.7447814941406,300.5973815917969,175.94821166992188,61.93961715698242,38.674964904785156,89.84581756591797,99.92256927490234,96.35010528564453,62.670467376708984,171.13999938964844,84.21966552734375,37.89261245727539
2022-06-01,387.5842590332031,298.3742980957031,174.95127868652344,61.284915924072266,38.402870178222656,89.47697448730469,99.80834197998047,95.78804016113281,62.43864822387695,172.22999572753906,83.5225830078125,38.509681701660156
2022-06-02,394.9652099609375,306.54534912109375,179.22396850585938,62.55891418457031,39.06498718261719,89.59008026123047,99.85986328125,95.83024597167969,62.699798583984375,174.35000610351562,84.67022705078125,38.38800048828125
2022-06-03,388.48321533203125,298.5693054199219,177.6098175048828,61.66534423828125,38.430076599121094,89.44220733642578,99.64517974853516,95.52642059326172,62.23286819458008,172.5800018310547,83.53958129882812,38.896427154541016
2022-06-06,389.66607666015625,299.5638122558594,178.37890625,61.9130744934082,38.63869094848633,88.89418029785156,97.80736541748047,94.85125732421875,61.765987396240234,171.82000732421875,83.27604675292969,38.85297393798828
2022-06-07,393.40380859375,302.1477966308594,181.25584411621094,62.0988655090332,38.7566032409668,89.2334213256836,98.8636474609375,95.35762786865234,61.908416748046875,172.94000244140625,84.42369842529297,40.013214111328125
2022-06-08,389.1266174316406,299.973388671875,178.454833984375,61.23183059692383,38.965213775634766,88.86807250976562,97.98772430419922,94.80906677246094,61.37820053100586,172.77999877929688,82.47696685791016,40.100120544433594
2022-06-09,379.87213134765625,291.938720703125,174.75543212890625,59.945926666259766,38.04317855834961,88.77242279052734,98.31403350830078,94.18453216552734,60.88755798339844,172.22999572753906,80.52172088623047,39.213645935058594
2022-06-10,368.85748291015625,281.641845703125,170.01458740234375,58.49905014038086,37.622406005859375,88.08517456054688,97.70430755615234,93.27308654785156,59.85084533691406,174.5399932861328,78.73649597167969,38.54878234863281
2022-06-13,354.8526611328125,268.5465393066406,162.02748107910156,56.56385040283203,36.305213928222656,86.64114379882812,94.63842010498047,91.12098693847656,57.84872055053711,169.92999267578125,74.80052185058594,36.536827087402344
2022-06-14,353.7833557128906,269.0341796875,161.24684143066406,56.03031539916992,36.808311462402344,86.1279067993164,93.44473266601562,90.64840698242188,58.22857666015625,168.57000732421875,74.23096466064453,36.606353759765625
2022-06-15,358.8270568847656,275.7524108886719,163.6077423095703,57.07929229736328,37.29310607910156,87.08479309082031,95.18806457519531,92.06623077392578,59.3602180480957,170.77000427246094,75.99067687988281,35.798091888427734
2022-06-16,346.9512939453125,264.62677001953125,156.0299530029297,55.822322845458984,36.14970397949219,87.2935791015625,95.94379425048828,92.16751098632812,58.41849899291992,172.69000244140625,73.99292755126953,33.78178405761719
2022-06-17,347.69915771484375,267.8445129394531,157.2484893798828,55.59625244140625,36.28691101074219,87.28488159179688,96.25294494628906,92.35315704345703,58.60052490234375,171.27000427246094,74.55401611328125,31.934953689575195
2022-06-21,356.4520263671875,274.6020812988281,160.06634521484375,56.4372444152832,36.872337341308594,86.93689727783203,94.62125396728516,91.42481994628906,58.56095504760742,170.6300048828125,75.59112548828125,33.589385986328125
2022-06-22,355.8058166503906,274.2015380859375,159.76173400878906,56.05744171142578,36.21373748779297,87.67632293701172,97.22339630126953,92.09156799316406,58.545108795166016,171.30999755859375,76.5517578125,32.2447509765625
2022-06-23,359.2936096191406,278.28521728515625,161.67523193359375,55.994140625,36.32350540161133,88.04168701171875,98.0220718383789,92.80044555664062,58.964534759521484,170.25999450683594,78.0061264038086,31.049524307250977
2022-06-24,370.7169494628906,287.8202819824219,166.6826629638672,57.66708755493164,37.1833381652832,87.90245056152344,96.66517639160156,92.9101791381836,59.38396453857422,170.08999633789062,79.66583251953125,31.458181381225586
2022-06-27,369.3009338378906,285.7100830078125,167.30142211914062,57.42293167114258,37.22907638549805,87.51105499267578,95.84078216552734,92.05780792236328,59.01991271972656,169.89999389648438,79.54605865478516,32.380977630615234
2022-06-28,361.7550354003906,277.0054016113281,164.15989685058594,57.034080505371094,37.00040054321289,87.54582977294922,96.28730773925781,92.03246307373047,58.371009826660156,169.6199951171875,78.5793228149414,33.25541687011719
2022-06-29,361.46044921875,277.25946044921875,162.49391174316406,56.81705093383789,36.85404586791992,88.05036926269531,97.79019927978516,92.5810317993164,58.283958435058594,169.49000549316406,78.09166717529297,32.09973907470703
2022-06-30,358.5238037109375,273.8205261230469,161.227783203125,56.50959014892578,36.68024444580078,88.45050811767578,98.64897918701172,92.85954284667969,58.25230407714844,168.4600067138672,77.94624328613281,31.42302894592285
2022-07-01,362.3157043457031,275.6279296875,163.1793670654297,56.645233154296875,36.45156478881836,89.18780517578125,99.66178894042969,94.03326416015625,58.807952880859375,168.32000732421875,79.34928131103516,31.893218994140625
2022-07-05,362.9999694824219,280.3465881347656,164.53114318847656,55.4334716796875,36.16800308227539,89.3533706665039,100.44481658935547,94.00786590576172,58.7523307800293,164.75,79.1268539428711,30.62767791748047
2022-07-06,364.22601318359375,282.1441955566406,163.31265258789062,55.47869110107422,35.94847106933594,88.75203704833984,98.75823974609375,93.54241943359375,58.529727935791016,162.13999938964844,78.98140716552734,30.104768753051758
2022-07-07,369.68109130859375,288.1817626953125,167.17767333984375,56.31968307495117,36.67109680175781,88.55162811279297,97.88916015625,93.53398895263672,59.48361587524414,162.22999572753906,79.19529724121094,31.190143585205078
2022-07-08,369.376953125,288.5433044433594,167.1586456298828,56.38298416137695,36.67109680175781,88.22045135498047,96.80496215820312,93.38166046142578,59.53132629394531,162.3000030517578,78.77609252929688,31.17696189880371
2022-07-11,365.15740966796875,282.378662109375,163.7981719970703,55.46964645385742,35.692352294921875,88.63005828857422,98.47433471679688,93.6440200805664,59.197471618652344,161.42999267578125,78.60498046875,30.878149032592773
2022-07-12,361.92608642578125,279.6431884765625,163.23651123046875,55.46060562133789,35.55514144897461,88.75203704833984,99.05944061279297,93.77938842773438,59.435951232910156,160.8300018310547,78.29700469970703,30.27614402770996
2022-07-13,360.0253601074219,279.0667419433594,163.0936737060547,55.4334716796875,35.47281265258789,89.07449340820312,100.19526672363281,94.48175811767578,59.37234115600586,161.60000610351562,77.92057037353516,30.227813720703125
2022-07-14,359.1510009765625,280.06329345703125,161.41818237304688,54.65577697753906,35.15266799926758,88.76075744628906,99.3778076171875,93.88094329833984,59.261070251464844,159.3300018310547,77.21904754638672,29.656557083129883
2022-07-15,366.01263427734375,285.1434631347656,164.77865600585938,55.52391052246094,35.33560562133789,89.10936737060547,99.93714904785156,94.63411712646484,60.01622009277344,159.00999450683594,78.52799224853516,30.13991928100586
2022-07-18,362.990478515625,282.7303161621094,164.3122100830078,55.74998092651367,35.58258819580078,88.82176971435547,98.89591217041016,93.97402954101562,59.435951232910156,159.16000366210938,77.97190856933594,30.829814910888672
2022-07-19,372.7982177734375,291.4252014160156,170.1097869873047,57.26919937133789,36.16800308227539,88.69978332519531,98.36243438720703,94.23635864257812,60.222896575927734,159.5399932861328,79.99092102050781,31.778968811035156
2022-07-20,375.1741638183594,296.0462341308594,172.77536010742188,56.88939666748047,36.01250076293945,88.63875579833984,98.6205825805664,94.13481140136719,60.485233306884766,158.0399932861328,79.80271911621094,32.08655548095703
2022-07-21,378.99462890625,300.2959899902344,173.6606903076172,57.47718811035156,36.42412185668945,89.37953186035156,100.32434844970703,95.42110443115234,61.20064926147461,160.27000427246094,80.4358139038086,31.52409553527832
2022-07-22,375.478271484375,295.03021240234375,170.89041137695312,57.33250427246094,36.05823516845703,90.07669830322266,102.01091003417969,96.15731048583984,61.12117004394531,160.6699981689453,80.8550033569336,31.26484489440918
2022-07-25,375.9344482421875,293.34979248046875,171.77574157714844,57.775604248046875,36.18629455566406,89.74555969238281,101.01274108886719,95.34490203857422,61.10528564453125,160.22999572753906,80.99188232421875,32.41172409057617
2022-07-26,371.4868469238281,287.58587646484375,170.7190399169922,56.970787048339844,35.90272903442383,89.72810363769531,101.09017944335938,95.32798767089844,60.67601776123047,160.0399932861328,81.07743835449219,32.1173095703125
2022-07-27,381.1329345703125,299.7391662597656,174.60313415527344,58.31818389892578,36.57048034667969,90.04185485839844,100.52227783203125,95.9626693725586,61.343746185302734,161.6699981689453,81.5650863647461,32.84235763549805
2022-07-28,385.9131774902344,302.6699523925781,177.00213623046875,58.616607666015625,36.72597885131836,90.68673706054688,101.3224868774414,96.75812530517578,61.971717834472656,163.63999938964844,84.2086410522461,33.026920318603516
2022-07-29,391.5393981933594,308.1897888183594,178.25877380371094,59.43047332763672,36.55217742919922,90.69544982910156,101.04714965820312,96.98661041259766,62.15457534790039,164.10000610351562,84.66206359863281,34.45943832397461
2022-08-01,390.3798828125,308.0041198730469,178.1920928955078,59.5118522644043,36.241180419921875,91.00981140136719,103.48074340820312,97.17829895019531,62.17372512817383,165.02999877929688,83.9776382446289,33.74757385253906
2022-08-02,387.804443359375,307.0858459472656,178.02076721191406,58.562347412109375,36.067386627197266,90.07553100585938,101.29112243652344,95.99075317382812,61.88639450073242,164.0500030517578,82.89968872070312,33.66847229003906
2022-08-03,393.87725830078125,315.4485168457031,180.6387176513672,58.905975341796875,36.350948333740234,90.4771728515625,102.88591003417969,97.03411102294922,62.429073333740234,164.4499969482422,83.1649169921875,32.701751708984375
2022-08-04,393.6112060546875,316.9237365722656,180.25790405273438,59.20439529418945,36.60707092285156,90.6954574584961,102.85142517089844,97.18680572509766,62.596675872802734,167.1699981689453,83.03656768798828,31.48894500732422
2022-08-05,392.9459228515625,314.3348388671875,181.6383056640625,58.788421630859375,36.64365768432617,89.68258666992188,100.40322875976562,95.87195587158203,62.2774658203125,165.2899932861328,83.26756286621094,32.11293029785156
2022-08-08,392.48974609375,313.3188171386719,183.56129455566406,58.924072265625,36.68939208984375,90.0929946899414,102.02387237548828,96.25369262695312,62.333309173583984,166.69000244140625,84.0118637084961,32.279911041259766
2022-08-09,390.9311828613281,309.7724914550781,181.0575714111328,58.6075553894043,36.55217742919922,89.89214324951172,101.6272964477539,95.82107543945312,61.87045669555664,167.1999969482422,84.47384643554688,32.84675598144531
2022-08-10,399.14227294921875,318.4184265136719,186.22683715820312,59.92784118652344,37.00953674316406,90.11919403076172,100.96354675292969,96.72872161865234,62.796146392822266,166.77999877929688,85.75711059570312,33.08405303955078
2022-08-11,399.14227294921875,316.6111145019531,186.92181396484375,59.90975570678711,37.1558952331543,89.6389389038086,98.610107421875,95.79563903808594,62.43706512451172,166.33999633789062,85.55179595947266,34.222145080566406
2022-08-12,405.89935302734375,322.7757568359375,190.7392578125,60.37095260620117,37.54922866821289,90.04058074951172,99.610107421875,96.9068832397461,62.99567413330078,167.8699951171875,87.02327728271484,34.481407165527344
2022-08-15,407.572021484375,325.3841552734375,191.41517639160156,60.00922775268555,37.375431060791016,90.15409088134766,99.52391815185547,96.8390121459961,62.88395690917969,165.7100067138672,87.37403869628906,33.8090934753418
2022-08-16,408.3702697753906,324.6221618652344,191.3390350341797,59.99113082885742,37.36628341674805,90.02312469482422,99.93768310546875,96.46575164794922,62.588661193847656,165.4199981689453,87.14305877685547,33.7299919128418
2022-08-17,405.4716491699219,320.9195251464844,188.12130737304688,59.5118522644043,37.210784912109375,89.49051666259766,98.8946304321289,95.55812072753906,61.942317962646484,164.35000610351562,86.6211929321289,34.01123046875
2022-08-18,406.650146484375,321.6912841796875,189.36837768554688,59.31291198730469,37.00040054321289,89.68258666992188,99.0411376953125,95.80411529541016,62.03804016113281,163.9199981689453,86.04801177978516,34.925228118896484
2022-08-19,401.185546875,315.41925048828125,185.30343627929688,58.49905014038086,36.4973030090332,89.05390930175781,97.4463882446289,94.66742706298828,61.40761184692383,162.72000122070312,85.14114379882812,34.916439056396484
2022-08-22,392.83184814453125,307.1150817871094,181.4859619140625,57.50431823730469,36.177154541015625,88.66973114013672,97.1187744140625,94.0312271118164,60.71335220336914,161.63999938964844,83.28466033935547,34.85051727294922
2022-08-23,391.8814392089844,306.86114501953125,181.78111267089844,57.53144073486328,36.369239807128906,88.63479614257812,96.58430480957031,94.13301849365234,60.864933013916016,162.77000427246094,82.21526336669922,36.10726547241211
2022-08-24,393.1360168457031,307.7502136230469,183.17100524902344,57.60379409790039,36.36009216308594,88.39904022216797,95.87744903564453,93.85307312011719,60.936790466308594,163.25,82.68582153320312,36.551082611083984
2022-08-25,398.68609619140625,313.1917419433594,186.01739501953125,58.23680114746094,37.14675521850586,88.88802337646484,97.21359252929688,94.82009887695312,61.51136016845703,163.75,83.9177474975586,36.832313537597656
2022-08-26,385.19097900390625,300.3546142578125,179.9056854248047,56.70853805541992,36.59791564941406,88.72212219238281,97.9463882446289,94.25177764892578,60.49786376953125,161.75999450683594,81.80462646484375,36.401676177978516
2022-08-29,382.6440124511719,297.3945007324219,178.24925231933594,56.58193588256836,36.369239807128906,88.29428100585938,97.13602447509766,93.55616760253906,60.26643371582031,161.86000061035156,81.06889343261719,36.95094680786133
2022-08-30,378.4433898925781,294.0825500488281,175.7550506591797,56.17499923706055,35.9393196105957,88.40780639648438,97.3774185180664,93.6749496459961,59.803585052490234,160.50999450683594,79.9481430053711,35.698612213134766
2022-08-31,375.56390380859375,292.3728942871094,174.68881225585938,55.795196533203125,36.067386627197266,87.936279296875,96.4463882446289,92.69094848632812,59.47641372680664,159.27000427246094,79.57171630859375,35.37342834472656
2022-09-01,376.7423095703125,292.4998779296875,172.7848663330078,55.04462432861328,35.78382110595703,87.5548095703125,94.68062591552734,92.13292694091797,59.63359832763672,157.8699951171875,79.71715545654297,34.50337219238281
2022-09-02,372.7697448730469,288.36737060546875,171.4425811767578,54.68291091918945,35.45452117919922,87.80854034423828,95.21625518798828,92.20096588134766,59.59349060058594,159.25999450683594,78.60498046875,35.136146545410156
2022-09-06,371.3631896972656,286.2962341308594,169.74806213378906,54.54725646972656,35.033748626708984,86.98611450195312,92.85785675048828,90.95054626464844,59.43309783935547,158.3300018310547,79.3150634765625,34.81097412109375
2022-09-07,378.0347595214844,292.0798645019531,173.44174194335938,55.02653884887695,35.344757080078125,87.58981323242188,94.326416015625,92.19246673583984,60.29118347167969,159.94000244140625,80.86355590820312,34.40671157836914
2022-09-08,380.5057067871094,293.5940856933594,174.88873291015625,55.062713623046875,35.15266799926758,87.3098373413086,93.3589096069336,91.97980499267578,60.55583572387695,158.97999572753906,81.08599853515625,34.55610275268555
2022-09-09,386.41693115234375,300.0125732421875,178.4015655517578,56.46437454223633,35.67405319213867,87.3010482788086,93.56623840332031,92.19246673583984,60.79641342163086,159.82000732421875,81.96717071533203,35.4173698425293
2022-09-12,390.5700378417969,303.5784912109375,180.56256103515625,57.25111770629883,36.204593658447266,87.16985321044922,92.79737854003906,91.98831939697266,60.98086929321289,160.6300048828125,82.7627944946289,36.06771469116211
2022-09-13,373.5870361328125,286.9312744140625,173.4988555908203,55.261653900146484,35.0886344909668,86.67987823486328,93.01336669921875,91.32483673095703,59.59349060058594,158.5399932861328,79.5973892211914,35.15810775756836
2022-09-14,375.0125427246094,289.2075500488281,174.17477416992188,55.44252014160156,35.26242446899414,86.79360961914062,93.33300018310547,91.7586441040039,59.68168640136719,157.92999267578125,78.69054412841797,36.15119552612305
2022-09-15,370.7549743652344,284.3912048339844,172.9086151123047,54.95419692993164,34.88739776611328,86.53112030029297,93.27250671386719,91.31632232666016,59.30479049682617,154.97999572753906,77.23615264892578,35.21963882446289
2022-09-16,367.9264831542969,282.6522521972656,170.3953857421875,54.619606018066406,34.567237854003906,86.46986389160156,92.49502563476562,91.10366821289062,59.50526428222656,155.83999633789062,77.2447280883789,34.46822738647461
2022-09-19,370.77972412109375,284.8533020019531,171.8518829345703,54.80950927734375,34.677005767822266,86.33863830566406,92.71098327636719,91.25675964355469,59.72980499267578,155.9600067138672,77.13350677490234,34.48866271972656
2022-09-20,366.52374267578125,282.5827941894531,169.51004028320312,53.87808609008789,34.484920501708984,85.95367431640625,91.78663635253906,90.34656524658203,59.12032699584961,155.07000732421875,75.25991821289062,34.248783111572266
2022-09-21,360.1302185058594,277.5228271484375,166.920654296875,53.1727294921875,33.90864562988281,86.22489166259766,93.32434844970703,90.68685150146484,58.94389343261719,155.7899932861328,74.07073974609375,33.7468147277832
2022-09-22,357.1051330566406,274.10711669921875,163.1603240966797,53.01899719238281,33.74399185180664,85.30622100830078,90.9400405883789,89.41085815429688,58.591033935546875,155.6999969482422,73.12966918945312,33.62688446044922
2022-09-23,351.12188720703125,269.64422607421875,159.27622985839844,51.32796096801758,32.911598205566406,85.04374694824219,91.31149291992188,89.15567779541016,57.845211029052734,153.00999450683594,72.15766906738281,31.30809783935547
2022-09-26,347.64837646484375,268.5284423828125,157.0954132080078,50.56835174560547,32.50912094116211,83.9500503540039,89.56649780273438,87.60752868652344,57.16355514526367,151.22999572753906,70.13404846191406,30.53961181640625
2022-09-27,346.76092529296875,268.6360778808594,157.6313018798828,50.2247200012207,32.472530364990234,83.59135437011719,87.20809936523438,86.2890396118164,57.04327392578125,151.5399932861328,69.20008850097656,30.881654739379883
2022-09-28,353.5838928222656,273.97991943359375,162.61679077148438,51.43647766113281,32.756099700927734,84.93873596191406,90.12802124023438,88.02432250976562,58.06174850463867,154.69000244140625,70.63563537597656,32.24982833862305
2022-09-29,346.1979064941406,266.08172607421875,158.97097778320312,50.83060073852539,32.024322509765625,84.49253845214844,89.66152954101562,87.36933898925781,57.516414642333984,154.66000366210938,68.56015014648438,32.24982833862305
2022-09-30,340.844482421875,261.56982421875,157.8131103515625,50.64973831176758,31.905412673950195,84.29129028320312,88.50392150878906,87.1481704711914,57.25177001953125,154.6699981689453,69.32980346679688,31.9921817779541
2022-10-03,349.8431701660156,267.7063293457031,161.99478149414062,51.653507232666016,32.426795959472656,84.97614288330078,89.91021728515625,88.7603530883789,58.00208282470703,158.42999267578125,70.56645965576172,33.80012512207031
2022-10-04,360.6836242675781,276.12322998046875,168.41563415527344,53.72434997558594,33.487876892089844,85.2041015625,89.65907287597656,89.17003631591797,59.251277923583984,160.6999969482422,71.99335479736328,35.25270462036133
2022-10-05,359.8439025878906,275.9764099121094,167.1716766357422,53.15464401245117,33.50617218017578,84.75691223144531,88.80182647705078,88.49581146240234,59.017547607421875,159.80999755859375,70.58374786376953,35.98121643066406
2022-10-06,356.1318359375,273.8037109375,166.23390197753906,52.22321319580078,33.304931640625,84.42369079589844,88.30823516845703,88.29096984863281,58.840248107910156,159.6300048828125,68.62068939208984,36.62088394165039
2022-10-07,346.1979064941406,263.3707580566406,161.34410095214844,51.391265869140625,32.60974884033203,83.97650146484375,87.4509506225586,87.41191101074219,58.12298583984375,157.8800048828125,66.96894073486328,36.33658981323242
2022-10-10,343.5545959472656,260.7379150390625,160.44459533691406,51.10188674926758,32.15238952636719,83.59945678710938,86.09142303466797,86.6266860961914,57.413761138916016,155.47999572753906,66.337646484375,35.590301513671875
2022-10-11,341.3788757324219,257.1558837890625,160.49241638183594,50.54122543334961,31.640138626098633,83.6520767211914,86.47241973876953,86.44747924804688,57.591060638427734,155.16000366210938,67.0121841430664,35.30601119995117
2022-10-12,340.25286865234375,257.0677795410156,160.05227661132812,50.37845230102539,31.676727294921875,83.72222137451172,86.896728515625,86.34506225585938,57.68778610229492,155.99000549316406,66.31170654296875,35.590301513671875
2022-10-13,349.23248291015625,263.0965576171875,164.0138397216797,51.41839599609375,31.768198013305664,83.45916748046875,86.06544494628906,86.4986801147461,57.81672286987305,154.91000366210938,67.52242279052734,37.042877197265625
2022-10-14,341.27386474609375,255.1885986328125,159.62168884277344,50.64973831176758,31.29254722595215,83.00318145751953,85.35537719726562,85.67082214355469,57.6313591003418,152.97999572753906,65.84473419189453,35.661376953125
2022-10-17,350.0435485839844,263.6153259277344,164.71243286132812,51.89767074584961,32.15238952636719,83.17857360839844,84.93972778320312,86.08051300048828,58.34056854248047,153.4199981689453,68.32666778564453,36.1055908203125
2022-10-18,354.156494140625,265.699951171875,166.66448974609375,52.2684326171875,32.161529541015625,83.31885528564453,85.1388931274414,86.59255981445312,58.75159454345703,153.75,69.07037353515625,36.42098617553711
2022-10-19,351.6466979980469,264.73101806640625,163.83206176757812,51.626380920410156,31.576107025146484,82.5998306274414,83.58887481689453,85.4062271118164,58.18745422363281,151.69000244140625,67.34944915771484,37.495967864990234
2022-10-20,348.69805908203125,263.38043212890625,161.74603271484375,51.508819580078125,31.777347564697266,82.10002136230469,82.16007232666016,84.66371154785156,57.86507034301758,151.4499969482422,67.05543518066406,37.53150939941406
2022-10-21,357.1719665527344,269.55615234375,165.2578125,52.44024658203125,32.26214599609375,82.2227783203125,80.67931365966797,84.90270233154297,58.421165466308594,154.14999389648438,67.58294677734375,38.61539077758789
2022-10-24,361.5424499511719,272.5216064453125,165.96597290039062,52.44929122924805,31.036428451538086,82.10882568359375,80.01255798339844,84.86004638671875,58.46144485473633,153.64999389648438,67.57430267333984,38.79751968383789
2022-10-25,367.31573486328125,278.1589660644531,170.4921417236328,53.60679626464844,31.29254722595215,82.91549682617188,82.34192657470703,85.9951400756836,59.02561569213867,154.0,70.22917938232422,38.83749771118164
2022-10-26,364.5483703613281,272.0126647949219,171.33421325683594,54.113197326660156,31.804792404174805,83.28379821777344,83.52825927734375,86.38776397705078,59.186798095703125,154.97999572753906,70.18595886230469,39.36611557006836
2022-10-27,362.6016845703125,267.0603942871094,171.3724822998047,53.60679626464844,31.557819366455078,83.70470428466797,84.40284729003906,86.78887939453125,59.62198257446289,154.74000549316406,70.28971862792969,39.508262634277344
2022-10-28,371.228271484375,275.2325744628906,175.26708984375,54.14033126831055,31.36573028564453,83.49422454833984,83.82269287109375,86.96810150146484,60.08138656616211,153.16000366210938,71.8376693725586,39.645965576171875
2022-10-31,368.5467834472656,272.0322265625,175.4297332763672,53.63392639160156,31.274250030517578,83.213623046875,83.22517395019531,86.4986801147461,59.17874526977539,151.91000366210938,71.75985717773438,39.979129791259766
2022-11-01,366.9340515136719,269.2527160644531,175.6689910888672,54.05894088745117,31.850526809692383,83.36832427978516,84.00296783447266,87.12106323242188,59.5346794128418,153.4600067138672,71.73389434814453,40.365596771240234
2022-11-02,357.72540283203125,260.02349853515625,169.8414306640625,53.27220153808594,31.585256576538086,83.22767639160156,83.63835906982422,86.70157623291016,58.992652893066406,152.38999938964844,69.76219177246094,39.392765045166016
2022-11-03,354.04193115234375,254.94400024414062,168.7027130126953,52.8200569152832,31.768198013305664,82.92008972167969,83.1869888305664,86.39337158203125,58.57197570800781,151.80999755859375,69.66706848144531,40.12126541137695
2022-11-04,359.1377868652344,259.04473876953125,170.98013305664062,54.93611526489258,33.11284255981445,82.91133117675781,81.78941345214844,86.5645980834961,58.97648239135742,156.47000122070312,70.61834716796875,40.609901428222656
2022-11-07,362.5730895996094,261.89276123046875,171.7552490234375,55.10792922973633,33.131134033203125,82.64767456054688,80.97341918945312,86.24785614013672,58.96836471557617,155.85000610351562,70.61834716796875,41.30732345581055
2022-11-08,364.529296875,263.80133056640625,171.8222198486328,55.731895446777344,33.36895751953125,82.99917602539062,81.85884094238281,86.60740661621094,58.91175842285156,159.4499969482422,70.83452606201172,41.34729766845703
2022-11-09,357.0192565917969,257.7137451171875,167.1046600341797,54.95419692993164,32.79267883300781,83.09585571289062,82.12793731689453,86.38481140136719,58.207923889160156,158.64999389648438,70.10811614990234,39.32612991333008
2022-11-10,376.6389465332031,276.7300720214844,177.3914337158203,58.0378532409668,33.9818229675293,84.87994384765625,85.28771209716797,89.2783203125,60.02009201049805,163.47999572753906,75.23627471923828,40.201229095458984
2022-11-11,380.2843017578125,281.8291015625,178.84593200683594,59.19535446166992,34.90568923950195,84.81842803955078,84.97521209716797,89.51799774169922,60.23040771484375,164.55999755859375,75.22763061523438,41.369503021240234
2022-11-14,377.04925537109375,279.36279296875,176.8459930419922,58.57138442993164,34.69530487060547,84.58113861083984,84.76685333251953,89.06429290771484,59.78549575805664,164.9199981689453,73.394287109375,41.35618591308594
2022-11-15,380.2651672363281,283.22869873046875,179.4679412841797,58.960235595703125,35.491111755371094,85.20511627197266,86.13841247558594,90.30557250976562,60.31135940551758,165.5,74.18990325927734,41.79151153564453
2022-11-16,377.3642578125,279.36279296875,176.31011962890625,58.8245964050293,34.92398452758789,85.73243713378906,88.02213287353516,91.0760269165039,60.1818962097168,165.1199951171875,73.51536560058594,40.938621520996094
2022-11-17,376.2095642089844,278.7462158203125,174.673828125,58.79745864868164,34.98801803588867,85.37211608886719,87.09326934814453,90.58806610107422,59.923011779785156,163.9199981689453,73.0137939453125,41.0274658203125
2022-11-18,377.91766357421875,278.7559814453125,175.802978515625,58.9150276184082,34.786773681640625,85.24906158447266,86.49434661865234,90.57955169677734,60.052452087402344,162.7899932861328,73.9391098022461,40.70319747924805
2022-11-21,376.54345703125,275.8883972167969,174.8843536376953,58.471920013427734,34.34770584106445,85.19633483886719,86.85892486572266,90.44253540039062,60.028175354003906,161.8800048828125,74.3282699584961,40.152374267578125
2022-11-22,381.61065673828125,279.8619689941406,176.75033569335938,59.28578186035156,34.43003463745117,85.63578033447266,88.0915756225586,91.24723052978516,60.46504211425781,162.07000732421875,74.73471069335938,41.409488677978516
2022-11-23,384.0154724121094,282.67083740234375,177.20962524414062,59.936885833740234,34.71359634399414,86.14550018310547,89.62804412841797,92.16322326660156,60.80485153198242,163.0800018310547,74.79524230957031,40.96084213256836
2022-11-25,383.92950439453125,280.811279296875,177.58279418945312,60.24434280395508,34.5489501953125,86.16309356689453,89.32422637939453,92.25736236572266,60.68349838256836,163.22000122070312,75.27088928222656,40.80979919433594
2022-11-28,377.8031921386719,276.6908874511719,174.00396728515625,59.466644287109375,34.3934440612793,86.02244567871094,89.57596588134766,91.58964538574219,60.04438018798828,161.92999267578125,73.25592803955078,39.69038391113281
2022-11-29,377.1542663574219,274.5965270996094,174.51113891601562,59.63845443725586,35.13436508178711,85.71485137939453,88.5256118774414,91.13594818115234,60.30323791503906,162.72999572753906,74.46662902832031,40.290077209472656
2022-11-30,389.03485107421875,287.1140441894531,179.29566955566406,60.69648361206055,36.14970397949219,86.38280487060547,89.17666625976562,92.24882507324219,61.20933532714844,164.80999755859375,76.1702651977539,40.48997116088867
2022-12-01,388.7486267089844,287.46649169921875,178.90335083007812,61.284278869628906,36.030792236328125,87.10159301757812,92.02546691894531,93.4030532836914,61.435997009277344,167.83999633789062,76.0059585571289,40.356712341308594
2022-12-02,388.3001403808594,286.32135009765625,179.9463653564453,61.23907470703125,36.16800308227539,87.46276092529297,93.1827392578125,93.96985626220703,61.38726806640625,167.25999450683594,75.7811050415039,40.116825103759766
2022-12-05,381.31488037109375,281.51593017578125,174.9895782470703,60.43425369262695,35.756378173828125,86.77565002441406,91.87753295898438,93.17120361328125,60.80231475830078,164.38999938964844,74.3974380493164,38.92634201049805
2022-12-06,375.81829833984375,275.6827697753906,172.31024169921875,60.16294860839844,35.71064376831055,87.03112030029297,93.06092834472656,93.45458984375,60.582942962646484,164.83999633789062,73.69696044921875,37.900211334228516
2022-12-07,375.1789245605469,274.5573425292969,171.80307006835938,60.16294860839844,35.50025939941406,87.8062744140625,95.25369262695312,94.49371337890625,60.916046142578125,166.3300018310547,73.84397888183594,37.81136703491211
2022-12-08,378.11810302734375,277.8066101074219,173.04708862304688,60.47041702270508,35.930171966552734,87.54203033447266,94.99263000488281,94.19316101074219,60.96480941772461,166.47000122070312,74.36284637451172,37.6425666809082
2022-12-09,375.29339599609375,276.03515625,170.92274475097656,60.506591796875,35.692352294921875,87.0223159790039,92.52146911621094,93.48892211914062,60.96480941772461,167.05999755859375,74.2244873046875,36.72748565673828
2022-12-12,380.7041320800781,279.499755859375,172.93223571777344,60.68745040893555,35.58258819580078,87.03990936279297,92.81732177734375,93.36869812011719,61.20039367675781,165.67999267578125,74.79524230957031,37.691436767578125
2022-12-13,383.58599853515625,282.50439453125,174.36460876464844,61.54815673828125,35.837039947509766,87.62129211425781,93.71354675292969,94.18460083007812,61.83409118652344,168.50999450683594,76.17889404296875,38.40660858154297
2022-12-14,381.1335754394531,280.4100036621094,173.22064208984375,61.49368667602539,35.85560989379883,87.8150863647461,94.11380004882812,94.27044677734375,61.4847412109375,168.10000610351562,75.66001892089844,38.17117691040039
2022-12-15,371.81036376953125,270.9948425292969,168.8850555419922,59.92296600341797,35.02910232543945,87.94400024414062,94.48101806640625,94.34968566894531,61.25278091430664,165.35000610351562,74.64823150634766,37.94019317626953
2022-12-16,367.42071533203125,268.41107177734375,167.62574768066406,59.39638137817383,35.131256103515625,87.71443176269531,93.42560577392578,93.94483184814453,60.926109313964844,166.7899932861328,72.71976470947266,37.47377014160156
2022-12-19,364.3050537109375,264.63885498046875,165.35702514648438,59.25111770629883,35.15911102294922,87.1758804321289,91.85556030273438,92.9972915649414,60.61577224731445,166.32000732421875,71.79444885253906,37.46928024291992
2022-12-20,364.8035888671875,264.4328918457031,166.2318115234375,59.48716735839844,35.14982986450195,86.5843734741211,90.2244873046875,91.90332794189453,60.46059036254883,169.0800018310547,71.61283111572266,38.034751892089844
2022-12-21,370.25836181640625,268.2687683105469,169.0965576171875,60.104557037353516,35.46556854248047,86.82275390625,90.45124816894531,92.53215026855469,60.97514343261719,168.8000030517578,72.22683715820312,38.75729751586914
2022-12-22,364.9761962890625,261.70556640625,166.88555908203125,59.61428451538086,35.14982986450195,86.79623413085938,90.4338150024414,92.50627136230469,60.59943771362305,166.75999450683594,71.92339324951172,37.86421203613281
2022-12-23,367.0756530761719,262.2941589355469,167.6449432373047,59.82310485839844,35.103397369384766,86.49608612060547,89.10802459716797,92.22203063964844,60.75460433959961,167.25999450683594,72.56361389160156,39.07145309448242
2022-12-27,365.6280212402344,258.585693359375,166.52020263671875,59.91389465332031,35.623443603515625,85.86920928955078,87.34608459472656,91.03329467773438,60.12574768066406,168.6699981689453,72.53730773925781,39.488826751708984
2022-12-28,361.0840759277344,255.1717071533203,163.9342498779297,59.278350830078125,35.103397369384766,85.71913146972656,86.83148956298828,90.74903869628906,59.31720733642578,167.91000366210938,71.30072021484375,38.60470962524414
2022-12-29,367.58367919921875,261.3916015625,168.08718872070312,60.21350860595703,35.688453674316406,86.03697204589844,87.8171157836914,91.39506530761719,60.084896087646484,168.85000610351562,72.86178588867188,39.00862121582031
2022-12-30,366.615478515625,261.234619140625,167.61611938476562,59.59612274169922,35.196258544921875,85.63082885742188,86.84019470214844,90.81790161132812,60.13391876220703,169.63999938964844,72.33558654785156,39.255455017089844
2023-01-03,365.0720520019531,259.46868896484375,166.6932373046875,60.12272644042969,35.49343490600586,86.13406372070312,88.4974594116211,91.4467544555664,60.24822998046875,171.05999755859375,72.4057388305664,37.8776741027832
2023-01-04,367.8905334472656,260.7048645019531,168.7696990966797,60.921695709228516,36.5613899230957,86.61084747314453,89.70986938476562,92.11003112792969,60.942440032958984,172.6699981689453,74.0457534790039,37.87318420410156
2023-01-05,363.69158935546875,256.6236877441406,166.96240234375,60.31338119506836,36.449947357177734,86.54019165039062,90.08492279052734,92.04115295410156,60.81996154785156,170.52000427246094,72.05494689941406,38.56431579589844
2023-01-06,372.03179931640625,263.706787109375,170.71160888671875,61.85685729980469,37.21145248413086,87.48487854003906,91.7421875,93.5486068725586,61.6856689453125,173.7100067138672,73.99313354492188,39.29584503173828
2023-01-09,371.82086181640625,265.4139404296875,171.0,62.120155334472656,37.490055084228516,87.70562744140625,92.23065185546875,93.91899108886719,61.90617752075195,174.10000610351562,74.01944732666016,39.15672302246094
2023-01-10,374.42840576171875,267.6605224609375,173.52822875976562,62.301734924316406,37.75936508178711,87.3701171875,90.70419311523438,93.60029602050781,61.83265686035156,174.74000549316406,74.18606567382812,39.43497848510742
2023-01-11,379.16412353515625,272.29107666015625,175.6912384033203,62.77385330200195,37.917232513427734,87.9087142944336,92.17827606201172,94.40138244628906,62.241004943847656,174.6199951171875,76.84341430664062,39.55613708496094
2023-01-12,380.54461669921875,273.76263427734375,178.64247131347656,63.69993591308594,38.10297393798828,88.54438018798828,93.99256134033203,95.46954345703125,62.59220504760742,176.63999938964844,77.81688690185547,40.31010437011719
2023-01-13,382.0208740234375,275.6463317871094,179.8153076171875,64.03587341308594,38.353702545166016,88.2176742553711,93.11158752441406,95.15941619873047,62.59220504760742,178.75999450683594,77.33451843261719,40.36844253540039
2023-01-17,381.32110595703125,276.2054748535156,179.59423828125,64.23561096191406,38.140113830566406,88.05876922607422,92.50975036621094,94.81483459472656,62.37986373901367,177.58999633789062,77.55377960205078,40.45370864868164
2023-01-18,375.3008117675781,272.6148681640625,176.69102478027344,64.00863647460938,37.88009262084961,88.932861328125,94.75141143798828,95.92608642578125,62.453346252441406,177.0800018310547,76.42243194580078,39.71321487426758
2023-01-19,372.5687255859375,269.9366149902344,174.99905395507812,63.90876007080078,38.16797637939453,88.72975158691406,94.15829467773438,95.72793579101562,62.08583068847656,179.88999938964844,76.0014877319336,40.20688247680664
2023-01-20,379.5093078613281,277.3238830566406,177.883056640625,64.47168731689453,38.753028869628906,88.36779022216797,92.63188934326172,95.22833251953125,62.208343505859375,179.2899932861328,76.90480041503906,40.6063117980957
2023-01-23,384.06280517578125,283.4848937988281,180.08447265625,64.73497772216797,39.0316276550293,88.14705657958984,92.19574737548828,94.95268249511719,62.2001838684082,179.6300048828125,77.25558471679688,40.660160064697266
2023-01-24,383.6507263183594,282.9060974121094,179.6999053955078,64.65325164794922,39.05949020385742,88.5354995727539,93.52156066894531,95.45227813720703,62.241004943847656,180.27999877929688,77.44853973388672,40.50307846069336
2023-01-25,383.7944030761719,282.2781677246094,180.19984436035156,65.07998657226562,39.09663772583008,88.64149475097656,93.74832153320312,95.49537658691406,62.23282241821289,181.11000061035156,77.48360443115234,40.50757598876953
2023-01-26,388.0125427246094,287.7818298339844,181.2668914794922,65.13445281982422,39.468101501464844,88.49137878417969,93.31221771240234,95.4609146118164,62.388031005859375,179.47000122070312,78.35184478759766,41.786617279052734
2023-01-27,388.9040222167969,290.6466369628906,182.24746704101562,65.0073471069336,39.28236389160156,88.35896301269531,93.07672119140625,95.18526458740234,62.2001838684082,179.22000122070312,79.2288589477539,40.94289016723633
2023-01-30,384.02447509765625,284.77008056640625,179.70956420898438,64.5896987915039,38.49300765991211,88.12055969238281,92.73654174804688,94.82342529296875,61.85715103149414,178.75999450683594,78.2203140258789,40.00493240356445
2023-01-31,389.67095947265625,289.0376281738281,184.073974609375,64.96195983886719,38.409427642822266,88.48258209228516,93.4779281616211,95.50397491455078,62.33903884887695,179.41000366210938,79.86032104492188,40.359466552734375
2023-02-01,393.8122863769531,295.21832275390625,186.96755981445312,65.54302215576172,38.88304138183594,89.10653686523438,94.60163116455078,96.47346496582031,62.9939079284668,181.6699981689453,80.3514404296875,39.565128326416016
2023-02-02,399.5450134277344,305.8135986328125,190.6494140625,65.45223999023438,38.650875091552734,89.20386505126953,94.72409057617188,96.61172485351562,63.355003356933594,177.89999389648438,82.17560577392578,38.66305923461914
2023-02-03,395.29815673828125,300.3786315917969,189.37086486816406,64.84391784667969,37.96366882324219,88.34538269042969,93.30740356445312,95.51434326171875,62.69025802612305,173.4600067138672,80.63207244873047,38.57778549194336
2023-02-06,392.88238525390625,297.83770751953125,186.63108825683594,64.18113708496094,37.406471252441406,87.85862731933594,92.61659240722656,94.7798843383789,62.288143157958984,173.82000732421875,80.04448699951172,38.40275955200195
2023-02-07,398.020751953125,304.0085754394531,188.01539611816406,64.72589874267578,37.555057525634766,87.7081527709961,91.87327575683594,94.46884155273438,62.509708404541016,173.97999572753906,79.86907958984375,39.650386810302734
2023-02-08,393.6684875488281,298.6028747558594,185.26600646972656,64.32640838623047,37.50862121582031,87.8320541381836,92.31050872802734,94.56387329101562,62.24711608886719,174.41000366210938,79.4919662475586,39.29584503173828
2023-02-09,390.2557373046875,295.9638977050781,182.5839080810547,64.4444351196289,37.68507385253906,87.48688507080078,91.43600463867188,93.76895904541016,61.84498596191406,173.02999877929688,78.62372589111328,38.95925521850586
2023-02-10,391.1664123535156,294.0213928222656,182.94918823242188,64.16297149658203,37.32289123535156,87.10633087158203,90.4128646850586,93.11223602294922,61.36900329589844,173.36000061035156,78.8956069946289,40.48513412475586
2023-02-13,395.75836181640625,298.7304992675781,185.150634765625,64.80760192871094,37.62935256958008,87.37179565429688,91.1736831665039,93.4578628540039,61.52492141723633,172.47999572753906,79.59722137451172,40.38191223144531
2023-02-14,395.5762023925781,300.9377746582031,185.06414794921875,64.92564392089844,37.56435012817383,87.06204223632812,90.96379089355469,93.22456359863281,61.541343688964844,172.61000061035156,78.96576690673828,40.39537811279297
2023-02-15,396.86083984375,303.2432556152344,186.938720703125,64.63510131835938,37.248600006103516,86.89387512207031,90.11555480957031,92.87028503417969,61.44286346435547,170.88999938964844,79.281494140625,39.7087287902832
2023-02-16,391.39654541015625,297.5531005859375,185.150634765625,64.31732940673828,37.25788497924805,86.53102111816406,88.83882904052734,92.12721252441406,60.95046615600586,170.75,78.50971221923828,39.31828308105469
2023-02-17,390.4187316894531,295.4537658691406,185.66012573242188,64.48074340820312,36.849273681640625,86.73458099365234,89.5296630859375,92.49009704589844,61.18844223022461,171.25999450683594,78.20276641845703,37.91806411743164
2023-02-21,382.5865173339844,288.4588928222656,180.1805877685547,63.772579193115234,36.38494873046875,85.92035675048828,87.78943634033203,91.17671966552734,60.24469757080078,170.6199951171875,76.63291931152344,37.729576110839844
2023-02-22,382.05926513671875,288.6747131347656,180.67091369628906,63.418479919433594,36.208499908447266,86.15045928955078,88.59393310546875,91.4359359741211,60.63862228393555,169.66000366210938,75.94007110595703,37.47825622558594
2023-02-23,384.0916442871094,291.1959228515625,181.95907592773438,63.745338439941406,36.38494873046875,86.46023559570312,89.45968627929688,92.15315246582031,61.23770523071289,169.57000732421875,76.51014709472656,38.04372787475586
2023-02-24,379.9886169433594,286.32012939453125,180.2574920654297,62.683067321777344,35.56772232055664,85.96458435058594,88.296630859375,91.46185302734375,60.868385314941406,168.35000610351562,75.16832733154297,37.99436569213867
2023-02-27,381.28277587890625,288.3705749511719,180.89198303222656,63.42756271362305,35.75345230102539,86.13272857666016,88.54145812988281,91.48777770996094,61.27872085571289,169.00999450683594,75.28233337402344,38.1065559387207
2023-02-28,379.87353515625,287.9977111816406,180.90159606933594,62.96452331542969,35.502716064453125,86.1239013671875,88.9437484741211,91.5223388671875,61.1638298034668,169.77999877929688,75.17709350585938,37.559043884277344
2023-03-01,378.4164733886719,285.6824951171875,181.13230895996094,63.30046081542969,36.26421356201172,85.63064575195312,87.98818969726562,90.95178985595703,60.99046325683594,170.75999450683594,74.22991180419922,38.299537658691406
2023-03-02,381.35943603515625,288.04681396484375,181.56492614746094,63.42756271362305,36.39423370361328,85.45320129394531,87.20800018310547,91.02983093261719,61.06473922729492,170.66000366210938,75.09815979003906,38.63612365722656
2023-03-03,387.47564697265625,294.0018005371094,184.0931854248047,64.35364532470703,36.71926498413086,86.12744903564453,89.32071685791016,92.06169891357422,61.69224166870117,172.49000549316406,76.23826599121094,39.16120910644531
2023-03-06,387.7440490722656,294.3353576660156,181.4014892578125,64.19021606445312,36.58925247192383,85.91452026367188,88.62816619873047,91.81024169921875,61.69224166870117,171.6199951171875,75.94007110595703,39.17916488647461
2023-03-07,381.8004150390625,290.72509765625,179.2961883544922,63.118858337402344,35.97633361816406,85.7991714477539,89.17167663574219,91.55007934570312,61.25465774536133,168.6199951171875,74.16851806640625,38.49700164794922
2023-03-08,382.4236145019531,292.1770324707031,179.3827362060547,63.46387481689453,36.12492752075195,85.71047973632812,89.25933074951172,91.40270233154297,60.9656867980957,168.5399932861328,75.01923370361328,38.102073669433594
2023-03-09,375.3679504394531,287.11474609375,174.3934326171875,63.00083541870117,35.32627868652344,86.02098846435547,89.4784927368164,91.31596374511719,60.627174377441406,170.1999969482422,73.30028533935547,37.56352615356445
2023-03-10,369.9515686035156,283.0826721191406,169.36575317382812,62.3289794921875,35.14053726196289,87.02349090576172,92.56424713134766,92.62532043457031,60.63542175292969,173.8699951171875,70.87098693847656,37.08332061767578
2023-03-13,369.42425537109375,285.1820983886719,166.60671997070312,61.902252197265625,35.196258544921875,87.71551513671875,92.774658203125,92.70336151123047,60.3051643371582,177.86000061035156,71.80061340332031,36.32935333251953
2023-03-14,375.5309143066406,291.73553466796875,169.69256591796875,62.728458404541016,35.2148323059082,87.20093536376953,91.2492904663086,92.4258804321289,60.74276351928711,176.8300018310547,72.49343872070312,36.68838882446289
2023-03-15,373.18218994140625,293.2658996582031,166.89512634277344,60.78550338745117,34.611202239990234,88.07038116455078,93.01134490966797,93.31036376953125,60.544593811035156,178.2100067138672,72.4408187866211,34.71821212768555
2023-03-16,379.72979736328125,300.9967346191406,169.17347717285156,61.72974395751953,35.14053726196289,87.72441101074219,92.28374481201172,93.1716079711914,60.94089889526367,178.57000732421875,72.282958984375,35.095191955566406
2023-03-17,375.2897033691406,299.57415771484375,164.60719299316406,60.99431610107422,34.92694854736328,88.27445220947266,93.6688232421875,93.6398696899414,60.577632904052734,183.77000427246094,70.64295196533203,34.54319381713867
2023-03-20,378.8983459472656,300.6372985839844,166.74131774902344,61.947654724121094,35.05696487426758,87.91956329345703,92.84481048583984,93.36235046386719,60.41249465942383,183.83999633789062,71.44981384277344,35.23473358154297
2023-03-21,383.8735046386719,304.9311218261719,169.8175506591797,62.8828125,35.37270736694336,87.65339660644531,92.04705810546875,93.8132553100586,61.073028564453125,180.3699951171875,71.13409423828125,36.454566955566406
2023-03-22,377.32977294921875,300.7846374511719,165.0013427734375,62.66490173339844,35.51200485229492,88.49622344970703,93.27432250976562,94.35955810546875,61.13081359863281,183.44000244140625,68.47674560546875,35.67913055419922
2023-03-23,378.349853515625,304.3514404296875,164.26901245117188,62.67399215698242,36.00419235229492,88.7091293334961,93.27432250976562,94.62834167480469,60.8913688659668,185.74000549316406,68.04700469970703,35.184844970703125
2023-03-24,380.8326110839844,305.47161865234375,165.75489807128906,62.483314514160156,35.91132736206055,88.85999298095703,93.6688232421875,94.92316436767578,60.767513275146484,183.64999389648438,69.79204559326172,35.32088088989258
2023-03-27,381.5447082519531,303.37872314453125,167.5977783203125,63.07347869873047,35.71630859375,87.9018325805664,91.46847534179688,93.78723907470703,60.61890411376953,181.9499969482422,69.71231079101562,36.07365417480469
2023-03-28,380.688232421875,301.7672119140625,167.3565673828125,63.100711822509766,36.227073669433594,87.76876068115234,91.63504791259766,93.63117218017578,60.58589553833008,183.44000244140625,69.54401397705078,36.63142013549805
2023-03-29,386.2215270996094,307.2696228027344,169.25735473632812,63.86336135864258,36.329227447509766,87.87519836425781,91.45091247558594,94.064697265625,61.34551239013672,182.52999877929688,71.0853042602539,37.13930892944336
2023-03-30,388.48291015625,310.1780090332031,169.02577209472656,64.60787200927734,36.691402435302734,87.97280883789062,91.87171173095703,94.19479370117188,61.708770751953125,184.17999267578125,72.01539611816406,37.30255889892578
2023-03-31,393.95849609375,315.3365783691406,172.13267517089844,64.93472290039062,36.64496612548828,88.39864349365234,93.248046875,95.04458618164062,62.37754821777344,183.22000122070312,73.55667877197266,37.56103515625
2023-04-03,395.4596862792969,314.57012939453125,172.20985412597656,65.45223999023438,36.71926498413086,88.78288269042969,93.68659210205078,95.61864471435547,62.32942581176758,184.5399932861328,72.9720458984375,39.261558532714844
2023-04-04,393.26556396484375,313.509033203125,169.1898193359375,65.46131134033203,36.71926498413086,89.1119613647461,94.15238952636719,95.74040985107422,62.146968841552734,187.97999572753906,72.87461853027344,38.54960250854492
2023-04-05,392.23590087890625,310.41387939453125,167.53025817871094,65.0073471069336,36.43138122558594,89.41436767578125,95.13671112060547,96.05357360839844,61.79860305786133,187.8300018310547,72.48486328125,39.13004684448242
2023-04-06,393.7659912109375,312.5067443847656,167.78111267089844,65.3160400390625,36.57996368408203,89.33431243896484,95.38279724121094,95.96656799316406,62.07231521606445,186.49000549316406,72.98091888427734,38.536006927490234
2023-04-10,394.170166015625,312.32989501953125,169.5757598876953,65.27064514160156,36.61711502075195,88.72058868408203,93.84479522705078,95.52296447753906,62.014278411865234,185.11000061035156,73.31749725341797,38.844364166259766
2023-04-11,394.2760314941406,310.3254699707031,170.91696166992188,65.4885482788086,36.83998489379883,88.77396392822266,94.0381088256836,95.49686431884766,62.146968841552734,186.27999877929688,73.62754821777344,39.2116813659668
2023-04-12,392.66888427734375,307.5841064453125,169.66261291503906,65.90618896484375,36.57996368408203,88.88067626953125,93.94146728515625,95.29681396484375,62.13036346435547,187.19000244140625,73.2732162475586,39.23888397216797
2023-04-13,397.8846740722656,313.6072692871094,171.9107666015625,66.75055694580078,37.081443786621094,88.84513092041016,93.2032241821289,95.46210479736328,62.55336380004883,189.72000122070312,73.05177307128906,39.4837532043457
2023-04-14,396.9127502441406,313.0177001953125,170.30905151367188,66.47818756103516,36.88642120361328,88.40933990478516,92.35070037841797,95.14896392822266,62.4372444152832,186.36000061035156,71.9179458618164,39.55631637573242
2023-04-17,398.3368835449219,313.2829895019531,172.4993438720703,66.36015319824219,37.04429244995117,87.96460723876953,91.25213623046875,94.54877471923828,62.271392822265625,185.52999877929688,73.41495513916016,39.089229583740234
2023-04-18,398.59674072265625,313.3026123046875,171.76605224609375,66.72332763671875,36.997859954833984,88.0891342163086,91.57730102539062,94.8619155883789,62.31284713745117,186.25,73.24665069580078,39.243412017822266
2023-04-19,398.5294189453125,313.1552734375,171.98794555664062,66.51451110839844,36.62639617919922,87.95571899414062,91.48943328857422,94.39219665527344,62.064029693603516,185.36000061035156,73.68070220947266,39.10737228393555
2023-04-20,396.3545837402344,310.7676696777344,171.1002655029297,66.51451110839844,36.570682525634766,88.35594177246094,92.2716293334961,94.74881744384766,62.00595474243164,186.08999633789062,72.954345703125,38.76273727416992
2023-04-21,396.66253662109375,311.0918273925781,171.32217407226562,66.85043334960938,36.227073669433594,88.20474243164062,91.75310516357422,94.80972290039062,62.196712493896484,184.25,72.96318817138672,38.536006927490234
2023-04-24,397.0762634277344,310.443359375,171.20640563964844,67.02294158935547,36.143489837646484,88.55162048339844,92.6407470703125,95.22721862792969,62.37089920043945,184.80999755859375,72.6885986328125,39.12551498413086
2023-04-25,390.77313232421875,304.5872802734375,166.9802703857422,66.08778381347656,35.46556854248047,89.10306549072266,94.00299072265625,95.6447525024414,62.271392822265625,185.75,71.97110748291016,38.3908805847168
2023-04-26,389.1180419921875,306.4344787597656,165.3689422607422,66.04237365722656,35.66987228393555,88.77396392822266,93.0010986328125,95.22721862792969,62.03083801269531,184.74000549316406,71.2801742553711,37.87845993041992
2023-04-27,396.86456298828125,314.7666931152344,167.5784912109375,66.86859893798828,36.15277862548828,88.45378875732422,92.0782699584961,94.8792953491211,62.238182067871094,184.75,72.89234161376953,38.01451110839844
2023-04-28,400.2519226074219,316.9380798339844,169.04510498046875,66.84135437011719,36.33850860595703,88.90739440917969,93.56355285644531,95.61864471435547,62.50361251831055,184.8000030517578,73.7869873046875,38.60402297973633
2023-05-01,399.8477478027344,316.5746154785156,169.1416015625,66.7414779663086,36.2177848815918,87.99701690673828,90.8656997680664,94.07559967041016,62.2170295715332,183.97000122070312,73.23778533935547,38.1686897277832
2023-05-02,395.353759765625,313.8135681152344,165.6680450439453,66.06961822509766,35.86488723754883,88.85298919677734,93.13005828857422,95.21019744873047,62.15875244140625,187.52000427246094,71.9976806640625,36.50897979736328
2023-05-03,392.64007568359375,311.7599792480469,166.2759246826172,66.24212646484375,35.80917739868164,89.24532318115234,93.64989471435547,95.36727905273438,62.12542724609375,189.11000061035156,71.71421813964844,35.819705963134766
2023-05-04,389.8590393066406,310.65948486328125,164.41372680664062,66.1059341430664,36.09706115722656,89.13832092285156,92.72473907470703,95.10546112060547,61.94215393066406,190.44000244140625,72.30770111083984,35.42064666748047
2023-05-05,397.0762634277344,317.2623596191406,168.3214569091797,67.07742309570312,36.57996368408203,88.85298919677734,92.41637420654297,94.73017120361328,62.27535629272461,187.4600067138672,73.51238250732422,36.38201141357422
2023-05-08,397.1821594238281,318.0484619140625,167.9355010986328,67.09557342529297,36.598533630371094,88.36257934570312,91.1211929321289,94.04940795898438,62.100440979003906,187.69000244140625,73.08721160888672,36.38201141357422
2023-05-09,395.44036865234375,316.0342102050781,167.4337615966797,66.82320404052734,36.37565612792969,88.28233337402344,90.7951889038086,94.0145034790039,61.94215393066406,189.02000427246094,72.77718353271484,36.39561080932617
2023-05-10,397.28802490234375,319.47320556640625,168.28285217285156,66.68700408935547,36.357086181640625,88.85298919677734,91.67626190185547,94.75637817382812,62.31699752807617,188.75,73.47696685791016,35.98295211791992
2023-05-11,396.5951232910156,320.5147705078125,166.98992919921875,66.52357482910156,36.227073669433594,89.1204833984375,92.64546966552734,95.12291717529297,62.2170295715332,187.1300048828125,72.67089080810547,35.552154541015625
2023-05-12,396.075439453125,319.3651428222656,166.65220642089844,66.40555572509766,35.79988479614258,88.62115478515625,91.87010192871094,94.53815460205078,61.99211502075195,186.80999755859375,72.66201782226562,35.60657501220703
2023-05-15,397.4419860839844,321.094482421875,168.68807983398438,66.91398620605469,36.4592399597168,88.39824676513672,90.91854095458984,94.03195190429688,61.97549057006836,187.2100067138672,72.53802490234375,35.787960052490234
2023-05-16,394.7860412597656,321.45794677734375,166.22767639160156,66.2784423828125,36.19921112060547,88.19319915771484,90.64542388916016,93.5606689453125,61.54231643676758,184.8699951171875,70.72212982177734,34.90822982788086
2023-05-17,399.57830810546875,325.3489074707031,169.93280029296875,66.5871353149414,36.366371154785156,88.05943298339844,90.38108825683594,93.55194091796875,61.70890808105469,184.22999572753906,71.67879486083984,35.57936477661133
2023-05-18,403.4275207519531,331.39178466796875,170.96519470214844,66.48726654052734,36.171356201171875,87.64925384521484,89.71147918701172,93.15919494628906,61.74222183227539,181.83999633789062,71.33332061767578,35.83784866333008
2023-05-19,402.84051513671875,330.64501953125,169.923095703125,66.87767791748047,36.19921112060547,87.45309448242188,89.07711029052734,93.04570007324219,61.80887222290039,183.63999938964844,71.21817016601562,36.11445999145508
2023-05-22,403.004150390625,331.75537109375,171.99757385253906,66.89582824707031,36.49638748168945,87.37285614013672,88.75991821289062,93.01082611083984,62.083763122558594,183.2100067138672,71.65220642089844,35.96480941772461
2023-05-23,398.4812316894531,327.5498962402344,171.18711853027344,65.91527557373047,35.92990493774414,87.470947265625,89.01542663574219,93.20284271240234,61.75888442993164,183.42999267578125,70.97901153564453,36.35026550292969
2023-05-24,395.5943298339844,325.8697509765625,169.37315368652344,64.952880859375,35.66059494018555,87.24803924560547,88.57489013671875,92.83626556396484,61.32572937011719,181.9499969482422,69.45543670654297,36.50897979736328
2023-05-25,399.0201416015625,333.79913330078125,168.05128479003906,64.8620834350586,35.58629608154297,86.92705535888672,88.35462188720703,92.53076171875,61.28409957885742,180.1999969482422,69.44657897949219,35.86051940917969
2023-05-26,404.187744140625,342.3277893066406,169.9617156982422,65.49763488769531,36.2177848815918,86.99835968017578,89.06828308105469,92.92353820800781,61.658905029296875,180.9199981689453,70.24380493164062,35.719940185546875
2023-05-30,404.3417053222656,343.8802490234375,169.3345489501953,64.8348388671875,35.79988479614258,87.57792663574219,89.95818328857422,93.62174987792969,61.92549133300781,182.0399932861328,70.50953674316406,35.352630615234375
2023-05-31,402.0995788574219,341.92498779296875,167.66534423828125,64.16297149658203,35.46556854248047,87.8900375366211,90.74235534667969,93.9272232055664,61.733924865722656,182.32000732421875,70.86384582519531,34.73136901855469
2023-06-01,405.919921875,345.8748474121094,169.47927856445312,65.11629486083984,36.09706115722656,88.15643310546875,91.09834289550781,94.21528625488281,62.10470199584961,183.75999450683594,70.87271118164062,35.162174224853516
2023-06-02,411.7899475097656,348.46881103515625,175.62548828125,65.96066284179688,36.71926498413086,87.6915283203125,90.10009002685547,93.96138000488281,62.42275619506836,181.0500030517578,72.60002136230469,36.23237228393555
2023-06-05,411.00091552734375,348.7144775390625,173.27122497558594,65.57933044433594,36.70997619628906,87.6825942993164,89.9322509765625,93.75997924804688,62.37251663208008,182.13999938964844,72.0951156616211,35.99202346801758
2023-06-06,411.8957824707031,348.655517578125,177.83506774902344,66.12411499023438,37.035003662109375,87.7898941040039,90.46229553222656,93.94388580322266,62.47294616699219,182.33999633789062,72.78604888916016,36.282249450683594
2023-06-07,410.4715576171875,342.740478515625,181.16241455078125,65.54254150390625,36.87590408325195,87.32500457763672,89.11947631835938,93.1032943725586,62.129798889160156,180.14999389648438,74.12358856201172,37.24360656738281
2023-06-08,412.9543762207031,346.9949951171875,180.48516845703125,66.23596954345703,37.137962341308594,87.7898941040039,90.16191101074219,93.72496795654297,62.52317428588867,182.52999877929688,73.66297912597656,37.08489227294922
2023-06-09,413.6953125,348.32147216796875,179.02415466308594,66.12503051757812,37.30643081665039,87.5842514038086,90.03823852539062,93.47981262207031,62.5399169921875,182.0399932861328,73.23778533935547,36.880828857421875
2023-06-12,417.4482421875,354.20709228515625,179.76918029785156,66.4116439819336,37.38130187988281,87.73624420166016,90.30328369140625,93.77750396728516,62.47294616699219,181.8800048828125,73.2555160522461,36.527122497558594
2023-06-13,420.2005615234375,356.9288024902344,181.83004760742188,67.04034423828125,37.75568389892578,87.32500457763672,89.41102600097656,93.35720825195312,62.54829788208008,180.5399932861328,73.72499084472656,36.699440002441406
2023-06-14,420.700927734375,359.52276611328125,179.8756103515625,67.28997039794922,38.036460876464844,87.40546417236328,90.12660217285156,93.64616394042969,62.57341384887695,180.63999938964844,73.99958038330078,36.323055267333984
2023-06-15,425.9166564941406,363.806884765625,181.35594177246094,68.00189208984375,38.39211654663086,88.01339721679688,90.99234008789062,94.46047973632812,62.87474060058594,181.91000366210938,74.38934326171875,36.72211456298828
2023-06-16,424.4658203125,361.5174255371094,179.90464782714844,67.85395812988281,38.26108932495117,87.73624420166016,90.63899993896484,94.29410552978516,62.7156982421875,181.6300048828125,74.33618927001953,36.667694091796875
2023-06-20,422.2636413574219,360.99993896484375,179.1209259033203,66.95712280273438,37.51233673095703,87.89717864990234,91.26620483398438,94.63558959960938,62.54829788208008,179.75,73.4592514038086,35.84700393676758
2023-06-21,420.10009765625,356.0802307128906,178.7048797607422,67.05882263183594,37.33450698852539,88.04022216796875,91.48705291748047,94.53050994873047,62.389278411865234,179.49000549316406,73.01634979248047,36.13063430786133
2023-06-22,421.6165466308594,360.2816467285156,177.37933349609375,66.64278411865234,37.2034797668457,87.5842514038086,90.3827896118164,94.04019927978516,62.20513153076172,177.7100067138672,71.97110748291016,35.645721435546875
2023-06-23,418.4290771484375,356.7100524902344,174.70895385742188,65.60725402832031,36.66063690185547,87.84351348876953,91.28385162353516,94.30284118652344,62.096317291259766,178.1999969482422,70.97901153564453,35.389549255371094
2023-06-26,416.7195129394531,351.9281005859375,174.8831024169922,65.69048309326172,36.782310485839844,87.9508056640625,91.38105010986328,94.40796661376953,62.129798889160156,178.50999450683594,72.61773681640625,36.025413513183594
2023-06-27,421.2881774902344,357.9792175292969,177.4083709716797,66.26370239257812,37.156681060791016,87.78096008300781,91.14253997802734,94.30284118652344,62.33904266357422,177.69000244140625,73.51238250732422,36.10776901245117
2023-06-28,421.50067138671875,358.6778564453125,178.2791748046875,66.30992889404297,36.93205642700195,88.04022216796875,91.53121948242188,94.71442413330078,62.698944091796875,177.27999877929688,73.61868286132812,36.47373580932617
2023-06-29,423.1618957519531,357.9595031738281,180.330322265625,66.21749114990234,36.735504150390625,87.36076354980469,89.87922668457031,93.99641418457031,62.53156661987305,177.08999633789062,74.4410400390625,36.89460372924805
2023-06-30,428.1555480957031,363.4793395996094,181.19146728515625,67.03109741210938,37.0256462097168,87.56636810302734,90.93934631347656,94.6881332397461,62.8328742980957,178.27000427246094,74.85309600830078,37.13248062133789
2023-07-03,428.6481018066406,364.3353271484375,181.55911254882812,66.95712280273438,37.437461853027344,87.46332550048828,90.42382049560547,94.42283630371094,62.73440933227539,178.47000122070312,75.58766174316406,37.21940612792969
2023-07-05,428.0106201171875,364.3255310058594,179.74984741210938,66.2082290649414,37.212833404541016,87.06893157958984,89.56456756591797,93.74644470214844,62.54087448120117,177.83999633789062,75.75785827636719,37.0135383605957
2023-07-06,424.65899658203125,361.55084228515625,176.8472137451172,65.06177520751953,36.45473098754883,86.50424194335938,88.2978286743164,92.7977523803711,62.08646011352539,177.30999755859375,75.17557525634766,36.18095016479492
2023-07-07,423.5868835449219,360.3504943847656,178.71456909179688,65.55179595947266,36.86653518676758,86.52217864990234,87.76634979248047,92.70988464355469,62.145362854003906,178.63999938964844,75.00538635253906,36.95864486694336
2023-07-10,424.65899658203125,360.4685363769531,181.77195739746094,65.73670196533203,36.89461135864258,86.76417541503906,87.88151550292969,93.19300842285156,62.45673751831055,178.77999877929688,75.32786560058594,37.24685287475586
2023-07-11,427.3634948730469,362.2494201660156,183.6393280029297,66.32842254638672,37.26899337768555,86.9524154663086,88.3332748413086,93.63224029541016,62.7933349609375,179.4499969482422,76.40283203125,38.06570816040039
2023-07-12,430.80206298828125,366.8246765136719,185.6421356201172,67.59507751464844,38.10197448730469,87.66051483154297,89.3165283203125,94.45799255371094,63.28142166137695,181.8800048828125,76.81490325927734,38.4179573059082
2023-07-13,434.2212219238281,373.0528259277344,187.14181518554688,68.67681884765625,38.5980224609375,88.20726776123047,90.2555160522461,95.12557983398438,63.66006851196289,182.00999450683594,77.3075942993164,38.27157211303711
2023-07-14,433.9508056640625,372.9741516113281,185.31317138671875,68.28850555419922,38.382755279541016,87.7859878540039,89.72401428222656,94.3877182006836,63.19725799560547,181.42999267578125,77.15530395507812,37.26057434082031
2023-07-17,435.4576110839844,376.4572448730469,187.29664611816406,68.20528411865234,38.4295539855957,87.88459777832031,89.7682876586914,94.5457992553711,63.31504440307617,181.55999755859375,76.65365600585938,37.187374114990234
2023-07-18,438.6932373046875,379.536865234375,189.6090545654297,68.64908599853516,38.14876937866211,87.9562759399414,90.17578125,94.78298950195312,63.49177551269531,183.63999938964844,76.23262023925781,37.562503814697266
2023-07-19,439.6688537597656,379.44830322265625,190.4121856689453,68.61210632324219,38.07389831542969,88.22518157958984,91.1944580078125,95.31886291503906,63.542274475097656,183.6699981689453,77.09260559082031,37.782081604003906
2023-07-20,436.7518615722656,370.7013244628906,188.74795532226562,68.2607650756836,37.79311752319336,87.76807403564453,90.08718872070312,94.67758178710938,63.264556884765625,182.74000549316406,76.8417739868164,38.225833892822266
2023-07-21,436.7518615722656,369.5894470214844,188.14810180664062,68.39946746826172,37.736961364746094,87.830810546875,90.11375427246094,94.844482421875,63.4244384765625,182.17999267578125,77.20008850097656,38.564353942871094
2023-07-24,438.702880859375,370.1798095703125,188.6125030517578,68.2330322265625,38.25172424316406,87.6694564819336,89.7860107421875,94.73027801513672,63.31504440307617,181.39999389648438,77.83610534667969,39.18650817871094
2023-07-25,439.9006042480469,372.6888122558594,188.59315490722656,68.3070068359375,38.569942474365234,87.57087707519531,89.61768341064453,94.58096313476562,63.272979736328125,182.41000366210938,77.28073120117188,39.39236068725586
2023-07-26,439.9682922363281,371.44903564453125,190.0831756591797,68.49191284179688,38.7945671081543,87.85768127441406,89.70629119873047,95.02019500732422,63.52543640136719,183.3000030517578,77.63008880615234,39.40608215332031
2023-07-27,437.05126953125,370.5635070800781,187.6256103515625,68.3347396850586,38.31724166870117,87.10478973388672,87.96122741699219,93.86063385009766,63.02052688598633,180.4199981689453,75.94596862792969,39.15447235107422
2023-07-28,441.33013916015625,377.3132629394531,190.0541229248047,68.82476043701172,39.24381637573242,87.44538879394531,88.41300201416016,94.47554016113281,63.382389068603516,181.86000061035156,75.88326263427734,39.27342224121094
2023-07-31,442.1704406738281,377.510009765625,192.2601318359375,68.84325408935547,39.262535095214844,87.55293273925781,88.62560272216797,94.73907470703125,63.533843994140625,182.35000610351562,76.37596893310547,40.01909255981445
2023-08-01,440.9051513671875,376.6343688964844,191.37966918945312,67.98340606689453,38.76648712158203,86.97325134277344,87.17330169677734,93.79503631591797,63.219322204589844,180.4600067138672,76.25054931640625,39.8315315246582
2023-08-02,434.7718505859375,368.3694152832031,188.77699279785156,66.71675109863281,37.83991241455078,86.76652526855469,86.24064636230469,93.22208404541016,62.9487419128418,179.60000610351562,75.81159210205078,39.310020446777344
2023-08-03,433.5258483886719,367.7790832519531,188.2448272705078,66.53182220458984,37.98966598510742,86.1823501586914,84.25096130371094,92.3847427368164,62.7458381652832,179.5399932861328,74.98746490478516,39.7080192565918
2023-08-04,431.5650329589844,366.0572204589844,187.86749267578125,66.71675109863281,37.942867279052734,86.89234924316406,85.74319458007812,93.34552001953125,63.117855072021484,180.19000244140625,74.3783187866211,39.76290512084961
2023-08-07,435.33203125,369.15655517578125,187.99330139160156,67.28073120117188,37.886714935302734,86.91030883789062,84.89935302734375,93.11634063720703,63.236228942871094,179.77999877929688,75.30995178222656,39.80864715576172
2023-08-08,433.43890380859375,366.0179138183594,186.81289672851562,66.8739242553711,37.4281005859375,87.11705780029297,85.88534545898438,93.48652648925781,63.37150573730469,178.63999938964844,74.82621765136719,40.00537109375
2023-08-09,430.541259765625,361.9936218261719,185.35191345214844,66.85543060302734,37.52169418334961,87.17996215820312,86.32945251464844,93.57469940185547,63.37996292114258,177.7899932861328,74.8172607421875,40.50857162475586
2023-08-10,430.69573974609375,362.6626892089844,184.5294647216797,67.14204406738281,37.577850341796875,86.6137466430664,84.90825653076172,92.91360473632812,63.36304473876953,177.60000610351562,74.53060913085938,40.504005432128906
2023-08-11,430.4446105957031,360.3504943847656,184.7907257080078,66.68900299072266,37.0256462097168,86.34412384033203,84.71283721923828,92.59626770019531,63.27006530761719,177.60000610351562,74.6470718383789,41.12615203857422
2023-08-14,432.8207092285156,364.39434814453125,184.47142028808594,66.39315032958984,36.84782409667969,86.28118896484375,84.52629089355469,92.56103515625,63.261592864990234,177.05999755859375,74.15436553955078,40.95232391357422
2023-08-15,427.77880859375,360.527587890625,182.03321838378906,65.57027435302734,36.4266471862793,86.04752349853516,84.01111602783203,92.07620239257812,63.05867385864258,176.58999633789062,73.32128143310547,40.10143280029297
2023-08-16,424.63970947265625,356.7100524902344,179.80787658691406,65.03402709960938,36.09907150268555,85.84080505371094,83.35381317138672,91.66192626953125,62.86421585083008,175.57000732421875,72.41651153564453,39.753761291503906
2023-08-17,421.4040222167969,352.81365966796875,177.68896484375,64.57174682617188,36.18330383300781,85.75093078613281,82.99849700927734,91.41513061523438,62.60209655761719,175.3000030517578,71.83425903320312,40.22952651977539
2023-08-18,421.60687255859375,352.37091064453125,178.65650939941406,64.57174682617188,35.93996047973633,85.9396743774414,83.29161834716797,91.7588882446289,62.644371032714844,175.3300018310547,72.0582046508789,40.62752151489258
2023-08-21,424.3499450683594,358.0480651855469,178.395263671875,64.8121337890625,36.02419662475586,85.50826263427734,82.18131256103516,91.21240997314453,62.62744140625,175.80999755859375,71.39530944824219,40.37134552001953
2023-08-22,423.2005310058594,357.5364990234375,177.86314392089844,64.69194793701172,35.94932174682617,85.5981216430664,82.81198120117188,91.49447631835938,62.66129684448242,176.10000610351562,71.60134887695312,40.060264587402344
2023-08-23,427.9140625,363.17431640625,179.7594757080078,65.39461517333984,36.52024841308594,86.41602325439453,84.86384582519531,92.78137969970703,63.16858673095703,177.88999938964844,72.73005676269531,39.95962142944336
2023-08-24,421.9835205078125,355.4112243652344,177.27293395996094,64.49778747558594,36.37984848022461,86.2182846069336,84.30425262451172,92.46407318115234,62.82193374633789,177.85000610351562,72.45234680175781,39.68513870239258
2023-08-25,424.95843505859375,358.1661682128906,178.02757263183594,64.93233489990234,36.417293548583984,86.16436004638672,84.57957458496094,92.51692962646484,63.08403396606445,177.6199951171875,72.506103515625,40.06940841674805
2023-08-28,427.6533203125,360.8621520996094,179.61434936523438,65.61650848388672,36.772945404052734,86.35309600830078,84.66841888427734,92.80782318115234,63.320796966552734,178.1300048828125,73.18690490722656,40.33932113647461
2023-08-29,433.83489990234375,368.7432861328125,182.12030029296875,66.43013000488281,37.24091720581055,86.91030883789062,85.54779052734375,93.5482406616211,63.71818542480469,179.8699951171875,74.07374572753906,40.44910430908203
2023-08-30,435.6217956542969,370.7996520996094,182.8072509765625,66.39315032958984,37.11924362182617,86.8743896484375,85.45895385742188,93.41600799560547,63.692779541015625,180.32000732421875,74.34248352050781,40.650390625
2023-08-31,434.9842834472656,371.9114990234375,182.48794555664062,66.13426208496094,36.66063690185547,87.00022888183594,85.84091186523438,93.57469940185547,63.65053939819336,180.02000427246094,73.79605865478516,40.677833557128906
2023-09-01,435.79559326171875,371.51800537109375,184.65528869628906,66.09727478027344,37.09117126464844,86.54962158203125,84.503662109375,92.90857696533203,63.77031326293945,180.11000061035156,73.92145538330078,41.51042175292969
2023-09-05,433.91217041015625,371.9902648925781,180.76571655273438,65.52405548095703,36.79167175292969,86.08099365234375,83.3187026977539,92.24516296386719,63.354068756103516,178.63999938964844,73.0615005493164,41.730018615722656
2023-09-06,430.9952087402344,368.7137451171875,180.08848571777344,65.3853759765625,36.585758209228516,85.99991607666016,83.52362060546875,92.15670013427734,63.201141357421875,177.8300018310547,72.9092025756836,41.74831008911133
2023-09-07,429.6719665527344,366.0769348144531,178.34689331054688,65.17272186279297,36.15522766113281,86.27024841308594,83.75528717041016,92.56359100341797,63.413516998291016,178.02000427246094,73.36607360839844,41.70713424682617
2023-09-08,430.319091796875,366.5885009765625,177.9501953125,65.08026123046875,36.230106353759766,86.3153076171875,84.0760269165039,92.63436126708984,63.3880615234375,178.0800018310547,73.07941436767578,42.109718322753906
2023-09-11,433.1491394042969,370.90789794921875,178.3759307861328,65.75519561767578,36.679351806640625,86.21617126464844,83.47019958496094,92.45744323730469,63.49849319458008,178.41000366210938,73.08837127685547,41.55617141723633
2023-09-12,430.7730712890625,366.7951354980469,178.20172119140625,65.48706817626953,36.567039489746094,86.24320983886719,83.95126342773438,92.43091583251953,63.39656066894531,177.49000549316406,73.05253601074219,42.535152435302734
2023-09-13,431.2753601074219,368.19232177734375,177.03103637695312,65.28366088867188,36.52024841308594,86.36936950683594,83.93346405029297,92.63436126708984,63.56645202636719,177.0800018310547,72.25527954101562,42.21492385864258
2023-09-14,434.993896484375,371.2030944824219,179.52732849121094,66.14351654052734,36.76358413696289,86.25222778320312,83.32763671875,92.46630096435547,63.64289855957031,177.1699981689453,73.56314849853516,42.708984375
2023-09-15,429.75299072265625,364.8470153808594,177.65023803710938,65.99557495117188,36.62319564819336,86.0539779663086,82.81981658935547,92.32475280761719,63.4050178527832,178.33999633789062,73.28543853759766,42.09141159057617
2023-09-18,430.0050354003906,365.22735595703125,176.4698486328125,65.76444244384766,36.57640075683594,86.18013763427734,83.29200744628906,92.50167846679688,63.447505950927734,179.38999938964844,72.63152313232422,42.448097229003906
2023-09-19,429.1133117675781,364.44891357421875,175.78286743164062,65.81991577148438,36.36113739013672,85.92779541015625,82.67726135253906,92.19207000732422,63.25211715698242,179.22000122070312,72.30005645751953,42.05177307128906
2023-09-20,425.1683044433594,359.197021484375,174.02195739746094,65.66272735595703,36.21138000488281,85.88272857666016,82.93563079833984,92.22747039794922,63.201141357421875,179.35000610351562,72.3627700805664,41.66006088256836
2023-09-21,418.14093017578125,352.6148986816406,171.322509765625,64.57174682617188,35.58430862426758,85.29695892333984,80.80632019042969,91.29864501953125,62.750953674316406,178.0500030517578,69.89932250976562,41.088619232177734
2023-09-22,417.2008056640625,352.6642150878906,170.93551635742188,64.6272201538086,36.0054817199707,85.65745544433594,81.45669555664062,91.85591125488281,62.861392974853516,178.6199951171875,69.37078857421875,41.157737731933594
2023-09-25,418.95513916015625,354.33929443359375,171.6998748779297,64.3405990600586,35.846370697021484,84.98155975341797,79.4521484375,90.96247863769531,62.776432037353516,177.6999969482422,69.30810546875,41.67388916015625
2023-09-26,412.8001708984375,349.01837158203125,169.4922637939453,63.508506774902344,35.340965270996094,84.8734359741211,79.17595672607422,90.70596313476562,62.504581451416016,176.27999877929688,68.04500579833984,41.43424606323242
2023-09-27,412.9649963378906,349.8363037109375,171.0767822265625,63.3882942199707,35.39712142944336,84.57601165771484,78.76612854003906,90.28134155273438,62.41966247558594,174.10000610351562,67.58814239501953,42.46653366088867
2023-09-28,415.35906982421875,352.7627258300781,172.6223907470703,63.906063079833984,35.4907112121582,84.8283462524414,79.00665283203125,90.44055938720703,62.71696853637695,173.22999572753906,68.2366943359375,42.51261901855469
2023-09-29,414.3510437011719,353.0189514160156,171.80584716796875,63.721153259277344,35.51879119873047,84.74724578857422,79.01558685302734,90.24596405029297,62.62351989746094,171.4499969482422,68.43568420410156,41.65545654296875
2023-10-02,414.1862487792969,355.965087890625,169.2103729248047,62.7873420715332,35.340965270996094,84.15715789794922,77.69284057617188,89.41919708251953,62.243499755859375,169.64999389648438,67.17840576171875,40.8259391784668
2023-10-03,408.6419677734375,349.718017578125,166.36216735839844,62.00144958496094,34.87299728393555,83.49752044677734,76.02155303955078,88.38900756835938,61.61159896850586,169.16000366210938,65.86686706542969,40.79829025268555
2023-10-04,411.6176452636719,354.4772033691406,166.43997192382812,62.11239242553711,34.770042419433594,84.08486938476562,77.09402465820312,89.1616439819336,61.927555084228516,169.13999938964844,66.67188262939453,39.517147064208984
2023-10-05,411.4625244140625,353.4327697753906,166.56631469726562,62.657894134521484,34.90107345581055,84.13909149169922,76.7097396850586,89.05510711669922,61.98731994628906,168.8300018310547,67.04273223876953,39.27289962768555
2023-10-06,416.3477783203125,359.3547058105469,168.1702423095703,63.351322174072266,35.40648651123047,83.81378173828125,75.7802505493164,88.78864288330078,62.072723388671875,169.6999969482422,67.2236328125,39.507930755615234
2023-10-09,419.0132751464844,361.1874084472656,169.14231872558594,63.25886917114258,35.238006591796875,84.6812973022461,77.55879974365234,89.88985443115234,62.533851623535156,172.82000732421875,67.95628356933594,40.8259391784668
2023-10-10,421.1942138671875,363.1876220703125,171.05731201171875,64.12794494628906,35.74341583251953,84.5999755859375,77.45156860351562,89.92540740966797,62.51676559448242,172.52999877929688,68.28192138671875,40.87663650512695
2023-10-11,422.9195556640625,365.77911376953125,170.76568603515625,64.39608001708984,35.96804428100586,84.98853302001953,79.06922912597656,90.47596740722656,62.50822448730469,173.7899932861328,69.46683502197266,40.35127639770508
2023-10-12,420.3412780761719,364.5080261230469,166.90655517578125,63.85982894897461,35.56558609008789,84.25655364990234,76.92426300048828,89.53463745117188,62.175201416015625,173.25999450683594,68.45378112792969,40.397361755371094
2023-10-13,418.2475891113281,359.9261779785156,165.5164794921875,63.268104553222656,35.4345588684082,84.6180191040039,78.30060577392578,90.03196716308594,62.123966217041016,178.8300018310547,68.28192138671875,41.286773681640625
2023-10-16,422.648193359375,363.99566650390625,168.18972778320312,63.73039627075195,35.696617126464844,84.14811706542969,77.04042053222656,89.41032409667969,62.10687255859375,177.9600067138672,69.09598541259766,41.56328582763672
2023-10-17,422.62872314453125,362.80340576171875,170.06581115722656,63.76737594604492,35.60302734375,83.54269409179688,76.19137573242188,88.6998519897461,61.81652069091797,178.2899932861328,68.9964828491211,41.9964714050293
2023-10-18,416.9971923828125,358.0441589355469,166.56631469726562,62.657894134521484,35.060184478759766,83.15412139892578,75.52106475830078,87.9894027709961,61.51768112182617,180.8699951171875,67.53116607666016,42.378971099853516
2023-10-19,413.33331298828125,354.6940002441406,163.91250610351562,62.103153228759766,34.854278564453125,82.83780670166016,73.97490692138672,87.2789535522461,61.29563903808594,183.08999633789062,65.93016815185547,42.305240631103516
2023-10-20,408.25421142578125,349.4027099609375,161.7933807373047,61.548423767089844,34.433109283447266,83.13603973388672,74.39495086669922,87.62530517578125,61.4237174987793,183.58999633789062,65.48696899414062,41.595542907714844
2023-10-23,407.546630859375,350.4570617675781,160.4227294921875,61.59464645385742,34.405025482177734,83.46133422851562,75.28870391845703,88.30909729003906,61.67138671875,182.97000122070312,64.84476470947266,40.9227180480957
2023-10-24,410.6192626953125,353.8663330078125,161.8225555419922,61.945980072021484,34.84491729736328,83.75953674316406,76.28074645996094,88.80643463134766,61.98731994628906,182.9499969482422,65.67691040039062,40.3466682434082
2023-10-25,404.7259826660156,345.2051696777344,159.14930725097656,61.50218200683594,34.38631057739258,83.13603973388672,74.58263397216797,87.9982681274414,61.654293060302734,183.72000122070312,64.26587677001953,40.272926330566406
2023-10-26,399.87957763671875,338.623046875,159.55755615234375,61.058387756347656,34.217838287353516,83.69630432128906,75.72660064697266,88.6376724243164,61.867794036865234,184.00999450683594,65.49602508544922,39.95955276489258
2023-10-27,398.0669860839844,340.2488098144531,157.6814727783203,60.87347412109375,34.18975830078125,83.66918182373047,75.40489959716797,88.46006774902344,61.79090118408203,186.14999389648438,64.44677734375,39.00100326538086
2023-10-30,402.826171875,344.0819396972656,158.55638122558594,61.65011978149414,34.54541778564453,83.47038269042969,75.06526947021484,88.19364929199219,61.807979583740234,185.10000610351562,64.85379791259766,39.130043029785156
2023-10-31,405.3560791015625,345.7273864746094,159.927001953125,61.87201690673828,34.34886932373047,83.41616821289062,74.69883728027344,88.06932067871094,61.97026443481445,184.08999633789062,65.95732116699219,39.25907897949219
2023-11-01,409.6790466308594,351.7281188964844,160.8407440185547,62.454490661621094,34.66708755493164,84.33795928955078,76.31844329833984,89.32968139648438,62.560890197753906,183.50999450683594,66.3643569946289,39.16690444946289
2023-11-02,417.5302734375,358.1131286621094,165.1276397705078,63.73039627075195,35.27545166015625,84.84552764892578,78.05826568603516,90.39034271240234,63.2649040222168,184.1199951171875,68.54423522949219,40.35127639770508
2023-11-03,421.339599609375,362.3205871582031,169.61868286132812,64.40533447265625,35.99612045288086,85.36216735839844,78.58738708496094,90.83602142333984,63.88304138183594,184.7899932861328,70.181396484375,39.94572830200195
2023-11-06,422.3088684082031,363.79852294921875,167.49949645996094,64.08172607421875,36.286258697509766,84.93617248535156,77.82510375976562,90.35470581054688,63.6254997253418,183.35000610351562,69.1683349609375,39.49410629272461
2023-11-07,423.5108337402344,367.2374267578125,166.90655517578125,63.69340896606445,36.22074508666992,85.38934326171875,78.9729995727539,91.07666778564453,63.63407897949219,182.58999633789062,68.59849548339844,38.61851119995117
2023-11-08,423.8209533691406,367.47393798828125,165.1276397705078,63.610206604003906,35.97740173339844,85.67938232421875,80.31822967529297,91.54019927978516,63.668426513671875,180.77000427246094,68.82462310791016,38.13462829589844
2023-11-09,420.51568603515625,364.64599609375,162.571044921875,63.600948333740234,35.64046096801758,84.96334075927734,78.47079467773438,90.61321258544922,63.27349853515625,181.49000549316406,67.73920440673828,38.0194206237793
2023-11-10,427.0777282714844,372.8440246582031,164.3888397216797,63.88756561279297,35.89316177368164,85.1627426147461,78.91022491455078,91.0677719116211,63.58256149291992,179.50999450683594,68.37236785888672,38.438785552978516
2023-11-13,426.6706848144531,371.6813049316406,164.4471435546875,64.05399322509766,35.88380432128906,85.15369415283203,78.73089599609375,91.07666778564453,63.522483825683594,180.50999450683594,67.80253601074219,38.71528244018555
2023-11-14,434.9483642578125,379.6822509765625,173.4778289794922,65.69048309326172,36.83845901489258,86.22320556640625,80.5155029296875,92.50281524658203,64.1663818359375,182.1199951171875,71.5653076171875,39.060916900634766
2023-11-15,435.8691711425781,379.9680480957031,173.77914428710938,65.58877563476562,37.14731979370117,85.6884536743164,79.38553619384766,92.0215072631836,63.960330963134766,181.63999938964844,71.77334594726562,38.987186431884766
2023-11-16,436.4023132324219,380.29327392578125,170.9698486328125,65.54254150390625,36.79167175292969,86.1597671508789,80.37202453613281,92.77915954589844,64.0461654663086,183.69000244140625,71.61957550048828,38.22678756713867
2023-11-17,436.94512939453125,380.3819274902344,173.31256103515625,66.43013000488281,36.83845901489258,86.33197021484375,80.74871063232422,93.04652404785156,64.19210052490234,183.6699981689453,71.5653076171875,39.028663635253906
2023-11-20,440.3085632324219,385.0130615234375,174.3235321044922,66.67976379394531,37.29706573486328,86.46792602539062,81.241943359375,93.4208984375,64.26078796386719,183.3699951171875,72.08993530273438,39.083961486816406
2023-11-21,439.3489074707031,382.7762756347656,172.07801818847656,66.4208755493164,37.06308364868164,86.5585708618164,81.20606231689453,93.44762420654297,64.34663391113281,185.35000610351562,71.58338928222656,38.996402740478516
2023-11-22,441.0452575683594,384.3429260253906,173.15704345703125,66.57805633544922,36.98821258544922,86.64012908935547,81.49305725097656,93.82200622558594,64.458251953125,184.55999755859375,71.93616485595703,38.97796630859375
2023-11-24,441.31658935546875,383.801025390625,174.3235321044922,67.0865707397461,37.00693130493164,86.2413101196289,80.53348541259766,93.34066009521484,64.38958740234375,185.52000427246094,72.14421081542969,39.139259338378906
2023-11-27,440.5218505859375,383.4660949707031,173.74029541015625,66.85543060302734,36.857181549072266,86.73078155517578,81.87866973876953,94.09829711914062,64.4840087890625,186.77000427246094,72.4065170288086,39.00100326538086
2023-11-28,440.95794677734375,384.4710693359375,173.06954956054688,66.8739242553711,37.16603469848633,87.1114501953125,82.04012298583984,94.47269439697266,64.76732635498047,189.25999450683594,72.88590240478516,39.01022720336914
2023-11-29,440.6478271484375,384.0967102050781,173.98329162597656,67.01261138916016,36.950775146484375,87.53744506835938,83.0714340209961,95.23922729492188,65.11932373046875,189.5399932861328,73.39244079589844,38.71989059448242
2023-11-30,442.3828125,383.1310119628906,174.64430236816406,66.95712280273438,37.0256462097168,87.24740600585938,82.11183166503906,94.74008178710938,64.99916076660156,188.75,73.92609405517578,38.97796630859375
2023-12-01,444.99993896484375,384.2247314453125,179.7477569580078,67.6598129272461,37.184757232666016,88.01458740234375,83.65835571289062,95.88074493408203,65.53732299804688,192.00999450683594,75.74417114257812,39.18073272705078
2023-12-04,442.6639099121094,380.6578063964844,181.67245483398438,67.13280487060547,36.76358413696289,87.67826843261719,83.32547760009766,95.44239044189453,65.3734359741211,187.86000061035156,76.29593658447266,39.00100326538086
2023-12-05,442.5766906738281,381.61358642578125,179.24224853515625,66.89241027832031,36.538963317871094,88.25999450683594,85.11579132080078,96.20284271240234,65.4338150024414,187.14999389648438,75.78939819335938,38.31896209716797
2023-12-06,440.793212890625,379.4064636230469,178.92149353027344,67.09581756591797,36.492164611816406,88.48723602294922,86.24932861328125,96.56071472167969,65.44244384765625,187.83999633789062,75.56327056884766,37.74752426147461
2023-12-07,444.1566467285156,384.7075500488281,180.21434020996094,67.4194107055664,36.66999435424805,88.51449584960938,85.75452423095703,96.56967163085938,65.5545654296875,188.14999389648438,75.78035736083984,37.48944854736328
2023-12-08,446.0661315917969,386.42205810546875,181.58497619628906,67.6228256225586,36.51088333129883,88.069091796875,85.05279541015625,96.05077362060547,65.42516326904297,185.63999938964844,75.65373229980469,37.894989013671875
2023-12-11,447.8011779785156,389.7229309082031,181.96409606933594,67.78924560546875,36.72615051269531,88.07819366455078,84.87286376953125,96.02391815185547,65.382080078125,183.58999633789062,75.86176300048828,37.941070556640625
2023-12-12,449.8463439941406,392.8268737792969,181.77938842773438,67.90943145751953,36.735504150390625,88.34178161621094,85.12479400634766,96.56967163085938,65.52867126464844,183.49000549316406,75.81654357910156,37.420318603515625
2023-12-13,456.0497741699219,397.8224792480469,187.9326629638672,68.89871978759766,37.10052490234375,89.45072937011719,87.12197875976562,98.18900299072266,66.52910614013672,187.6300048828125,78.72003936767578,37.941070556640625
2023-12-14,457.513427734375,397.4776611328125,193.16249084472656,69.40723419189453,37.643367767333984,90.17269897460938,89.3882827758789,99.23322296142578,66.82292938232422,188.72999572753906,80.99037170410156,39.05630874633789
2023-12-15,456.7601318359375,399.3990173339844,191.53909301757812,68.73229217529297,37.41874313354492,89.96304321289062,89.48757934570312,99.08956909179688,66.67559051513672,187.0,79.8506851196289,38.84893035888672
2023-12-18,459.3294372558594,401.9146423339844,191.60714721679688,68.89871978759766,37.400028228759766,89.78069305419922,88.77458953857422,98.67655944824219,66.71894073486328,187.85000610351562,79.6697769165039,39.16624069213867
2023-12-19,462.1225280761719,403.96832275390625,195.3204803466797,69.48120880126953,37.71824264526367,89.89010620117188,89.25293731689453,98.80224609375,66.90959167480469,189.1300048828125,80.27580261230469,39.63616180419922
2023-12-20,455.71881103515625,397.9654846191406,191.49986267089844,68.78001403808594,37.03925704956055,90.21826934814453,89.85762023925781,99.06263732910156,66.91825866699219,188.10000610351562,79.2989273071289,39.26859664916992
2023-12-21,460.0398864746094,402.5959167480469,194.75851440429688,69.89404296875,37.73540496826172,90.20915985107422,89.28903198242188,99.0267105102539,67.22161102294922,189.42999267578125,80.00215911865234,39.422142028808594
2023-12-22,460.96441650390625,403.1982116699219,196.57322692871094,69.95957946777344,37.55421447753906,90.09063720703125,88.88285827636719,98.8561019897461,67.14360809326172,190.27000427246094,80.31346893310547,39.53845977783203
2023-12-26,462.91082763671875,405.6665344238281,199.12942504882812,70.27787780761719,37.8498420715332,90.2729721069336,89.13557434082031,99.06263732910156,67.27361297607422,191.72000122070312,80.90868377685547,39.87809753417969
2023-12-27,463.7478332519531,406.4923400878906,199.83189392089844,70.65233612060547,38.069175720214844,90.84727478027344,90.71504974365234,99.98743438720703,67.55095672607422,192.58999633789062,81.30241394042969,39.70130157470703
2023-12-28,463.92303466796875,406.29473876953125,199.0708770751953,70.46510314941406,38.36480712890625,90.64669799804688,90.05620574951172,99.7270736694336,67.33427429199219,191.47000122070312,81.87928009033203,39.09645080566406
2023-12-29,462.5799865722656,404.53643798828125,195.82200622558594,70.54000091552734,38.34573745727539,90.4735107421875,89.24388122558594,99.35892486572266,67.07429504394531,191.1699981689453,80.90868377685547,39.0080451965332
2024-01-02,459.9912109375,397.6907043457031,194.6610107421875,69.75362396240234,37.897525787353516,90.0450668334961,88.72942352294922,98.68553161621094,66.84893035888672,190.72000122070312,81.60459899902344,39.426788330078125
2024-01-03,456.2345886230469,393.4825134277344,189.47052001953125,69.22936248779297,37.68772506713867,90.09063720703125,89.09947967529297,98.4610595703125,66.66693115234375,189.1300048828125,79.65420532226562,40.0688591003418
2024-01-04,454.7650146484375,391.4575500488281,189.09979248046875,69.38851928710938,37.56374740600586,89.72601318359375,87.74565124511719,97.9133529663086,66.40692901611328,189.32000732421875,79.5076904296875,39.36630630493164
2024-01-05,455.3879089355469,391.9217529296875,188.54367065429688,69.4353256225586,37.61143112182617,89.51636505126953,86.90628814697266,97.56319427490234,66.45892333984375,189.35000610351562,79.30624389648438,39.39887237548828
2024-01-08,461.8890075683594,400.0220642089844,191.93893432617188,70.17489624023438,37.716331481933594,89.85362243652344,87.76371002197266,98.30841064453125,66.83161163330078,187.8699951171875,80.4416732788086,38.942909240722656
2024-01-09,461.188232421875,400.8122863769531,190.22178649902344,69.54766845703125,37.18230056762695,89.83541107177734,87.20414733886719,98.47901916503906,66.93559265136719,187.92999267578125,79.90144348144531,38.319454193115234
2024-01-10,463.7965393066406,403.5288391113281,190.32907104492188,69.99701690673828,37.09646987915039,89.6622314453125,86.7979736328125,98.35332489013672,67.05694580078125,187.5,79.99301147460938,37.94259262084961
2024-01-11,463.5921325683594,404.36846923828125,188.83636474609375,69.98765563964844,37.249053955078125,90.17269897460938,87.28536987304688,98.94588470458984,67.27361297607422,187.8699951171875,79.25131225585938,38.04029846191406
2024-01-12,463.9132995605469,404.575927734375,188.52413940429688,70.27787780761719,37.38256072998047,90.3367691040039,87.1138687133789,99.1613998413086,67.34296417236328,189.7100067138672,79.72746276855469,38.46833801269531
2024-01-16,462.21014404296875,404.53643798828125,186.1923370361328,69.09831237792969,36.47660446166992,89.6622314453125,85.57952117919922,98.1557846069336,66.91825866699219,187.91000366210938,79.14143371582031,37.551761627197266
2024-01-17,459.6408996582031,402.2545166015625,184.86549377441406,68.4429931640625,35.93303680419922,89.41607666015625,85.44413757324219,97.94924926757812,66.63224792480469,185.83999633789062,77.69467163085938,37.24003219604492
2024-01-18,463.7283630371094,407.9642028808594,185.95819091796875,69.05149841308594,36.228660583496094,89.33404541015625,84.6499252319336,97.76070404052734,66.77092742919922,187.3699951171875,77.2734603881836,37.17955017089844
2024-01-19,469.5092468261719,416.05450439453125,187.74362182617188,69.21064758300781,36.61011505126953,89.35226440429688,84.92068481445312,97.85948181152344,66.88357543945312,187.92999267578125,78.19828796386719,37.30052185058594
2024-01-22,470.5019836425781,416.5978088378906,191.75352478027344,69.42596435546875,36.2858772277832,89.51636505126953,85.42610931396484,98.12886047363281,66.93559265136719,187.22000122070312,78.665283203125,37.44009780883789
2024-01-23,471.8741455078125,418.3265686035156,191.19741821289062,69.22936248779297,36.600582122802734,89.297607421875,84.74919891357422,97.76966094970703,66.85758972167969,187.9499969482422,78.12503051757812,37.51919174194336
2024-01-24,472.3900146484375,420.6479797363281,189.62664794921875,69.75362396240234,37.01064682006836,89.09703063964844,84.25279998779297,97.58114624023438,66.82292938232422,186.39999389648438,77.0079116821289,38.054256439208984
2024-01-25,474.95928955078125,421.16162109375,191.19741821289062,69.9502182006836,37.058326721191406,89.49811553955078,84.80332946777344,98.22761535644531,67.33427429199219,187.13999938964844,77.99684143066406,38.910343170166016
2024-01-26,474.3559265136719,418.65252685546875,191.2071533203125,70.25914764404297,37.08693313598633,89.39785766601562,84.6408920288086,97.94924926757812,67.28227233886719,187.00999450683594,77.7770767211914,39.19880294799805
2024-01-29,478.1125183105469,422.9396667480469,194.55364990234375,70.67105865478516,37.10600662231445,89.75336456298828,85.61564636230469,98.35332489013672,67.42962646484375,188.3300018310547,78.28985595703125,39.142974853515625
2024-01-30,477.74273681640625,420.1243896484375,192.89505004882812,70.57745361328125,36.81037902832031,89.92655181884766,86.39186096191406,98.6675796508789,67.34296417236328,188.58999633789062,77.55731964111328,39.54775619506836
2024-01-31,469.9472351074219,411.895751953125,188.1826629638672,70.2217025756836,36.61011505126953,90.3367691040039,87.240234375,98.91895294189453,67.15228271484375,188.4499969482422,76.81562805175781,38.80799102783203
2024-02-01,476.09796142578125,416.7460632324219,190.68031311035156,70.91445922851562,36.96296310424805,90.85152435302734,88.95153045654297,99.68397521972656,67.53900909423828,190.41000366210938,78.20745086669922,38.80333709716797
2024-02-02,481.1100769042969,423.7892150878906,189.67539978027344,70.3527603149414,36.85806655883789,90.01951599121094,86.9866943359375,98.77389526367188,67.23413848876953,188.61000061035156,77.23683166503906,38.859161376953125
2024-02-05,479.35821533203125,423.2361145019531,187.2655792236328,69.97830200195312,36.90574264526367,89.2789535522461,85.23011779785156,97.82779693603516,66.92058563232422,187.57000732421875,75.61609649658203,38.761451721191406
2024-02-06,480.74993896484375,422.3865051269531,188.9534454345703,70.408935546875,37.74494552612305,89.7452621459961,86.06315612792969,98.37744140625,67.16448211669922,188.5500030517578,76.63249206542969,38.88707733154297
2024-02-07,484.7596435546875,426.7330017089844,188.51437377929688,70.3714828491211,37.792625427246094,89.56239318847656,85.64664459228516,98.089111328125,67.27769470214844,188.5,76.5226058959961,38.966182708740234
2024-02-08,484.97369384765625,427.5232238769531,191.37301635742188,70.2497787475586,37.58282470703125,89.2880859375,85.1486587524414,97.58450317382812,67.24285888671875,188.3300018310547,77.145263671875,39.36630630493164
2024-02-09,487.7766418457031,431.7313537597656,194.4853515625,70.4931869506836,37.74494552612305,89.26066589355469,84.97660827636719,97.45835876464844,67.3822250366211,187.60000610351562,77.2643051147461,38.761451721191406
2024-02-12,487.5625,430.04217529296875,198.01719665527344,70.6148910522461,38.04056930541992,89.2789535522461,85.07617950439453,97.46736145019531,67.23413848876953,187.11000061035156,77.28262329101562,39.18950653076172
2024-02-13,480.8472595214844,423.3348693847656,189.87054443359375,69.52893829345703,37.325340270996094,88.45610809326172,83.6184310913086,96.39511108398438,66.69410705566406,184.52999877929688,75.6893539428711,38.79402542114258
2024-02-14,485.21697998046875,427.947998046875,194.2804412841797,70.30596160888672,37.859378814697266,88.84922790527344,84.04399871826172,96.84562683105469,66.95541381835938,184.4199981689453,76.28453826904297,38.756805419921875
2024-02-15,488.56488037109375,429.2222900390625,199.46115112304688,71.10169219970703,38.04056930541992,89.05953979492188,84.4786148071289,97.1970443725586,67.19058990478516,185.66000366210938,78.0609359741211,39.83623123168945
2024-02-16,486.1318359375,425.3302917480469,196.74884033203125,71.21403503417969,38.221763610839844,88.77609252929688,83.9896469116211,96.84562683105469,66.99026489257812,186.33999633789062,77.2551498413086,39.81296157836914
2024-02-20,483.4555358886719,422.11981201171875,194.03656005859375,71.5042495727539,38.27897644042969,88.85836029052734,84.06209564208984,97.1700210571289,67.12964630126953,187.47000122070312,77.11781311035156,39.45005416870117
2024-02-21,483.8934326171875,420.43060302734375,193.1194305419922,71.56041717529297,38.34573745727539,88.59322357177734,83.46451568603516,96.9267349243164,67.00768280029297,187.47999572753906,77.54816436767578,40.1898307800293
2024-02-22,493.9078369140625,432.739013671875,194.58291625976562,72.36552429199219,38.73672103881836,88.6663818359375,83.87195587158203,97.07990264892578,67.32996368408203,187.55999755859375,77.69467163085938,40.25961685180664
2024-02-23,494.2484436035156,431.4646911621094,195.02194213867188,72.45913696289062,38.7176513671875,88.99551391601562,84.99469757080078,97.36823272705078,67.3735122680664,188.6199951171875,77.65804290771484,39.994415283203125
2024-02-26,492.4382629394531,431.2374572753906,196.2512664794922,72.35615539550781,38.545997619628906,88.80354309082031,84.74118041992188,97.0618896484375,67.15576171875,188.1999969482422,76.80645751953125,40.13400650024414
2024-02-27,493.35308837890625,432.2746887207031,199.0318603515625,72.55274963378906,38.622291564941406,88.68466186523438,84.14358520507812,96.9267349243164,67.24285888671875,188.0,76.89804077148438,39.96184539794922
2024-02-28,492.7010498046875,429.9730529785156,197.39279174804688,72.13147735595703,38.11686325073242,88.85836029052734,84.67778015136719,96.91770935058594,67.23413848876953,188.33999633789062,77.67635345458984,39.882755279541016
2024-02-29,494.4722900390625,433.65765380859375,198.76840209960938,72.31871032714844,38.13593673706055,89.00469207763672,85.27539825439453,97.00782012939453,67.35609436035156,189.30999755859375,78.33564758300781,40.078163146972656
2024-03-01,499.1145324707031,440.1871643066406,200.8758087158203,73.02083587646484,38.60321807861328,89.4319839477539,85.8067398071289,97.5983657836914,67.6083755493164,192.88999938964844,79.2696304321289,40.54343032836914
2024-03-04,498.57928466796875,438.6165771484375,200.6904754638672,72.83360290527344,38.51738739013672,89.2119140625,85.46160125732422,97.4175033569336,67.59087371826172,196.00999450683594,80.01131439208984,40.11073303222656
2024-03-05,493.59637451171875,430.74359130859375,198.76840209960938,72.70254516601562,38.17407989501953,89.69791412353516,86.6787338256836,97.9510726928711,67.53829956054688,197.19000244140625,79.04070281982422,40.40850830078125
2024-03-06,496.09759521484375,433.4501953125,200.25140380859375,73.56381225585938,38.72718811035156,89.83545684814453,87.18733978271484,98.21331787109375,67.70474243164062,198.80999755859375,79.43444061279297,40.53413009643555
2024-03-07,501.0220947265625,440.0292053222656,201.9197998046875,74.4344482421875,38.96560287475586,90.02800750732422,87.10562133789062,98.45750427246094,67.78357696533203,199.94000244140625,79.4161376953125,40.87842559814453
2024-03-08,498.01483154296875,433.6774597167969,201.79295349121094,74.1910400390625,38.927452087402344,90.11054229736328,86.95122528076172,98.59317779541016,67.80109405517578,201.6300048828125,80.3318099975586,41.02265548706055
2024-03-11,497.5866394042969,432.0672912597656,200.19290161132812,73.76976776123047,39.013282775878906,90.00969696044922,86.90579223632812,98.61126708984375,67.79234313964844,202.0,79.94722747802734,41.446048736572266
2024-03-12,502.9393310546875,438.26092529296875,199.91970825195312,74.35954284667969,39.442420959472656,89.78042602539062,86.17915344238281,98.29471588134766,67.85366821289062,199.7899932861328,79.77324676513672,41.380916595458984
2024-03-13,502.1509704589844,434.8924865722656,200.70022583007812,74.36891174316406,39.31844711303711,89.61534881591797,85.7613525390625,98.19525146484375,67.87991333007812,201.19000244140625,79.37035369873047,42.041595458984375
2024-03-14,501.1582946777344,433.79595947265625,197.10984802246094,73.82593536376953,39.11818313598633,89.04683685302734,84.44432830810547,97.47175598144531,67.55582427978516,200.35000610351562,78.17997741699219,42.47429656982422
2024-03-15,497.71710205078125,428.6394958496094,197.4805908203125,73.85401916503906,38.87976837158203,89.03767395019531,84.41706848144531,97.4988784790039,67.51202392578125,199.7100067138672,78.0060043334961,42.599918365478516
2024-03-18,500.6750793457031,432.72760009765625,196.34881591796875,73.83529663085938,38.94652557373047,88.94596862792969,84.16275024414062,97.33611297607422,67.669677734375,200.02999877929688,78.0426254272461,42.7471923828125
2024-03-19,503.4574279785156,433.8057556152344,197.17816162109375,73.96636199951172,38.75579833984375,89.16605377197266,84.39888763427734,97.61647033691406,67.94126892089844,199.8000030517578,78.01515197753906,43.234981536865234
2024-03-20,508.114013671875,438.9492492675781,201.08070373535156,74.75273895263672,39.19447326660156,89.34945678710938,84.37165069580078,97.79733276367188,68.16901397705078,202.17999267578125,78.5279312133789,43.17401123046875
2024-03-21,509.793212890625,441.0264587402344,203.39105224609375,74.71529388427734,39.242156982421875,89.41365051269531,84.55329132080078,97.94203186035156,68.13397216796875,201.97000122070312,79.09564208984375,43.431968688964844
2024-03-22,508.8266906738281,441.53094482421875,200.5838623046875,74.55614471435547,38.96560287475586,89.69791412353516,85.3616943359375,98.2766342163086,68.06390380859375,200.35000610351562,78.10011291503906,43.338165283203125
2024-03-25,507.4209289550781,439.9284973144531,201.04354858398438,74.3969955444336,38.994205474853516,89.53285217285156,84.93477630615234,97.94203186035156,67.9587631225586,200.99000549316406,77.61990356445312,43.74153518676758
2024-03-26,506.4837646484375,438.504150390625,200.68162536621094,74.48124694824219,38.96560287475586,89.62454223632812,85.17092895507812,97.91488647460938,67.87991333007812,201.63999938964844,77.305908203125,43.40382766723633
2024-03-27,510.7401428222656,439.99774169921875,205.0538787841797,74.93061065673828,39.032352447509766,89.91796875,86.01566314697266,98.59317779541016,68.23907470703125,203.10000610351562,79.3006591796875,43.80719757080078
2024-03-28,510.6425476074219,439.1866760253906,205.69943237304688,74.76210021972656,39.17539596557617,89.80793762207031,85.94300842285156,98.50272369384766,68.09014129638672,205.72000122070312,79.8639907836914,44.280914306640625
2024-04-01,509.754150390625,440.11651611328125,203.7627410888672,74.44380950927734,39.242156982421875,89.15496826171875,84.3409423828125,97.5595474243164,67.81282806396484,207.82000732421875,78.52491760253906,44.609230041503906
2024-04-02,506.51300048828125,436.318115234375,200.01651000976562,73.9195556640625,39.366127014160156,89.09059143066406,83.87615966796875,97.41429901123047,67.69835662841797,210.88999938964844,77.53678131103516,45.233036041259766
2024-04-03,507.0693054199219,437.29742431640625,201.32720947265625,74.33146667480469,39.39473342895508,89.145751953125,83.8579330444336,97.47784423828125,67.75119018554688,212.74000549316406,77.61990356445312,45.542598724365234
2024-04-04,500.8800964355469,430.61083984375,199.3123016357422,73.69487762451172,39.251686096191406,89.3572998046875,84.45940399169922,97.5867691040039,67.69835662841797,211.52000427246094,77.12120819091797,45.51445388793945
2024-04-05,506.11273193359375,435.68511962890625,199.97738647460938,73.92890930175781,39.33751678466797,88.91583251953125,83.2838134765625,97.16011810302734,67.63674926757812,215.13999938964844,77.518310546875,46.00224304199219
2024-04-08,506.39581298828125,435.813720703125,201.0729217529297,74.29401397705078,39.59499740600586,88.83306884765625,83.27470397949219,97.15103149414062,67.79521179199219,216.47999572753906,78.34944915771484,45.71144485473633
2024-04-09,506.9815979003906,437.426025390625,201.8651885986328,74.28466033935547,39.86201858520508,89.13656616210938,84.04932403564453,97.65032196044922,67.93611145019531,217.6699981689453,79.39300537109375,45.725521087646484
2024-04-10,501.9051208496094,433.60797119140625,196.53439331054688,73.30168151855469,39.31844711303711,88.0697021484375,82.21758270263672,96.26140594482422,67.33738708496094,215.61000061035156,76.10536193847656,45.86622619628906
2024-04-11,505.6929016113281,440.5318908691406,197.86465454101562,73.49828338623047,39.55685806274414,88.0881118774414,81.84396362304688,96.06169891357422,67.2757568359375,219.8000030517578,76.36394500732422,45.83338928222656
2024-04-12,498.7128601074219,433.5090026855469,194.3434295654297,72.3093490600586,38.65089416503906,88.25365447998047,82.28138732910156,96.27955627441406,67.24052429199219,216.88999938964844,75.45892333984375,45.087642669677734
2024-04-15,492.46490478515625,426.3773193359375,191.49705505371094,72.09403228759766,38.402950286865234,87.7202377319336,81.00556945800781,95.21743774414062,66.8531265258789,220.9499969482422,74.17525482177734,44.6655158996582
2024-04-16,491.56671142578125,426.4168701171875,190.79283142089844,71.3825454711914,37.897525787353516,87.471923828125,80.4678955078125,94.89971923828125,66.63301849365234,221.22000122070312,73.13169860839844,44.27622604370117
2024-04-17,488.6575622558594,421.21405029296875,188.77789306640625,71.42935943603516,37.86891555786133,87.87660217285156,81.36096954345703,95.41718292236328,66.72105407714844,219.58999633789062,72.59606170654297,44.14958572387695
2024-04-18,487.65203857421875,418.8104553222656,188.62139892578125,71.23275756835938,38.0214958190918,87.62825775146484,80.95086669921875,95.2265396118164,66.77388763427734,220.33999633789062,72.60530090332031,44.01356506347656
2024-04-19,483.3956604003906,410.1455993652344,188.91482543945312,71.26084899902344,37.86891555786133,87.7202377319336,81.24250793457031,95.3263931274414,66.89714050292969,221.02999877929688,72.95623779296875,44.5435676574707
2024-04-22,487.8472900390625,414.27032470703125,191.02755737304688,72.09403228759766,38.27897644042969,87.77542877197266,81.10579681396484,95.56240844726562,67.26695251464844,215.57000732421875,73.6026840209961,44.83436965942383
2024-04-23,493.63641357421875,420.45245361328125,194.2260284423828,72.88040924072266,38.59368133544922,87.9593505859375,81.13314819335938,95.72582244873047,67.53988647460938,215.0399932861328,74.27684020996094,45.082950592041016
2024-04-24,493.4021301269531,421.8768005371094,193.35549926757812,72.73998260498047,38.72718811035156,87.72945404052734,80.55902862548828,95.3536376953125,67.39021301269531,214.63999938964844,74.41535186767578,45.115779876708984
2024-04-25,491.52764892578125,419.8392028808594,192.18174743652344,72.40296936035156,38.813018798828125,87.48110961914062,79.99401092529297,95.07220458984375,67.24932861328125,215.9199981689453,73.99054718017578,45.3221549987793
2024-04-26,496.18438720703125,426.3179626464844,194.02061462402344,72.98338317871094,39.261226654052734,87.67426300048828,80.4132080078125,95.43533325195312,67.46063232421875,216.6199951171875,74.02750396728516,44.90471649169922
2024-04-29,497.94158935546875,428.0489807128906,195.58563232421875,73.26423645019531,39.642677307128906,87.94098663330078,81.08758544921875,95.8347396850586,67.66315460205078,216.17999267578125,74.7847671508789,45.20957946777344
2024-04-30,490.0535583496094,419.97760009765625,191.61444091796875,72.33743286132812,39.08957290649414,87.5822982788086,80.39501190185547,95.3082275390625,67.17007446289062,211.8699951171875,73.51957702636719,43.86347961425781
2024-05-01,488.4623107910156,416.94097900390625,192.01548767089844,72.17829132080078,39.12771224975586,87.89134979248047,80.98756408691406,95.7046890258789,67.52411651611328,213.7899932861328,73.54727935791016,43.16463088989258
2024-05-02,493.0311279296875,422.26251220703125,195.54649353027344,73.15189361572266,40.138572692871094,88.28802490234375,81.3351058959961,96.2970962524414,67.94013214111328,213.1300048828125,74.58159637451172,43.4132080078125
2024-05-03,499.1424255371094,430.7493591308594,197.48316955566406,73.88211059570312,40.50095748901367,88.74008178710938,82.15814971923828,96.97152709960938,68.22335052490234,212.9600067138672,75.08027648925781,43.417903900146484
2024-05-06,504.2969665527344,435.4674987792969,200.03607177734375,74.38763427734375,40.53909683227539,88.8046646118164,82.47820281982422,97.24493408203125,68.30301666259766,215.1999969482422,75.14492797851562,43.76028823852539
2024-05-07,504.8534240722656,435.5367431640625,200.48602294921875,74.584228515625,40.31022262573242,88.98918151855469,82.98118591308594,97.29049682617188,68.3118667602539,214.2100067138672,75.85601043701172,43.718082427978516
2024-05-08,504.9021911621094,435.279541015625,199.32205200195312,74.49996948242188,40.31976318359375,88.8046646118164,82.47820281982422,97.04442596435547,68.15254974365234,213.5800018310547,75.21881103515625,43.66648483276367
2024-05-09,507.8113708496094,436.2291259765625,201.35655212402344,75.07102966308594,40.44373321533203,88.97073364257812,82.880615234375,97.1993637084961,68.17024230957031,216.9499969482422,76.76104736328125,44.252769470214844
2024-05-10,508.46551513671875,437.25787353515625,199.84048461914062,75.21145629882812,40.529563903808594,88.78622436523438,82.41419219970703,96.88948822021484,68.06404876708984,218.7100067138672,76.54864501953125,44.008880615234375
2024-05-13,508.5338439941406,438.2667541503906,200.2610626220703,75.21145629882812,40.8347282409668,88.83233642578125,82.62452697753906,96.92594909667969,68.04634094238281,216.25999450683594,76.79798889160156,43.89161682128906
2024-05-14,510.8671569824219,441.0858154296875,202.3346710205078,75.77315521240234,41.05406188964844,89.07221221923828,83.09093475341797,97.2084732055664,68.15254974365234,218.08999633789062,77.38902282714844,43.947906494140625
2024-05-15,517.1930541992188,447.9800720214844,204.8582305908203,76.5782699584961,41.49273681640625,89.66262817382812,84.22491455078125,98.07429504394531,68.55084991455078,220.88999938964844,78.46028137207031,44.0463981628418
2024-05-16,516.1289672851562,447.070068359375,203.38125610351562,76.16635131835938,41.57855987548828,89.56114196777344,84.14260864257812,97.91934967041016,68.39151763916016,220.02999877929688,78.40486907958984,43.9244499206543
2024-05-17,516.8709106445312,446.85247802734375,203.5279998779297,76.42847442626953,41.7597541809082,89.27517700195312,83.57560729980469,97.69151306152344,68.400390625,223.66000366210938,78.3956298828125,44.53887939453125
2024-05-20,517.4663696289062,449.96826171875,203.97792053222656,76.4846420288086,41.60717010498047,89.192138671875,83.32869720458984,97.64595031738281,68.435791015625,224.55999755859375,77.93389892578125,44.248077392578125
2024-05-21,518.7354736328125,450.8486022949219,203.7823028564453,76.3629379272461,41.349693298339844,89.35819244384766,83.75851440429688,97.80998992919922,68.38267517089844,224.22999572753906,77.90617370605469,44.03232955932617
2024-05-22,517.241943359375,450.75958251953125,202.06080627441406,75.64210510253906,41.216182708740234,89.24748229980469,83.85908508300781,97.6641845703125,68.2322006225586,220.11000061035156,77.20433044433594,43.188079833984375
2024-05-23,513.4638061523438,448.7318420410156,198.74497985839844,75.25827026367188,40.9110221862793,88.99839782714844,83.31953430175781,97.23580932617188,67.99323272705078,215.72000122070312,75.54203796386719,42.794090270996094
2024-05-24,516.8612060546875,452.97528076171875,200.94577026367188,75.87613677978516,41.02545166015625,89.09988403320312,83.5664291381836,97.50012969970703,68.2322006225586,215.9199981689453,75.59745025634766,42.85506820678711
2024-05-28,517.222412109375,454.68646240234375,200.671875,75.84805297851562,40.96823501586914,88.68473052978516,82.36846923828125,96.91683959960938,67.95783233642578,218.19000244140625,75.09874725341797,43.29595184326172
2024-05-29,513.6005249023438,451.4816589355469,197.70814514160156,74.6497573852539,40.35791015625,88.34337615966797,81.37167358398438,96.39733123779297,67.75424194335938,216.16000366210938,74.36918640136719,42.53144454956055
2024-05-30,510.1934814453125,446.644775390625,199.58616638183594,75.2770004272461,40.243473052978516,88.75850677490234,82.15814971923828,96.98973846435547,68.02864074707031,216.57000732421875,75.45892333984375,42.653385162353516
2024-05-31,514.8402709960938,445.81390380859375,201.26852416992188,75.99783325195312,39.852481842041016,89.0445327758789,82.71598052978516,97.4180908203125,68.2676010131836,215.3000030517578,76.87187194824219,43.7133903503418
2024-06-03,515.2601318359375,448.2076110839844,200.13389587402344,76.21316528320312,40.27207946777344,89.5831298828125,84.0538558959961,98.09051513671875,68.47925567626953,217.22000122070312,76.69640350341797,42.5689582824707
2024-06-04,515.8361206054688,449.4341125488281,197.5516357421875,76.11953735351562,39.709434509277344,89.90705108642578,85.03572845458984,98.47476196289062,68.44367218017578,215.27000427246094,77.28743743896484,42.160911560058594
2024-06-05,521.9668579101562,458.4945983886719,200.57403564453125,76.65315246582031,40.34837341308594,90.18467712402344,85.65970611572266,98.8041000366211,68.66598510742188,217.82000732421875,77.19508361816406,42.15621566772461
2024-06-06,521.9571533203125,458.3363342285156,199.13621520996094,76.91529083251953,40.54863357543945,90.21245574951172,85.53123474121094,98.74006652832031,68.55038452148438,219.42999267578125,77.34285736083984,42.37665939331055
2024-06-07,521.3226318359375,457.9308166503906,196.79849243164062,76.08209228515625,40.09088897705078,89.41654968261719,83.96210479736328,97.85263061523438,68.37252044677734,211.60000610351562,76.61329650878906,42.20781326293945
2024-06-10,522.933349609375,459.7804870605469,197.47341918945312,76.02592468261719,40.32929611206055,89.3425064086914,83.40234375,97.6513900756836,68.43479919433594,213.5399932861328,76.87187194824219,42.5267448425293
2024-06-11,524.1927490234375,462.9358215332031,196.79856872558594,75.16200256347656,40.19486618041992,89.64793395996094,84.26493835449219,98.07221221923828,68.52369689941406,214.14999389648438,76.59481811523438,42.44232177734375
2024-06-12,528.4979248046875,468.9992370605469,199.81961059570312,76.0478286743164,40.59815979003906,90.07362365722656,84.89807891845703,98.67603302001953,68.79936218261719,214.72000122070312,77.27821350097656,41.987369537353516
2024-06-13,529.5620727539062,471.54132080078125,198.0736846923828,74.96197509765625,40.502140045166016,90.527099609375,86.14603424072266,99.14259338378906,68.79048156738281,212.97000122070312,77.59220123291016,41.60276412963867
2024-06-14,529.8843383789062,473.9844970703125,194.92514038085938,74.13330078125,40.550148010253906,90.61962890625,86.87096405029297,99.22493743896484,68.52369689941406,215.72999572753906,77.57372283935547,41.29320526123047
2024-06-17,534.1015625,479.79071044921875,196.5631866455078,74.42857360839844,40.809410095214844,90.29571533203125,86.00841522216797,98.75835418701172,68.56817626953125,214.61000061035156,77.26896667480469,41.40107727050781
2024-06-18,535.45849609375,479.9391174316406,196.90646362304688,74.7238540649414,41.183895111083984,90.61962890625,86.79755401611328,99.21578979492188,68.78158569335938,215.47000122070312,77.57372283935547,41.574623107910156
2024-06-20,534.0038452148438,476.2397766113281,196.07275390625,74.77147674560547,41.11668014526367,90.46233367919922,86.21943664550781,98.88643646240234,68.73712158203125,218.16000366210938,77.35209655761719,42.33913803100586
2024-06-21,533.2880249023438,474.9637756347656,196.51414489746094,74.24759674072266,40.9726448059082,90.4715805053711,86.21943664550781,98.91388702392578,68.81715393066406,214.77999877929688,77.54601287841797,42.095237731933594
2024-06-24,531.5545043945312,469.556396484375,197.36749267578125,74.83815002441406,40.9726448059082,90.54560089111328,86.56815338134766,99.0145034790039,68.7459945678711,215.6300048828125,78.14629364013672,43.15666198730469
2024-06-25,533.6015014648438,474.92608642578125,196.72010803222656,75.01912689208984,40.876625061035156,90.53634643554688,86.71498107910156,98.9779281616211,68.8349380493164,214.55999755859375,77.18585968017578,43.255950927734375
2024-06-26,534.2673950195312,475.9068908691406,196.2002410888672,74.4666748046875,40.790199279785156,90.129150390625,85.47620391845703,98.43817138671875,68.68376922607422,212.5800018310547,76.94573974609375,42.8304328918457
2024-06-27,535.109619140625,477.1353454589844,198.19140625,74.5238265991211,40.819007873535156,90.2772216796875,85.8156967163086,98.6302719116211,68.7638168334961,214.99000549316406,77.69378662109375,42.92972183227539
2024-06-28,533.0040283203125,474.6585693359375,199.00552368164062,74.60955810546875,40.89582824707031,89.8330078125,84.21905517578125,97.99903869628906,68.59484100341797,215.00999450683594,78.31366729736328,43.09520721435547
2024-07-01,534.1009521484375,477.4425354003906,197.33804321289062,74.7428970336914,40.99184799194336,89.35121154785156,82.7655258178711,97.41697692871094,68.58143615722656,215.57000732421875,77.57503509521484,43.118839263916016
2024-07-02,537.6953125,482.45550537109375,198.01483154296875,74.92388153076172,41.11668014526367,89.64828491210938,83.40986633300781,98.04126739501953,68.76919555664062,215.55999755859375,77.9396743774414,43.08574676513672
2024-07-03,540.0947875976562,486.477783203125,197.96578979492188,75.7811279296875,41.72161865234375,90.13097381591797,84.50534057617188,98.76654815673828,69.01053619384766,217.99000549316406,77.8648681640625,43.274864196777344
2024-07-05,543.2093505859375,491.5502014160156,197.02418518066406,76.28595733642578,41.89445877075195,90.58588409423828,85.20489501953125,99.2806625366211,69.21613311767578,220.92999267578125,78.0799331665039,42.5987663269043
2024-07-08,543.8361206054688,492.71923828125,198.40716552734375,75.90496063232422,41.90406036376953,90.61373138427734,85.38904571533203,99.27145385742188,69.1982421875,218.19000244140625,78.33236694335938,42.33873748779297
2024-07-09,544.3649291992188,493.14520263671875,197.5440216064453,75.60015869140625,42.076904296875,90.5301742553711,85.01163482666016,99.08787536621094,69.11780548095703,218.55999755859375,78.31366729736328,41.9652214050293
2024-07-10,549.7515869140625,498.2870178222656,199.47630310058594,76.66695404052734,42.31695556640625,90.6230239868164,85.27857971191406,99.32656860351562,69.27870178222656,219.36000061035156,78.89334106445312,42.2489013671875
2024-07-11,545.0112915039062,487.3594970703125,206.6463623046875,76.88603973388672,42.56661605834961,91.0871810913086,86.1070556640625,99.85903930664062,69.52899932861328,223.25,81.15599822998047,42.688602447509766
2024-07-12,548.4490356445312,490.2226867675781,209.0592498779297,77.70519256591797,42.73945236206055,91.33782196044922,86.47529602050781,100.22628021240234,69.70780944824219,223.11000061035156,81.77307891845703,42.79734420776367
2024-07-15,549.9573364257812,491.540283203125,213.03170776367188,77.0193862915039,42.288150787353516,91.02220153808594,85.48109436035156,99.67543029785156,69.71670532226562,223.8300018310547,82.32471466064453,43.445072174072266
2024-07-16,553.2186279296875,491.728515625,220.2998504638672,77.39086151123047,42.52820587158203,91.3935317993164,86.68700408935547,100.2538070678711,69.9848861694336,228.2899932861328,83.33448791503906,43.638916015625
2024-07-17,545.4619140625,477.2939147949219,217.99484252929688,76.98129272460938,41.83684539794922,91.45849609375,86.70540618896484,100.29972076416016,69.90444946289062,227.22999572753906,83.90482330322266,44.073883056640625
2024-07-18,541.2700805664062,475.0350341796875,213.7771453857422,76.21928405761719,41.443153381347656,91.20785522460938,86.04261016845703,99.86822509765625,69.76140594482422,225.77999877929688,83.16619873046875,44.154266357421875
2024-07-19,537.6756591796875,470.8245544433594,212.6884307861328,75.75255584716797,41.03986358642578,91.02220153808594,85.53632354736328,99.50100708007812,69.70780944824219,221.72999572753906,83.01660919189453,43.67201614379883
2024-07-22,543.2190551757812,477.8387756347656,216.07235717773438,76.55266571044922,41.38554000854492,90.98506927490234,85.28778076171875,99.44591522216797,69.96701049804688,221.8000030517578,83.87678527832031,43.39778518676758
2024-07-23,542.3670654296875,476.154541015625,218.36758422851562,76.12403106689453,41.020660400390625,90.97578430175781,85.16810607910156,99.37246704101562,69.97595977783203,222.5800018310547,83.81132507324219,42.707515716552734
2024-07-24,530.0756225585938,459.0747985839844,213.6790771484375,75.16200256347656,40.42531967163086,90.6972885131836,84.24757385253906,98.76654815673828,69.7524642944336,221.8000030517578,82.5771484375,42.71223831176758
2024-07-25,527.3136596679688,454.0122375488281,216.34701538085938,74.68576049804688,40.2620849609375,90.94792175292969,84.93798065185547,99.16130828857422,69.76140594482422,218.3300018310547,82.3060302734375,43.449798583984375
2024-07-26,533.219482421875,458.6685791015625,219.9271240234375,75.63825988769531,40.67498016357422,91.27284240722656,85.60076904296875,99.7121353149414,69.9848861694336,220.6300048828125,83.74588775634766,43.58690643310547
2024-07-29,533.5328369140625,459.5899353027344,217.4847869873047,75.30488586425781,40.54054641723633,91.42137908935547,86.06103515625,99.92330169677734,69.9223403930664,220.32000732421875,84.17597198486328,43.21340560913086
2024-07-30,530.8297119140625,453.27911376953125,218.3087158203125,75.47633361816406,40.35810470581055,91.51420593261719,86.39241790771484,100.00593566894531,69.95807647705078,222.52000427246094,84.83045959472656,43.884765625
2024-07-31,539.4581909179688,466.6933288574219,219.57400512695312,76.54312896728516,41.24150848388672,92.00623321533203,87.2761459350586,100.58432006835938,70.20836639404297,226.5500030517578,84.53126525878906,44.069156646728516
2024-08-01,531.8189697265625,455.38934326171875,212.43341064453125,74.51431274414062,40.52134323120117,92.3917465209961,88.02885437011719,100.9178466796875,70.05472564697266,225.77000427246094,85.38209533691406,42.9013557434082
2024-08-02,521.9172973632812,444.5806579589844,204.92005920410156,73.34272003173828,39.94520568847656,93.42534637451172,90.77195739746094,101.90373992919922,69.82107543945312,225.33999633789062,85.33534240722656,41.795021057128906
2024-08-05,506.7171630859375,431.32501220703125,198.32872009277344,71.74252319335938,38.81214904785156,93.35083770751953,91.25227355957031,101.645751953125,69.38973999023438,222.47999572753906,82.89505767822266,40.873069763183594
2024-08-06,511.3888244628906,435.4463195800781,200.48658752441406,71.86634826660156,39.03300094604492,92.79214477539062,89.21110534667969,100.98235321044922,69.65035247802734,220.6999969482422,84.53126525878906,41.123653411865234
2024-08-07,507.9707336425781,430.73052978515625,198.1129150390625,72.20924377441406,39.27305603027344,92.5127944946289,88.58304595947266,100.52165985107422,69.7851333618164,220.5500030517578,83.95158386230469,41.28913116455078
2024-08-08,519.7137451171875,443.906982421875,202.92892456054688,73.41893005371094,40.16606140136719,92.37309265136719,88.03813171386719,100.56773376464844,70.07270050048828,224.00999450683594,84.77436065673828,42.1779899597168
2024-08-09,522.0054321289062,446.22528076171875,202.5071563720703,73.70467376708984,40.38691329956055,92.69902038574219,88.90632629394531,101.08373260498047,70.06370544433594,224.55999755859375,85.16703033447266,42.272544860839844
2024-08-12,522.2796630859375,447.186279296875,200.68276977539062,73.63799285888672,40.52134323120117,92.8573226928711,89.22958374023438,101.29561614990234,70.10861206054688,228.41000366210938,84.54061126708984,42.480567932128906
2024-08-13,530.8689575195312,458.28216552734375,203.98826599121094,74.90483093261719,40.9726448059082,93.22981262207031,89.84840393066406,102.00506591796875,70.43212127685547,228.05999755859375,85.27924346923828,42.06924057006836
2024-08-14,532.543701171875,458.4308166503906,202.72293090820312,75.18106079101562,40.751792907714844,93.39739227294922,90.41178131103516,102.45654296875,70.55790710449219,226.1999969482422,85.5036392211914,42.31509017944336
2024-08-15,541.671630859375,470.01220703125,207.9803009033203,76.095458984375,41.20309829711914,93.00630950927734,89.68213653564453,102.14329528808594,70.62083435058594,226.91000366210938,85.43819427490234,42.82097625732422
2024-08-16,542.885986328125,470.6165466308594,208.5296173095703,76.51455688476562,41.68321228027344,93.22981262207031,89.99617004394531,102.44734954833984,70.84548950195312,231.99000549316406,85.39144134521484,42.773704528808594
2024-08-19,548.0767211914062,476.79852294921875,211.079833984375,77.44800567626953,42.08650207519531,93.33222198486328,90.41178131103516,102.68689727783203,70.9623031616211,231.61000061035156,86.10202026367188,43.06210708618164
2024-08-20,547.1856079101562,475.7979736328125,208.61788940429688,77.20988464355469,41.76002883911133,93.61158752441406,91.13221740722656,102.95408630371094,70.89940643310547,232.4600067138672,85.99919128417969,41.92740249633789
2024-08-21,549.0660400390625,478.0171203613281,211.3348388671875,77.92426300048828,41.92326736450195,93.78849029541016,91.1876220703125,103.18443298339844,71.06114196777344,232.14999389648438,86.45732116699219,41.998321533203125
2024-08-22,544.7566528320312,470.4382629394531,209.47122192382812,77.4670639038086,41.404747009277344,93.40672302246094,90.28246307373047,102.7606201171875,70.9712905883789,229.3699951171875,86.70975494384766,42.107059478759766
2024-08-23,550.5448608398438,475.54034423828125,216.16065979003906,78.88629150390625,42.096107482910156,93.83505249023438,90.87358856201172,103.35028839111328,71.34868621826172,232.02000427246094,88.61711883544922,42.735877990722656
2024-08-26,549.2325439453125,470.92364501953125,216.22930908203125,78.53386688232422,41.74082565307617,93.75123596191406,90.64269256591797,103.2212905883789,71.20492553710938,232.75999450683594,88.5797119140625,43.118839263916016
2024-08-27,549.9866333007812,472.3304443359375,214.55203247070312,78.89582061767578,41.79843521118164,93.7791748046875,90.48567962646484,103.13837432861328,71.24983215332031,233.38999938964844,88.71060180664062,42.71696853637695
2024-08-28,546.7938842773438,466.970703125,213.10037231445312,78.61959838867188,41.5391731262207,93.69538879394531,90.37483215332031,102.92646026611328,71.21391296386719,231.75,88.36466979980469,42.44274139404297
2024-08-29,546.8427124023438,466.287109375,214.62071228027344,78.91486358642578,41.55838394165039,93.57431030273438,90.07930755615234,102.75137329101562,71.2857894897461,232.9499969482422,88.0935287475586,42.99591827392578
2024-08-30,552.06298828125,471.844970703125,215.86639404296875,79.0386962890625,41.644798278808594,93.35083770751953,89.11873626708984,102.46576690673828,71.29476928710938,231.2899932861328,88.94435119628906,43.15666198730469
2024-09-03,540.7020874023438,457.51934814453125,209.26524353027344,77.7909164428711,40.819007873535156,93.74503326416016,90.5762939453125,102.77556610107422,71.0419692993164,230.2899932861328,88.89761352539062,42.083431243896484
2024-09-04,539.5953369140625,456.3304748535156,208.91213989257812,77.44800567626953,40.809410095214844,94.15605163574219,91.74384307861328,103.41362762451172,71.30381774902344,230.42999267578125,89.1500473022461,41.501888275146484
2024-09-05,538.2828979492188,456.75653076171875,207.87240600585938,77.4670639038086,40.86701965332031,94.39888763427734,92.26274871826172,103.92223358154297,71.547607421875,232.35000610351562,88.8602066040039,41.18038558959961
2024-09-06,529.2235107421875,444.5212707519531,203.9195556640625,76.0097427368164,40.118045806884766,94.52033233642578,92.25347900390625,103.87599182128906,71.45732116699219,230.6300048828125,88.77606201171875,40.6650390625
2024-09-09,535.1488037109375,450.23760986328125,204.4884796142578,76.771728515625,40.45412826538086,94.6604232788086,92.65190124511719,104.10714721679688,71.62886810302734,231.60000610351562,89.76714324951172,40.95817184448242
2024-09-10,537.4798583984375,454.39862060546875,204.3217315673828,76.39073181152344,40.30049133300781,94.94999694824219,93.30054473876953,104.39384460449219,71.49342346191406,232.6199951171875,91.0667495727539,40.25370788574219
2024-09-11,542.9937744140625,464.26605224609375,204.92005920410156,76.84793853759766,40.59815979003906,94.92196655273438,93.22639465332031,104.44010162353516,71.60179138183594,232.25,90.88910675048828,39.88019943237305
2024-09-12,547.5675659179688,468.82330322265625,207.5585479736328,77.47657775878906,40.934242248535156,94.83789825439453,92.79090881347656,104.36610412597656,71.70111083984375,236.3300018310547,91.27245330810547,40.239524841308594
2024-09-13,550.4274291992188,470.92364501953125,212.6785888671875,77.65756225585938,41.12628173828125,95.03406524658203,93.04109954833984,104.68977355957031,71.89973449707031,238.67999267578125,92.22611999511719,40.46646499633789
2024-09-16,551.240234375,468.8431396484375,213.44366455078125,78.28621673583984,41.26071548461914,95.25824737548828,93.8935546875,105.15215301513672,72.08031463623047,238.66000366210938,92.53466796875,40.92980194091797
2024-09-17,551.4655151367188,469.0908508300781,215.20924377441406,77.84806823730469,41.30872344970703,95.16482543945312,93.43954467773438,105.16139221191406,72.09837341308594,237.33999633789062,91.8895263671875,41.482975006103516
2024-09-18,549.8300170898438,467.05987548828125,215.24844360351562,77.60041046142578,41.16468811035156,94.86592864990234,92.28126525878906,104.72674560546875,72.16159057617188,235.50999450683594,91.77734375,41.563350677490234
2024-09-19,559.2124633789062,478.8690490722656,219.68191528320312,79.13394165039062,42.038490295410156,94.87528228759766,91.97550201416016,104.8192138671875,72.37830352783203,239.1699981689453,91.79603576660156,42.05978012084961
2024-09-20,558.245849609375,477.9576416015625,217.32786560058594,78.35289764404297,41.95207214355469,94.79119873046875,91.62337493896484,104.91171264648438,72.46859741210938,242.2100067138672,91.43138885498047,41.9652214050293
2024-09-23,559.640869140625,479.224609375,216.53335571289062,78.6481704711914,42.27854919433594,94.75383758544922,91.42877960205078,104.76373291015625,72.3331298828125,242.67999267578125,92.33831787109375,42.483402252197266
2024-09-24,561.2421875,481.5361328125,216.8962860107422,79.11488342285156,43.718875885009766,94.88459777832031,91.41024780273438,104.939453125,72.34215545654297,246.07000732421875,92.4692153930664,42.37852478027344
2024-09-25,560.0042724609375,481.98260498046875,214.25074768066406,78.68627166748047,43.25796890258789,94.52033233642578,90.65042877197266,104.31985473632812,72.26092529296875,245.72999572753906,91.85213470458984,41.549068450927734
2024-09-26,562.2245483398438,485.6037902832031,215.39242553710938,80.41983032226562,44.84233856201172,94.53900909423828,90.86354064941406,104.31985473632812,72.37830352783203,246.97999572753906,91.02001190185547,40.73391342163086
2024-09-27,561.4090576171875,482.9052734375,216.84906005859375,79.93404388427734,44.755916595458984,94.80989074707031,91.33612060546875,104.73600769042969,72.5588607788086,245.02000427246094,91.13597869873047,41.5633659362793
2024-09-30,563.6588745117188,484.21484375,217.40020751953125,79.65782165527344,44.03575134277344,94.59503173828125,90.9006118774414,104.47710418701172,72.50471496582031,243.05999755859375,91.8525390625,41.854156494140625
2024-10-01,558.6093139648438,477.4685363769531,214.44760131835938,79.06726837158203,44.35262680053711,94.84520721435547,91.5569076538086,104.97919464111328,72.4684066772461,245.61000061035156,91.258544921875,42.80754852294922
2024-10-02,558.8451538085938,478.1431884765625,214.15231323242188,78.90533447265625,45.2264289855957,94.64845275878906,90.78535461425781,104.74715423583984,72.47745513916016,245.66000366210938,90.93797302246094,43.24611282348633
2024-10-03,557.8233642578125,477.7860412597656,212.7154083251953,78.17190551757812,44.68870544433594,94.2643051147461,89.93011474609375,104.06962585449219,72.30506134033203,245.49000549316406,90.10826873779297,44.00883102416992
2024-10-04,562.8924560546875,483.4707946777344,215.6876983642578,78.62911987304688,45.101600646972656,93.65528106689453,88.82386016845703,103.50346374511719,72.22343444824219,245.0,89.674560546875,44.41879653930664
2024-10-07,557.8037109375,478.2920227050781,213.994873046875,78.19095611572266,45.47608184814453,93.33675384521484,88.15455627441406,102.97444152832031,71.91492462158203,244.1699981689453,88.88256072998047,44.57610321044922
2024-10-08,563.0791625976562,485.4351501464844,214.1425018310547,78.067138671875,44.35262680053711,93.49602508544922,88.30328369140625,103.17862701416016,72.0873031616211,242.3699951171875,89.06169891357422,43.412960052490234
2024-10-09,566.979248046875,489.2547302246094,214.61489868164062,78.08618927001953,44.11256790161133,93.25242614746094,87.80130767822266,102.97444152832031,72.04193878173828,241.0500030517578,89.15599060058594,43.675140380859375
2024-10-10,565.987060546875,488.69915771484375,213.42404174804688,77.99093627929688,44.19898986816406,93.19619750976562,87.45735931396484,102.86309051513672,72.00566864013672,242.82000732421875,88.36400604248047,43.970699310302734
2024-10-11,569.3763427734375,489.4630432128906,217.76434326171875,78.3909912109375,44.51586151123047,93.22431945800781,87.10409545898438,102.84452056884766,72.19621276855469,245.47000122070312,89.36341094970703,44.24241256713867
2024-10-14,574.0328979492188,493.5703125,219.36859130859375,78.61959838867188,44.33341979980469,93.14000701904297,87.16917419433594,102.85382080078125,72.23250579833984,245.07000732421875,89.90084838867188,44.22334289550781
2024-10-15,569.5728759765625,486.972900390625,219.54576110839844,77.31465911865234,43.39240264892578,93.5147476196289,88.22893524169922,103.35498046875,72.21434020996094,245.9199981689453,90.98511505126953,42.79801559448242
2024-10-16,572.0484619140625,487.0324401855469,223.1577911376953,77.51468658447266,43.728485107421875,93.63656616210938,88.60075378417969,103.67982482910156,72.34138488769531,247.14999389648438,91.98454284667969,43.00299835205078
2024-10-17,572.0975952148438,487.3697509765625,222.54757690429688,77.52421569824219,43.6612663269043,93.17747497558594,87.1970443725586,102.90947723388672,72.23250579833984,248.6300048828125,91.258544921875,43.207977294921875
2024-10-18,574.2981567382812,490.56427001953125,222.0850067138672,78.048095703125,44.09336471557617,93.2430419921875,87.26213836669922,102.78883361816406,72.4049072265625,251.27000427246094,91.9374008178711,43.064964294433594
2024-10-21,573.3550415039062,491.5068054199219,218.59107971191406,77.1241683959961,43.786094665527344,92.5965805053711,85.73757934570312,101.74007415771484,72.11456298828125,251.22000122070312,90.13655090332031,42.93626022338867
2024-10-22,573.0504150390625,492.04254150390625,217.76434326171875,76.6860122680664,43.69007110595703,92.61531829833984,85.82123565673828,101.73076629638672,72.0147476196289,253.92999267578125,90.26854705810547,43.03636169433594
2024-10-23,567.8143310546875,484.50250244140625,215.7762908935547,75.91448211669922,43.43081283569336,92.38107299804688,85.5888442993164,101.3873519897461,71.79696655273438,250.8699951171875,90.92854309082031,42.81231689453125
2024-10-24,569.0423583984375,488.4312744140625,216.2486572265625,76.3431167602539,43.36359786987305,92.55908966064453,86.13731384277344,101.69365692138672,72.00566864013672,252.8000030517578,91.12654876708984,42.80754852294922
2024-10-25,568.8457641601562,491.4075927734375,215.43179321289062,76.08592987060547,43.32518768310547,92.3717041015625,85.6539077758789,101.45235443115234,71.93307495117188,253.32000732421875,90.26854705810547,42.79324722290039
2024-10-28,570.6043701171875,491.4869384765625,218.94540405273438,76.6955337524414,43.51723098754883,92.22180938720703,85.42152404785156,101.36881256103516,72.11456298828125,253.3300018310547,90.5514144897461,42.52153015136719
2024-10-29,571.5277709960938,496.20941162109375,218.23678588867188,76.4193115234375,43.3828010559082,92.32486724853516,85.5516586303711,101.4894790649414,72.1326904296875,256.0899963378906,89.90084838867188,41.873226165771484
2024-10-30,569.7988891601562,492.4591979980469,217.94149780273438,75.92400360107422,42.96030807495117,92.23116302490234,85.8026351928711,101.35955047607422,72.00566864013672,257.5,90.29683685302734,41.96855926513672
2024-10-31,558.6290283203125,480.0281982421875,214.31964111328125,75.45729064941406,42.68184280395508,92.21244812011719,85.94207000732422,101.15534973144531,71.80604553222656,253.50999450683594,88.76942443847656,42.23073959350586
2024-11-01,560.9866333007812,483.57989501953125,215.52037048339844,75.60968017578125,42.720252990722656,91.84587860107422,84.73046112060547,100.60116577148438,71.81060028076172,252.47000122070312,87.78884887695312,41.96379089355469
2024-11-04,559.7783203125,482.171142578125,216.61282348632812,75.66683197021484,42.96030807495117,92.23123931884766,86.04562377929688,101.34628295898438,72.01121520996094,252.8300018310547,88.75056457519531,42.69791030883789
2024-11-05,566.5470581054688,488.3221740722656,220.6874237060547,76.4193115234375,43.54603958129883,92.4474105834961,86.50267028808594,101.83061981201172,72.21184539794922,253.39999389648438,89.92912292480469,42.98392868041992
2024-11-06,580.6345825195312,501.5865478515625,233.4722137451172,75.31440734863281,43.00831604003906,91.72367858886719,84.13349914550781,100.76881408691406,72.3395004272461,245.6999969482422,88.01514434814453,44.59993362426758
2024-11-07,585.1241455078125,509.48358154296875,232.6455078125,76.45740509033203,43.95893096923828,92.4192123413086,85.18751525878906,101.96100616455078,72.64952850341797,249.64999389648438,89.07113647460938,44.39495086669922
2024-11-08,587.6587524414062,510.07891845703125,234.3579864501953,75.40013885498047,42.87388610839844,92.57898712158203,86.26948547363281,102.31494140625,72.7680892944336,247.9600067138672,90.40055084228516,44.690513610839844
2024-11-11,588.21875,509.7813415527344,237.88140869140625,75.41918182373047,42.54741287231445,92.37220764160156,85.84976959228516,102.11933898925781,72.6860122680664,242.13999938964844,89.94798278808594,44.94316482543945
2024-11-12,586.3914794921875,508.8586120605469,233.7084197998047,74.01899719238281,41.74082565307617,91.83647918701172,84.56255340576172,101.197265625,72.39421844482422,240.0500030517578,88.70342254638672,44.70481491088867
2024-11-13,586.6763305664062,508.203857421875,231.39553833007812,73.58084869384766,41.47195816040039,91.81768035888672,83.76040649414062,100.81538391113281,72.4124755859375,237.6300048828125,89.1937026977539,45.05280303955078
2024-11-14,582.9038696289062,504.6720275878906,228.27560424804688,73.7332534790039,41.24150848388672,91.78007507324219,84.24544525146484,100.78746032714844,72.25743865966797,237.00999450683594,88.39228820800781,45.22441864013672
2024-11-15,575.437744140625,492.647705078125,224.8702850341797,73.46654510498047,41.24150848388672,91.78948211669922,84.02157592773438,100.83399963378906,72.2483139038086,236.58999633789062,88.43942260742188,45.157676696777344
2024-11-18,577.7955322265625,496.0704345703125,225.3131866455078,73.86660766601562,41.712013244628906,91.87406921386719,84.17080688476562,101.0202865600586,72.38510131835938,241.08999633789062,89.08057403564453,45.7583122253418
2024-11-19,579.9075927734375,499.4832763671875,226.986328125,73.77134704589844,41.68321228027344,92.00566864013672,84.59986114501953,101.23452758789062,72.4945297241211,243.25,89.51427459716797,45.467529296875
2024-11-20,580.1041259765625,499.1955871582031,227.2815704345703,73.57132720947266,41.63520050048828,91.91168212890625,84.32937622070312,100.99234771728516,72.4762954711914,244.6199951171875,89.40113830566406,45.92516326904297
2024-11-21,583.2183227539062,500.9913024902344,230.73609924316406,73.59037780761719,41.54877853393555,91.86466979980469,84.26409149169922,100.87125396728516,72.5036392211914,246.66000366210938,90.06111907958984,46.29698944091797
2024-11-22,585.0260009765625,501.794921875,234.9977264404297,73.87612915039062,41.55838394165039,91.93045806884766,84.31072998046875,100.96440887451172,72.48542022705078,249.83999633789062,90.73997497558594,46.368492126464844
2024-11-25,587.0103759765625,502.5885925292969,238.5703582763672,74.25712585449219,41.587188720703125,92.75756072998047,86.49336242675781,102.22180938720703,72.75897979736328,242.47999572753906,92.0033950805664,45.453224182128906
2024-11-26,590.075439453125,505.28704833984375,236.8184814453125,73.82850646972656,41.41434860229492,92.61658477783203,86.15756225585938,101.96100616455078,72.62218475341797,242.9499969482422,92.3711166381836,45.391258239746094
2024-11-27,588.2874145507812,501.3087463378906,237.14328002929688,74.22855377197266,41.47195816040039,92.87035369873047,86.75452423095703,102.33357238769531,72.8410415649414,243.49000549316406,92.9651107788086,45.34359359741211
2024-11-29,591.9419555664062,505.7136535644531,238.04872131347656,75.21915435791016,41.5391731262207,93.23690795898438,87.64993286132812,102.9669418334961,72.9869384765625,245.58999633789062,92.55026245117188,45.539031982421875
2024-12-02,593.0029296875,511.21990966796875,237.93063354492188,75.4287109375,41.702415466308594,93.24823760986328,87.86054992675781,103.12862396240234,72.96037292480469,243.44000244140625,91.20197296142578,45.05756759643555
2024-12-03,593.2780151367188,512.7872924804688,236.23779296875,75.85733795166016,41.78883361816406,93.069091796875,87.1024169921875,102.76409912109375,72.96037292480469,243.92999267578125,90.73997497558594,45.05280303955078
2024-12-04,596.9620361328125,519.1268920898438,237.084228515625,75.91448211669922,41.89445877075195,93.37081146240234,88.03836822509766,103.25946807861328,73.13441467285156,244.6699981689453,90.49483489990234,43.9659309387207
2024-12-05,595.9796142578125,517.6883544921875,234.318603515625,76.28595733642578,42.17292022705078,93.3896484375,88.21620178222656,103.23143005371094,73.07028198242188,242.86000061035156,90.27798461914062,44.137542724609375
2024-12-06,597.109375,522.321533203125,235.15518188476562,76.27644348144531,42.105709075927734,93.65365600585938,88.34724426269531,103.46509552001953,73.18938446044922,242.9499969482422,90.14598083496094,43.389122009277344
2024-12-09,594.0344848632812,518.2538452148438,233.97415161132812,76.22880554199219,42.969905853271484,93.38024139404297,87.53292846679688,103.20339965820312,73.09778594970703,245.36000061035156,90.40055084228516,43.317623138427734
2024-12-10,592.1875610351562,516.4879150390625,232.96043395996094,75.54300689697266,42.27854919433594,93.26708221435547,87.1211166381836,103.04450988769531,73.13441467285156,248.58999633789062,89.08998107910156,43.02206802368164
2024-12-11,596.765625,525.7342529296875,234.0135040283203,76.01925659179688,42.451385498046875,93.05022430419922,86.29743957519531,102.76409912109375,73.1527328491211,250.9600067138672,88.88256072998047,43.09356689453125
2024-12-12,593.6906127929688,522.3412475585938,230.97232055664062,75.35250854492188,42.24013900756836,92.673095703125,85.24916076660156,102.18463897705078,72.95121765136719,247.27999877929688,88.74113464355469,42.745574951171875
2024-12-13,593.57275390625,526.3394165039062,229.38778686523438,75.14295196533203,42.27854919433594,92.32422637939453,84.37870025634766,101.61449432373047,72.74053955078125,244.2899932861328,88.48656463623047,42.53106689453125
2024-12-16,596.1072998046875,533.9191284179688,230.73609924316406,74.89530181884766,42.048095703125,92.40909576416016,84.63141632080078,101.745361328125,72.8779296875,244.8800048828125,88.17542266845703,41.59673309326172
2024-12-17,593.6513061523438,531.5678100585938,228.0946044921875,74.77654266357422,41.9475212097168,92.40909576416016,84.83731842041016,101.75471496582031,72.72220611572266,243.94000244140625,87.75114440917969,41.28688430786133
2024-12-18,575.9584350585938,512.3905029296875,217.99632263183594,72.942138671875,40.97108840942383,91.70533752441406,83.77649688720703,100.4931411743164,71.97547149658203,239.25999450683594,84.13059997558594,40.06653594970703
2024-12-19,575.781494140625,510.10870361328125,217.02894592285156,72.71041870117188,41.1077880859375,91.4688720703125,82.50801086425781,99.94912719726562,71.90182495117188,239.60000610351562,82.82946014404297,39.718544006347656
2024-12-20,582.697265625,514.5632934570312,219.06240844726562,72.5076675415039,41.27378463745117,91.71477508544922,82.97781372070312,100.34306335449219,72.35298156738281,242.10000610351562,84.2248764038086,40.109439849853516
2024-12-23,586.1865844726562,519.576416015625,218.55899047851562,72.98075103759766,41.50812530517578,91.43101501464844,82.21673583984375,100.05229187011719,72.1596450805664,240.9600067138672,84.55426788330078,40.34497833251953
2024-12-24,592.7020263671875,526.621826171875,220.5134735107422,73.2414321899414,41.63506317138672,91.53507232666016,82.56438446044922,100.36182403564453,72.38982391357422,241.44000244140625,85.11592864990234,40.68627166748047
2024-12-26,592.7415771484375,526.2640991210938,222.7739715576172,73.5890121459961,41.48860168457031,91.60127258300781,82.51739501953125,100.45561218261719,72.57395935058594,243.07000732421875,85.34439849853516,40.65262222290039
2024-12-27,586.5021362304688,519.2684326171875,219.5263671875,73.48280334472656,41.303077697753906,91.41211700439453,81.84088134765625,100.03353881835938,72.32536315917969,241.39999389648438,84.48762512207031,40.64781188964844
2024-12-30,579.8091430664062,512.3621826171875,217.83837890625,73.00006866455078,40.97108840942383,91.77153778076172,82.49861145019531,100.46500396728516,72.4266586303711,240.6300048828125,84.06875610351562,40.64301300048828
2024-12-31,577.69970703125,508.0097961425781,218.1147918701172,73.00006866455078,40.834388732910156,91.65803527832031,82.05697631835938,100.21174621582031,72.41747283935547,242.1300048828125,84.80177307128906,41.17658996582031
2025-01-02,576.2803344726562,507.0160827636719,218.29246520996094,72.74903869628906,40.77580261230469,91.66749572753906,82.28250122070312,100.22112274169922,72.5923843383789,245.4199981689453,84.04971313476562,41.657283782958984
2025-01-03,583.48583984375,515.3134155273438,221.5400848388672,73.06764221191406,41.1566162109375,91.57289123535156,82.01939392089844,99.98664093017578,72.70285034179688,243.49000549316406,85.15400695800781,42.04664993286133
2025-01-06,586.8469848632812,521.2359008789062,221.62893676757812,73.7627944946289,41.303077697753906,91.47832489013672,81.6529541015625,99.73339080810547,72.83177947998047,243.19000244140625,84.05924224853516,41.854366302490234
2025-01-07,580.2133178710938,511.93487548828125,219.8520965576172,73.70486450195312,41.01014709472656,91.1567153930664,80.73211669921875,99.2737808227539,72.5923843383789,244.55999755859375,83.25957489013672,42.2725830078125
2025-01-08,581.0609741210938,512.0242919921875,218.85511779785156,73.5890121459961,40.81486129760742,91.26077270507812,80.83547973632812,99.43325805664062,72.68446350097656,245.86000061035156,83.47853088378906,42.31584548950195
2025-01-10,572.189697265625,503.9952392578125,214.03793334960938,72.46904754638672,40.1215934753418,90.74996948242188,80.29988861083984,98.86109924316406,72.30693817138672,248.2100067138672,81.44131469726562,42.488887786865234
2025-01-13,573.0768432617188,502.3754577636719,214.4525604248047,72.26628875732422,39.84819793701172,90.6648178100586,80.27171325683594,98.5797119140625,72.28854370117188,245.74000549316406,82.44088745117188,43.382991790771484
2025-01-14,573.8653564453125,501.8985290527344,216.89071655273438,72.5269775390625,40.2973518371582,90.69322204589844,80.14016723632812,98.69224548339844,72.38059997558594,247.02999877929688,83.19293975830078,43.849266052246094
2025-01-15,584.303955078125,513.4453125,221.1551055908203,73.45384216308594,40.82462692260742,91.47832489013672,81.52140808105469,99.87407684326172,73.01593017578125,248.8800048828125,83.66893768310547,44.498207092285156
2025-01-16,583.1802368164062,509.84814453125,221.5993194580078,73.83038330078125,40.77580261230469,91.67696380615234,81.78450012207031,100.07106018066406,73.09880065917969,250.60000610351562,85.40151977539062,44.82027816772461
2025-01-17,589.0353393554688,518.4535522460938,222.5568389892578,74.12967681884766,41.098026275634766,91.67696380615234,81.9254379272461,100.15547180175781,73.16326141357422,249.27000427246094,85.34439849853516,45.166378021240234
2025-01-21,594.4271240234375,521.494384765625,226.8310546875,75.62617492675781,41.53742218017578,91.97964477539062,82.65834045410156,100.73702239990234,73.35661315917969,253.1300048828125,86.94371795654297,44.93564224243164
2025-01-22,597.7686157226562,528.1620483398438,225.3503875732422,75.45238494873047,41.56671142578125,91.76209259033203,82.22613525390625,100.4180908203125,73.25532531738281,254.42999267578125,85.43006896972656,44.11845779418945
2025-01-23,601.03125,529.284912109375,226.3769989013672,76.07029724121094,41.66435241699219,91.6107406616211,81.58717346191406,100.27741241455078,73.34741973876953,254.07000732421875,86.05838012695312,44.320350646972656
2025-01-24,599.2767944335938,526.2938232421875,225.7452392578125,76.49510955810547,41.93775939941406,91.76209259033203,81.9536361694336,100.4743881225586,73.43028259277344,255.64999389648438,86.3534927368164,43.89252853393555
2025-01-27,590.7996826171875,510.97100830078125,223.58343505859375,76.49510955810547,41.17613983154297,92.27288055419922,82.92142486572266,101.16848754882812,73.48552703857422,252.99000549316406,87.50538635253906,43.43587112426758
2025-01-28,595.8760375976562,518.5231323242188,223.83021545410156,76.39855194091797,41.47883605957031,92.2444839477539,82.86507415771484,101.02778625488281,73.4578857421875,255.17999267578125,86.44869232177734,43.02246856689453
2025-01-29,593.2047729492188,517.54931640625,223.31690979003906,76.38890838623047,41.48860168457031,92.18772888183594,82.69593048095703,100.89647674560547,73.41185760498047,254.1999969482422,85.30631256103516,43.11861038208008
2025-01-30,596.3885498046875,519.7553100585938,225.5872802734375,77.22887420654297,42.191627502441406,92.3201675415039,83.00601196289062,101.12156677246094,73.54997253417969,258.04998779296875,86.39157104492188,43.33972930908203
2025-01-31,593.2147216796875,519.0001220703125,223.56369018554688,76.5047607421875,41.71317672729492,92.13098907470703,82.4610366821289,100.79329681396484,73.40264129638672,258.55999755859375,86.20117950439453,42.12837219238281
2025-02-03,589.2225341796875,514.8463745117188,220.9477996826172,75.60685729980469,41.410484313964844,92.21830749511719,83.13243103027344,100.9523696899414,73.3101577758789,259.94000244140625,86.02030181884766,42.39275360107422
2025-02-04,593.17529296875,521.1663818359375,224.0078887939453,76.48545837402344,42.15257263183594,92.38912963867188,83.38702392578125,101.15006256103516,73.54139709472656,262.5,86.08694458007812,43.282047271728516
2025-02-05,595.5803833007812,523.5313720703125,226.44607543945312,77.22887420654297,42.045166015625,92.88263702392578,84.76376342773438,101.8561019897461,73.73562622070312,264.1300048828125,87.29593658447266,43.373374938964844
2025-02-06,597.6503295898438,526.2640991210938,225.7057342529297,77.59576416015625,42.220924377441406,92.7877197265625,84.7260513305664,101.66781616210938,73.6246337890625,263.42999267578125,87.514892578125,42.57542037963867
2025-02-07,592.1796875,519.6260986328125,223.08985900878906,76.86198425292969,42.18186569213867,92.49351501464844,84.17912292480469,101.22537994384766,73.39340209960938,263.8999938964844,87.22930145263672,42.57061004638672
2025-02-10,596.2012329101562,525.9161987304688,224.09674072265625,77.38335418701172,42.689613342285156,92.52198791503906,83.92450714111328,101.25363159179688,73.54139709472656,268.3699951171875,87.19122314453125,43.50797653198242
2025-02-11,596.6547241210938,524.6641845703125,222.79373168945312,77.75023651123047,42.523616790771484,92.3132095336914,83.38702392578125,101.02770233154297,73.51366424560547,267.3900146484375,87.57201385498047,43.858882904052734
2025-02-12,594.7326049804688,524.97216796875,220.74050903320312,78.03987884521484,42.75796127319336,91.82919311523438,82.25547790527344,100.481689453125,73.35639953613281,267.6700134277344,86.7628402709961,42.80134963989258
2025-02-13,601.0115356445312,532.5244750976562,223.22805786132812,78.98604583740234,43.0313606262207,92.379638671875,83.62276458740234,101.26305389404297,73.68937683105469,270.30999755859375,87.62914276123047,43.1234130859375
2025-02-14,600.9819946289062,534.7601928710938,223.06027221679688,79.1019058227539,43.36334991455078,92.72129821777344,84.06596374511719,101.65840911865234,73.77262878417969,266.2900085449219,87.22930145263672,43.29646301269531
2025-02-18,602.7463989257812,535.9724731445312,224.28428649902344,79.6715316772461,43.636749267578125,92.35116577148438,83.07583618164062,101.24418640136719,73.70787048339844,270.70001220703125,87.61962127685547,43.887725830078125
2025-02-19,604.1658325195312,536.12158203125,223.51434326171875,78.85088348388672,43.568397521972656,92.48403930664062,83.17955780029297,101.30068969726562,73.76336669921875,270.8500061035156,87.6862564086914,44.233821868896484
2025-02-20,601.6522827148438,533.8458862304688,221.37228393554688,79.21776580810547,43.96873474121094,92.62638854980469,83.4907455444336,101.54544067382812,73.80961608886719,270.989990234375,88.10511779785156,44.637611389160156
2025-02-21,591.361572265625,522.7661743164062,214.9954376220703,78.72537231445312,43.84180450439453,93.02498626708984,84.4997329711914,101.90315246582031,73.67088317871094,270.739990234375,87.23883819580078,43.70986557006836
2025-02-24,588.670654296875,516.5953369140625,213.4456787109375,78.67709350585938,43.16806411743164,93.18632507324219,84.74491119384766,102.16673278808594,73.76336669921875,272.2099914550781,87.58153533935547,43.719478607177734
2025-02-25,585.7430419921875,510.0866394042969,212.63623046875,79.39154815673828,43.197357177734375,93.76524353027344,86.20652770996094,102.94808197021484,73.94837188720703,268.6199951171875,88.65727233886719,43.08976745605469
2025-02-26,586.0387573242188,511.31884765625,212.9027557373047,79.49774932861328,43.626983642578125,93.91708374023438,86.71572875976562,103.16460418701172,74.05010986328125,269.0299987792969,88.28599548339844,42.84461212158203
2025-02-27,576.6844482421875,497.1188049316406,209.65512084960938,78.59986114501953,42.77749252319336,93.77473449707031,86.1027603149414,102.73155975341797,73.911376953125,264.92999267578125,88.63822937011719,43.07534408569336
2025-02-28,585.6838989257812,504.9690856933594,211.88600158691406,78.76399230957031,42.191627502441406,94.19230651855469,87.15889739990234,103.18344116210938,74.1148452758789,263.2699890136719,89.3902816772461,43.74351119995117
2025-03-03,575.4227294921875,493.9190368652344,206.0915985107422,79.63292694091797,41.82059097290039,94.3960189819336,87.56566619873047,103.50945281982422,73.9605941772461,266.739990234375,89.80915832519531,42.21489334106445
2025-03-04,568.6116333007812,492.42852783203125,203.7620086669922,79.61360931396484,42.17210006713867,94.15804290771484,86.4873046875,103.16925048828125,73.9513168334961,269.05999755859375,88.7715072631836,41.80630111694336
2025-03-05,574.722900390625,498.8478698730469,205.7855987548828,81.51561737060547,43.431697845458984,93.83435821533203,85.7967529296875,102.83853912353516,73.98846435546875,269.6199951171875,89.76155090332031,41.1958122253418
2025-03-06,564.5209350585938,485.1248474121094,202.6366729736328,80.67564392089844,43.158302307128906,93.73917388916016,85.51298522949219,102.5172348022461,73.70968627929688,268.25,87.4577865600586,41.32079315185547
2025-03-07,567.68505859375,488.6922302246094,203.2980499267578,81.51561737060547,43.373111724853516,93.62494659423828,85.2386703491211,102.35660552978516,73.83048248291016,268.3900146484375,87.98135375976562,42.02742385864258
2025-03-10,552.5643920898438,469.7522888183594,198.1847686767578,79.59430694580078,42.33809280395508,94.0723648071289,86.12785339355469,102.70623016357422,73.55171966552734,266.0400085449219,87.13410949707031,42.339874267578125
2025-03-11,547.970947265625,468.62939453125,198.1649932861328,79.323974609375,42.689613342285156,93.73917388916016,85.51298522949219,102.03531646728516,73.2915267944336,269.1600036621094,86.11549377441406,42.00338363647461
2025-03-12,550.8788452148438,473.9159240722656,198.51051330566406,79.89360046386719,42.923954010009766,93.46310424804688,85.00216674804688,101.7329330444336,73.37515258789062,270.3299865722656,85.84894561767578,42.1956672668457
2025-03-13,543.5353393554688,465.3899230957031,195.54913330078125,79.36257934570312,42.74819564819336,93.74870300292969,85.74945831298828,102.0542221069336,72.96627044677734,275.1300048828125,84.15442657470703,41.90724563598633
2025-03-14,554.7625122070312,476.6386413574219,200.2774658203125,80.82046508789062,43.52934265136719,93.55831909179688,85.29541778564453,102.00696563720703,73.30079650878906,275.239990234375,85.83943176269531,43.1474494934082
2025-03-17,559.0404052734375,479.7290344238281,202.80447387695312,81.72801971435547,44.27143096923828,93.68206024169922,85.7210922241211,102.21487426757812,73.47735595703125,276.7300109863281,87.30547332763672,43.83484649658203
2025-03-18,552.9981079101562,471.5509033203125,201.04347229003906,81.7183609008789,44.046852111816406,93.77725219726562,85.80622863769531,102.4605484008789,73.34728240966797,279.9599914550781,86.8485107421875,43.906944274902344
2025-03-19,559.0206909179688,477.86090087890625,204.16976928710938,81.95973205566406,44.154258728027344,94.05331420898438,86.25082397460938,103.0653076171875,73.83048248291016,281.1099853515625,86.9532241821289,44.623191833496094
2025-03-20,557.4041748046875,476.2411804199219,202.87371826171875,81.27423858642578,43.74415969848633,94.11044311523438,86.30756378173828,102.91412353515625,73.72825622558594,280.75,86.8961181640625,44.78662872314453
2025-03-21,557.5880126953125,477.8111877441406,201.61727905273438,80.7721939086914,43.52934265136719,93.99620056152344,85.7967529296875,102.77237701416016,73.61676025390625,278.489990234375,85.93461608886719,44.47417449951172
2025-03-24,567.5736083984375,488.29644775390625,206.63323974609375,80.76253509521484,43.72462463378906,93.63445281982422,84.91703796386719,102.32825469970703,73.83048248291016,277.25,87.25787353515625,44.98090362548828
2025-03-25,568.93798828125,491.08294677734375,205.48558044433594,81.20665740966797,43.597694396972656,93.72013092041016,84.90757751464844,102.43219757080078,73.79332733154297,278.4700012207031,86.27880096435547,45.16499710083008
2025-03-26,562.1458740234375,482.04669189453125,203.39808654785156,80.15428161621094,43.33405685424805,93.49166107177734,84.34947967529297,102.01641082763672,73.49594116210938,278.239990234375,86.61540985107422,45.43144226074219
2025-03-27,560.6528930664062,479.2999572753906,202.4285430908203,80.32806396484375,43.54887008666992,93.4440689086914,84.1035385131836,101.8935775756836,73.35655975341797,281.9700012207031,86.39421844482422,44.99059295654297
2025-03-28,549.3623046875,466.68109130859375,198.31288146972656,79.61360931396484,42.738433837890625,93.9866943359375,85.26702880859375,102.50778198242188,73.22647857666016,284.05999755859375,86.27880096435547,44.77743911743164
2025-03-31,553.0501098632812,466.66119384765625,197.36312866210938,78.9088134765625,42.670082092285156,94.16756439208984,86.10891723632812,102.70623016357422,73.31009674072266,288.1400146484375,87.07705688476562,45.271575927734375
2025-04-01,554.6121215820312,470.4229431152344,197.3828887939453,79.02466583251953,42.80678176879883,94.51617431640625,86.8551025390625,103.07333374023438,73.48005676269531,287.57000732421875,87.11552429199219,45.538021087646484
2025-04-02,558.1219482421875,473.8563232421875,200.49932861328125,79.2081069946289,42.8653678894043,94.4111099243164,86.79815673828125,103.31047058105469,73.62945556640625,288.1600036621094,87.64448547363281,45.60099792480469
2025-04-03,530.6173095703125,448.4891357421875,187.62803649902344,77.54747772216797,41.95729064941406,94.90774536132812,87.19686126708984,103.30099487304688,72.71434020996094,286.4200134277344,84.6534423828125,42.02093505859375
2025-04-04,499.5533447265625,420.6339416503906,179.2582244873047,72.43042755126953,39.62361526489258,94.99371337890625,88.14619445800781,103.1871566772461,71.6778335571289,279.7200012207031,80.97954559326172,38.155052185058594
2025-04-07,498.6635437011719,421.6490173339844,177.63572692871094,70.68290710449219,38.149200439453125,93.79029846191406,85.488037109375,101.17615509033203,71.06153106689453,273.7099914550781,78.85408020019531,37.907981872558594
2025-04-08,490.8531188964844,414.0557861328125,172.95614624023438,70.44153594970703,37.61216354370117,93.30319213867188,83.87417602539062,99.89556884765625,70.73470306396484,275.20001220703125,76.73821258544922,37.031131744384766
2025-04-09,542.4021606445312,463.7552185058594,187.65771484375,75.87718963623047,40.219234466552734,93.51332092285156,84.36782836914062,101.56507873535156,72.63029479980469,285.3800048828125,81.316162109375,39.8990592956543
2025-04-10,518.6346435546875,444.03070068359375,179.77268981933594,74.38070678710938,39.525970458984375,92.77790069580078,82.04194641113281,99.83866119384766,71.44438934326172,292.3500061035156,79.45997619628906,37.29273223876953
2025-04-11,527.8884887695312,452.2110900878906,182.39443969726562,76.24407958984375,40.76604080200195,92.68238830566406,82.48814392089844,99.81967163085938,71.65916442871094,297.92999267578125,80.43135070800781,38.21802520751953
2025-04-14,533.0098266601562,455.2762756347656,184.5413055419922,77.06474304199219,41.1370849609375,93.22679138183594,83.07674407958984,100.43626403808594,72.01399230957031,296.2300109863281,82.09518432617188,38.35367202758789
2025-04-15,531.5169067382812,455.7837829589844,184.76882934570312,77.7598876953125,41.098026275634766,93.41780090332031,83.37101745605469,100.97694396972656,72.21009063720703,297.7799987792969,82.3452377319336,38.29553985595703
2025-04-16,519.7022705078125,442.0403137207031,182.9979248046875,77.4605941772461,40.61957550048828,93.7138900756836,83.83619689941406,101.40382385253906,72.20075225830078,307.4700012207031,82.28752899169922,38.61042785644531
2025-04-17,520.44384765625,441.9607238769531,184.4918212890625,78.3005599975586,40.932029724121094,93.4751205444336,83.0957260131836,101.26152801513672,72.62095642089844,306.1199951171875,83.51856994628906,39.4824333190918
2025-04-21,508.0558776855469,431.0236511230469,180.79171752929688,77.8757553100586,40.92226791381836,92.91161346435547,81.64322662353516,100.17066192626953,72.19141387939453,315.5899963378906,81.77780151367188,38.4505615234375
2025-04-22,521.2743530273438,442.33892822265625,185.47128295898438,79.48809814453125,41.53742218017578,93.08349609375,82.09891510009766,100.41729736328125,72.4715576171875,311.1099853515625,83.36470031738281,39.42914581298828
2025-04-23,529.3516845703125,452.3703308105469,188.2216339111328,79.80670928955078,42.015872955322266,93.31275177001953,82.8963394165039,100.86312103271484,72.83573913574219,303.6499938964844,83.51856994628906,39.35647964477539
2025-04-24,540.4940185546875,465.0987243652344,191.9910125732422,80.86874389648438,42.50408935546875,93.8284912109375,83.76973724365234,101.8970718383789,73.48938751220703,308.07000732421875,83.82633972167969,39.98625946044922
2025-04-25,544.3993530273438,470.28363037109375,192.0503692626953,81.21630859375,42.42597198486328,94.17233276367188,84.38682556152344,102.43777465820312,73.55475616455078,304.7300109863281,83.68207550048828,39.91358947753906
2025-04-28,544.6068115234375,470.13433837890625,192.86163330078125,81.7569808959961,42.50408935546875,94.4301986694336,84.91844177246094,102.67491912841797,73.59210968017578,309.07000732421875,84.20143127441406,40.19457244873047
2025-04-29,548.03759765625,473.23931884765625,193.99937438964844,81.92110443115234,42.62126159667969,94.659423828125,85.63045501708984,102.91207885742188,73.7881851196289,306.05999755859375,84.6534423828125,40.078304290771484
2025-04-30,548.2550048828125,473.1795959472656,192.78250122070312,81.82456970214844,42.728668212890625,94.57344818115234,84.93743896484375,102.42829895019531,73.39601135253906,303.7699890136719,84.95158386230469,38.997982025146484
2025-05-01,552.1405029296875,479.3597106933594,193.97958374023438,81.56388854980469,42.718902587890625,94.31571960449219,84.50676727294922,102.06829071044922,73.49081420898438,297.4599914550781,85.23050689697266,39.14331817626953
2025-05-02,560.3365478515625,486.4752502441406,198.3425750732422,83.12796020507812,43.93944549560547,93.85578155517578,83.592041015625,101.82064819335938,73.71604919433594,297.9800109863281,86.27880096435547,39.714969635009766
2025-05-05,557.1234130859375,483.5892028808594,196.81898498535156,83.27278900146484,44.27143096923828,93.69288635253906,83.12516784667969,101.67780303955078,73.68791198730469,306.8800048828125,86.08645629882812,38.997982025146484
2025-05-06,552.466796875,479.0909729003906,194.67213439941406,83.16658020019531,44.095672607421875,93.92283630371094,83.40147399902344,101.87779998779297,73.631591796875,315.4800109863281,85.42284393310547,39.00767135620117
2025-05-07,554.7902221679688,480.9718933105469,195.31520080566406,82.88658905029297,43.587928771972656,94.06658172607422,83.75401306152344,102.08734130859375,73.6972885131836,310.75,85.51901245117188,39.02220916748047
2025-05-08,558.6558227539062,485.9378662109375,199.0351104736328,82.59695434570312,43.55863571166992,93.5779037475586,82.82025146484375,101.57303619384766,73.67852020263672,304.6300048828125,85.18241119384766,39.53572463989258
2025-05-09,557.9439697265625,485.619384765625,198.66905212402344,83.00244903564453,43.851566314697266,93.67372131347656,82.94412231445312,101.53494262695312,73.72544860839844,306.8399963378906,85.74984741210938,39.93296813964844
2025-05-12,576.382568359375,505.4036560058594,205.65377807617188,83.4272689819336,44.7987060546875,93.3575210571289,82.17230987548828,101.5158920288086,74.45755004882812,298.19000244140625,86.17300415039062,40.97453308105469
2025-05-13,580.18896484375,513.1063842773438,206.4056854248047,83.53346252441406,44.87681579589844,93.26171112060547,81.83882904052734,101.60160827636719,74.58893585205078,299.4599914550781,85.07660675048828,41.55101776123047
2025-05-14,580.9304809570312,516.1814575195312,204.57540893554688,83.12796020507812,45.218570709228516,92.99340057373047,81.29570770263672,101.08731842041016,74.31675720214844,293.1600036621094,84.23987579345703,41.299110412597656
2025-05-15,583.7679443359375,516.7487182617188,205.91102600097656,84.0355224609375,45.19904327392578,93.5204086303711,82.01033782958984,101.81114196777344,74.45755004882812,297.8399963378906,85.77869415283203,41.4735107421875
2025-05-16,587.465576171875,518.9978637695312,207.61268615722656,84.2286148071289,45.16974639892578,93.5779037475586,82.22948455810547,102.00160217285156,74.5420150756836,294.239990234375,86.84623718261719,41.4105339050293
2025-05-19,588.108154296875,519.4954833984375,206.7420654296875,85.02996826171875,45.267391204833984,93.54914855957031,81.99128723144531,102.01113891601562,74.50447082519531,298.0299987792969,86.86547088623047,40.872798919677734
2025-05-20,586.130859375,517.7638549804688,206.85089111328125,85.43547058105469,45.218570709228516,93.38623809814453,81.40052795410156,101.76350402832031,74.46691131591797,303.5799865722656,86.35574340820312,40.49492263793945
2025-05-21,576.2540893554688,510.5685729980469,201.04347229003906,84.93341827392578,45.10139846801758,92.77300262451172,80.0093765258789,100.63015747070312,73.969482421875,305.82000732421875,84.05715942382812,39.74888229370117
2025-05-22,576.4815063476562,511.5240173339844,201.0335693359375,84.88513946533203,44.954933166503906,93.04131317138672,80.42864990234375,101.14446258544922,74.11966705322266,303.1099853515625,83.67244720458984,39.5938606262207
2025-05-23,572.5465087890625,506.7868957519531,200.40040588378906,85.0009994506836,45.14045715332031,93.17546081542969,80.5620346069336,101.22065734863281,74.10089111328125,309.75,83.75901794433594,39.71981430053711
2025-05-27,584.4501342773438,518.709228515625,205.48558044433594,86.23681640625,45.03304672241211,93.59706115722656,81.68637084960938,102.13494873046875,74.55139923095703,304.5,85.22087097167969,40.06377029418945
2025-05-28,581.06884765625,516.4102783203125,203.3189239501953,85.24237060546875,44.82799530029297,93.42457580566406,81.33380889892578,101.8873291015625,74.50447082519531,303.80999755859375,85.13432312011719,39.55509948730469
2025-05-29,583.3626098632812,517.4254760742188,203.92242431640625,85.61891174316406,44.99399185180664,93.7695541381836,82.0865707397461,102.344482421875,74.61711120605469,305.6099853515625,85.90371704101562,39.85061264038086
2025-05-30,582.7100830078125,516.609375,202.88365173339844,85.74442291259766,44.44718933105469,93.99949645996094,82.21043395996094,102.63971710205078,74.68280792236328,303.6000061035156,85.90371704101562,39.49696731567383
2025-06-02,585.992431640625,520.6896362304688,203.51681518554688,86.66162872314453,44.7694091796875,93.75242614746094,81.44532012939453,102.34912872314453,74.66960144042969,311.6700134277344,86.01913452148438,40.01532745361328
2025-06-03,589.3341674804688,524.7598876953125,206.80140686035156,86.0051040649414,44.87681579589844,93.68513488769531,81.3018569946289,102.39692687988281,74.8110580444336,308.9100036621094,85.84601593017578,40.49008560180664
2025-06-04,589.176025390625,526.222900390625,206.2177276611328,86.39129638671875,45.43338394165039,94.24273681640625,82.62166595458984,103.14254760742188,74.9525146484375,310.8999938964844,86.08645629882812,39.70043182373047
2025-06-05,586.3285522460938,522.2620239257812,206.30673217773438,86.33335876464844,45.667728424072266,94.00238037109375,82.6790542602539,102.82707977294922,74.79219055175781,309.3299865722656,86.01913452148438,39.66168212890625
2025-06-06,592.349609375,527.3673095703125,209.6407928466797,86.6423110961914,45.81419372558594,93.52171325683594,81.62702178955078,102.20573425292969,74.78277587890625,305.17999267578125,86.43269348144531,40.4077262878418
2025-06-09,592.8834228515625,528.1435546875,211.0852508544922,86.6326675415039,46.20476531982422,93.6370620727539,81.71310424804688,102.51162719726562,74.82047271728516,306.6199951171875,86.54808807373047,40.48523712158203
2025-06-10,596.2449340820312,531.6366577148438,212.22299194335938,86.74851989746094,46.46840286254883,93.84857177734375,82.13392639160156,102.76016998291016,74.99966430664062,306.7099914550781,87.28863525390625,41.20706558227539
2025-06-11,594.5443725585938,529.8452758789062,211.35238647460938,86.60369873046875,46.663692474365234,94.16582489013672,82.38258361816406,103.08517456054688,74.98080444335938,308.3699951171875,86.81737518310547,41.80293655395508
2025-06-12,596.9072875976562,531.0892333984375,210.5114288330078,87.26988220214844,46.74180221557617,94.51190185546875,83.36764526367188,103.6587142944336,75.065673828125,312.20001220703125,87.24054718017578,41.948265075683594
2025-06-13,590.2338256835938,524.421630859375,206.66290283203125,86.1499252319336,45.999717712402344,94.17544555664062,82.56428527832031,103.03738403320312,74.83934783935547,316.2900085449219,86.39421844482422,42.67978286743164
2025-06-16,595.8494873046875,531.7162475585938,209.09945678710938,86.47306823730469,46.56364440917969,93.98316955566406,81.73223114013672,102.85575866699219,74.99022674560547,311.7799987792969,86.4615478515625,42.553829193115234
2025-06-17,590.7578125,526.5313720703125,206.89703369140625,85.41229248046875,45.952392578125,94.27156066894531,82.72687530517578,103.2094497680664,74.90534973144531,311.94000244140625,86.15377807617188,42.951072692871094
2025-06-18,590.6688232421875,526.4417114257812,207.98831176757812,85.55962371826172,45.94253158569336,94.33888244628906,82.87033081054688,103.28591918945312,75.0185317993164,310.260009765625,86.45191955566406,42.67009735107422
2025-06-20,589.2816162109375,524.292236328125,207.5518035888672,84.79350280761719,45.67634582519531,94.42539978027344,82.7173080444336,103.37194061279297,75.25428771972656,310.1300048828125,86.39421844482422,43.10609817504883
2025-06-23,595.1021728515625,529.6832275390625,210.09152221679688,85.43193817138672,46.05097961425781,94.61767578125,82.98509216308594,103.63005065917969,75.39573669433594,311.0799865722656,87.69258117675781,42.016014099121094
2025-06-24,601.676513671875,537.7831420898438,212.77011108398438,86.47306823730469,47.2439079284668,95.00221252441406,83.5876235961914,104.11754608154297,75.60319519042969,306.19000244140625,87.92339324951172,41.469024658203125
2025-06-25,602.0135498046875,539.157958984375,210.28993225097656,86.0016098022461,47.28334426879883,94.99259948730469,83.69281005859375,103.99329376220703,75.58434295654297,307.1199951171875,85.80754852294922,41.2883186340332
2025-06-26,606.7236328125,544.19921875,213.70266723632812,86.96417236328125,47.59883117675781,95.25216674804688,84.11363220214844,104.37566375732422,75.80123901367188,306.7799987792969,85.7279052734375,41.87926483154297
2025-06-27,609.7380981445312,546.0624389648438,213.77210998535156,87.74993133544922,47.4115104675293,94.98298645019531,83.57804870605469,104.20361328125,75.76351928710938,301.2200012207031,85.94156646728516,41.65949630737305
2025-06-30,612.6533203125,549.5992431640625,214.07965087890625,87.79904174804688,47.55939865112305,95.3675308227539,84.40052795410156,104.77714538574219,76.05586242675781,304.8299865722656,86.49515533447266,41.42018127441406
2025-07-01,612.455078125,544.9664916992188,216.28204345703125,87.6517105102539,47.648128509521484,95.27976989746094,84.60980224609375,104.90377807617188,75.96015930175781,307.54998779296875,87.12643432617188,41.737632751464844
2025-07-02,615.2315063476562,548.7622680664062,219.2781219482422,87.9070816040039,47.85516357421875,95.1640396118164,84.07225036621094,104.88459014892578,76.10227966308594,309.25,87.33039093017578,42.455562591552734
2025-07-03,620.0803833007812,554.1622924804688,221.31187438964844,87.92672729492188,48.07205581665039,94.97113037109375,83.48665618896484,104.63513946533203,76.14966583251953,307.1400146484375,87.42749786376953,42.50440216064453
2025-07-07,615.4595336914062,549.9878540039062,217.98841857910156,86.97399139404297,47.39179229736328,94.63357543945312,82.6899185180664,104.01152038574219,75.89383697509766,307.3699951171875,86.67967987060547,42.09415817260742
2025-07-08,615.1224365234375,550.2966918945312,219.49639892578125,87.61241912841797,47.68756103515625,94.59500122070312,82.58431243896484,103.7140884399414,75.78961944580078,304.1600036621094,86.55342864990234,43.22721862792969
2025-07-09,618.8110961914062,554.1921997070312,221.87734985351562,88.27050018310547,47.60869216918945,94.99043273925781,83.4482650756836,104.30892944335938,75.9980697631836,305.5199890136719,86.62141418457031,43.007442474365234
2025-07-10,620.5563354492188,553.3952026367188,223.0182342529297,88.21156311035156,47.736854553222656,94.96149444580078,83.505859375,104.32810974121094,75.9222640991211,306.20001220703125,87.165283203125,43.33466339111328
2025-07-11,618.3748168945312,552.1497802734375,219.9427947998047,87.36686706542969,47.5791130065918,94.56607055664062,82.35393524169922,103.69488525390625,75.82752227783203,309.1400146484375,87.17500305175781,43.53001403808594
2025-07-14,619.5548095703125,554.1524047851562,221.42100524902344,87.36686706542969,47.648128509521484,94.55641174316406,82.1811294555664,103.66613006591797,75.8843765258789,308.010009765625,87.73828887939453,43.05139923095703
2025-07-15,616.9072875976562,554.660400390625,217.0856475830078,86.45342254638672,47.993186950683594,94.27671813964844,81.60517120361328,103.29193878173828,75.6569595336914,306.7300109863281,86.44659423828125,42.4311408996582
2025-07-16,618.9697265625,555.2283325195312,219.26820373535156,86.80701446533203,48.21994400024414,94.41175079345703,81.7203598022461,103.45503234863281,75.8559341430664,308.260009765625,87.26240539550781,42.064849853515625
2025-07-17,622.7576293945312,559.7216796875,222.1452178955078,87.03292083740234,48.49599075317383,94.45032501220703,81.70116424560547,103.70449829101562,75.9317398071289,307.5899963378906,87.165283203125,42.323699951171875
2025-07-18,622.301513671875,559.1836547851562,220.5678253173828,86.7873764038086,48.38754653930664,94.62391662597656,81.8259506225586,103.89637756347656,76.03596496582031,308.3900146484375,87.34981536865234,41.98182678222656
2025-07-21,623.4815063476562,562.0828857421875,219.67494201660156,87.24900817871094,48.70302963256836,94.88433837890625,82.55551147460938,104.2993392944336,76.14019012451172,313.1300048828125,87.70915985107422,41.54716110229492
2025-07-22,623.5706787109375,559.1736450195312,221.5003662109375,87.73028564453125,48.73260498046875,95.06757354736328,83.0546875,104.54878997802734,76.2728271484375,316.1000061035156,89.21452331542969,41.742515563964844
2025-07-23,628.8757934570312,561.7242431640625,224.8833465576172,89.91077423095703,49.22555160522461,94.85540008544922,82.59391784667969,104.38569641113281,76.31073760986328,312.17999267578125,89.38934326171875,42.39695739746094
2025-07-24,629.083984375,562.9197998046875,221.7781524658203,89.24288177490234,48.9593620300293,94.79753875732422,82.4499282836914,104.23216247558594,76.21600341796875,310.2699890136719,89.07855224609375,42.69976043701172
2025-07-25,631.741455078125,564.2747802734375,222.60157775878906,89.13483428955078,48.81147384643555,94.95185089111328,82.96829986572266,104.56797790527344,76.26337432861328,307.3999938964844,89.08826446533203,42.5385856628418
2025-07-28,631.582763671875,566.0381469726562,222.34364318847656,87.70082092285156,48.48613357543945,94.82646179199219,82.43071746826172,104.35690307617188,76.2254638671875,305.4100036621094,87.66059875488281,43.0220947265625
2025-07-29,629.9169311523438,565.1614379882812,220.9249725341797,87.5240249633789,48.50585174560547,95.33763122558594,83.82263946533203,105.04769134521484,76.2728271484375,306.25,89.06884765625,43.44210433959961
2025-07-30,629.1236572265625,565.918701171875,219.80392456054688,86.89541625976562,48.15092849731445,95.06757354736328,83.39067077636719,104.65432739257812,76.11175537109375,300.9599914550781,87.80628204345703,42.82185745239258
2025-07-31,626.763671875,562.9197998046875,217.651123046875,85.96231842041016,47.874881744384766,95.11580657958984,83.43866729736328,104.68311309814453,76.15914154052734,302.9599914550781,86.5728530883789,42.592315673828125
2025-08-01,616.4907836914062,551.8309936523438,213.216552734375,85.73641967773438,47.519962310791016,95.9383544921875,84.6248779296875,105.61175537109375,76.16294860839844,309.1099853515625,86.35918426513672,41.80112075805664
2025-08-04,625.8612670898438,562.0130615234375,217.98841857910156,86.87577056884766,48.01290512084961,96.01578521728516,84.85614013671875,105.7947998046875,76.42005920410156,310.9100036621094,87.24298858642578,41.70833206176758
2025-08-05,622.6881713867188,558.1973266601562,219.0995635986328,86.86595153808594,48.15092849731445,96.04479217529297,85.1163330078125,105.87187194824219,76.38196563720703,311.1600036621094,87.64117431640625,41.762054443359375
2025-08-06,627.4578247070312,565.2212524414062,218.81182861328125,87.43562316894531,48.377685546875,96.00608825683594,84.6248779296875,105.84297943115234,76.45814514160156,310.5,86.96133422851562,41.37622833251953
2025-08-07,626.9322509765625,567.1341552734375,218.09756469726562,88.22138977050781,48.781898498535156,95.9286880493164,84.48033905029297,105.73702239990234,76.38196563720703,313.1199951171875,87.21385192871094,41.21506118774414
2025-08-08,631.82080078125,572.4244384765625,218.57376098632812,88.76160430908203,48.742462158203125,95.74481201171875,84.11416625976562,105.39984893798828,76.39148712158203,313.04998779296875,86.49515533447266,41.478790283203125
2025-08-11,630.5712890625,570.730712890625,218.52415466308594,88.38835906982422,48.60443878173828,95.81256103515625,84.21053314208984,105.56361389160156,76.39148712158203,308.54998779296875,85.92214965820312,41.14668655395508
2025-08-12,637.284423828125,577.9041137695312,225.01229858398438,89.46878051757812,49.19597625732422,95.81256103515625,83.78652954101562,105.65994262695312,76.5628890991211,308.2699890136719,86.40775299072266,41.346927642822266
2025-08-13,639.4659423828125,578.1930541992188,229.38734436035156,90.00899505615234,49.78750991821289,96.16094207763672,84.48033905029297,106.21868133544922,76.76287841796875,309.2099914550781,87.21385192871094,41.82554244995117
2025-08-14,639.5254516601562,577.7447509765625,226.4309844970703,90.0188217163086,49.1762580871582,95.88997650146484,83.85398864746094,105.85261535644531,76.5628890991211,307.25,86.59228515625,41.78647232055664
2025-08-15,638.0281372070312,575.2042236328125,225.32977294921875,90.54920959472656,49.235408782958984,95.74481201171875,83.25653839111328,105.71774291992188,76.62004089355469,307.42999267578125,87.08758544921875,41.78647232055664
2025-08-18,637.8892822265625,574.9749755859375,226.1531982421875,90.45098114013672,49.52132034301758,95.63837432861328,83.01564025878906,105.52507019042969,76.5628890991211,306.95001220703125,86.34947967529297,41.53739929199219
2025-08-19,634.4286499023438,567.1740112304688,224.4170684814453,90.46080780029297,49.117103576660156,95.82221984863281,83.4974594116211,105.6888427734375,76.54385375976562,305.2699890136719,87.83541870117188,41.55204772949219
2025-08-20,632.7429809570312,563.8064575195312,223.62339782714844,90.7849349975586,49.048091888427734,95.88030242919922,83.68052673339844,105.73702239990234,76.51528930664062,308.3599853515625,88.08792877197266,41.8988037109375
2025-08-21,630.2044677734375,561.1962280273438,224.17898559570312,90.21525573730469,48.93964385986328,95.65772247314453,83.26618194580078,105.3323974609375,76.37244415283203,307.2900085449219,87.8257064819336,42.186946868896484
2025-08-22,639.88232421875,569.85400390625,232.96873474121094,91.5707015991211,49.91567611694336,96.1899642944336,83.88290405273438,106.16088104248047,76.99142456054688,310.5799865722656,89.52530670166016,43.046512603759766
2025-08-25,637.0662231445312,568.2100830078125,230.51832580566406,90.36258697509766,49.62976837158203,96.04479217529297,83.64198303222656,105.88151550292969,76.83907318115234,309.8299865722656,89.01056671142578,43.158843994140625
2025-08-26,639.733642578125,570.4916381835938,232.42311096191406,90.26437377929688,49.50160217285156,96.16094207763672,83.59381103515625,105.95858001708984,77.01046752929688,312.0799865722656,88.77748107910156,43.09047317504883
2025-08-27,641.1912841796875,571.368408203125,234.0699462890625,90.04828643798828,49.205833435058594,96.25770568847656,83.4974594116211,105.99712371826172,77.10569763183594,312.7099914550781,89.33106994628906,43.573974609375
2025-08-28,643.4620361328125,574.9451293945312,234.3477325439453,90.38223266601562,49.393150329589844,96.37383270263672,84.04671478271484,106.16088104248047,77.143798828125,315.0299987792969,89.09797668457031,43.90607452392578
2025-08-29,639.6245727539062,568.2899169921875,233.30604553222656,89.85184478759766,49.15653991699219,96.24803161621094,83.44927215576172,105.77554321289062,77.0009536743164,318.07000732421875,89.58357238769531,44.145389556884766
2025-09-02,634.884765625,563.5274658203125,232.04612731933594,88.96786499023438,49.117103576660156,95.99268341064453,82.82827758789062,105.42171478271484,76.91771697998047,325.5899963378906,88.0976333618164,44.20887756347656
2025-09-03,638.3255615234375,567.9611206054688,231.81793212890625,89.1053695678711,49.304420471191406,96.34220123291016,83.73751831054688,106.05008697509766,77.12820434570312,328.1400146484375,88.14619445800781,43.21744918823242
2025-09-04,643.6603393554688,573.1019287109375,234.71478271484375,89.75362396240234,49.14667892456055,96.73056030273438,84.37592315673828,106.77513885498047,77.33870697021484,326.69000244140625,88.8066177368164,43.50559997558594
2025-09-05,641.7960815429688,573.9288940429688,235.88543701171875,90.15632629394531,49.738216400146484,97.18687438964844,85.66239166259766,107.4711685180664,77.3769760131836,331.04998779296875,89.80695343017578,42.66557312011719
2025-09-08,643.372802734375,576.7284545898438,236.3616180419922,91.05995178222656,50.19172668457031,97.5169906616211,86.80378723144531,107.84820556640625,77.3769760131836,334.82000732421875,89.28250122070312,42.56789779663086
2025-09-09,644.8601684570312,578.3624877929688,234.9727325439453,90.7554702758789,50.4677734375,97.32279205322266,86.31048583984375,107.65486145019531,77.29085540771484,334.05999755859375,89.07855224609375,42.77301788330078
2025-09-10,646.724365234375,578.5517578125,234.55606079101562,90.73582458496094,50.81283950805664,97.5169906616211,86.80378723144531,107.97388458251953,77.34827423095703,335.260009765625,88.93287658691406,43.5202522277832
2025-09-11,652.0987548828125,581.9192504882812,238.8914337158203,91.6983871459961,51.5522575378418,97.70145416259766,87.3841552734375,108.47657775878906,77.53963470458984,334.760009765625,90.55477142333984,43.53001403808594
2025-09-12,651.8805541992188,584.4896240234375,236.450927734375,91.33496856689453,51.52267837524414,97.61406707763672,87.00691986083984,108.28324127197266,77.46308135986328,335.4200134277344,90.13716125488281,43.27117156982422
2025-09-15,655.3511352539062,589.4911499023438,237.45291137695312,91.94393157958984,51.897315979003906,97.77912902832031,87.2100601196289,108.62158203125,77.68315887451172,338.9100036621094,89.99148559570312,43.124656677246094
2025-09-16,654.4488525390625,588.992919921875,237.06192016601562,91.68856048583984,52.28181457519531,97.81796264648438,87.39382934570312,108.52491760253906,77.625732421875,339.5899963378906,89.51558685302734,43.84746551513672
2025-09-17,653.6357421875,587.8173217773438,237.66880798339844,91.34478759765625,52.508567810058594,97.64319610595703,87.17135620117188,108.33157348632812,77.54920196533203,336.9700012207031,89.39905548095703,43.95003128051758
2025-09-18,656.6898193359375,593.11767578125,243.58837890625,91.6983871459961,52.38040542602539,97.37134552001953,86.27180480957031,108.1092300415039,77.72142791748047,335.6199951171875,89.59329223632812,43.81328201293945
2025-09-19,659.9423217773438,597.1326904296875,241.73789978027344,91.34478759765625,52.2620964050293,97.37134552001953,86.10734558105469,108.022216796875,77.75012969970703,339.17999267578125,89.01056671142578,43.23209762573242
2025-09-22,663.0645751953125,600.667724609375,243.14068603515625,91.63945770263672,52.518428802490234,97.25485229492188,85.79783630371094,107.78053283691406,77.80754089355469,345.04998779296875,89.02999114990234,43.182350158691406
2025-09-23,659.4551391601562,596.6779174804688,242.59349060058594,91.46265411376953,52.548004150390625,97.41017150878906,86.39754486083984,107.99321746826172,77.75012969970703,346.4599914550781,89.51558685302734,43.926109313964844
2025-09-24,657.3569946289062,594.583251953125,240.36495971679688,90.93226623535156,52.37054443359375,97.22572326660156,86.06866455078125,107.5582046508789,77.6448745727539,343.32000732421875,88.63512420654297,44.497474670410156
2025-09-25,654.3242797851562,592.0198364257812,238.06675720214844,90.28401184082031,52.064918518066406,97.08978271484375,86.06866455078125,107.36485290527344,77.42481231689453,344.75,88.37039184570312,44.89645004272461
2025-09-26,658.072998046875,594.4535522460938,240.1062774658203,90.98137664794922,51.96632766723633,97.15774536132812,85.99128723144531,107.50984954833984,77.5779037475586,346.739990234375,89.2430191040039,45.3101921081543
2025-09-29,659.9224243164062,597.20654296875,240.3848419189453,91.33496856689453,52.43955612182617,97.34222412109375,86.69740295410156,107.8675537109375,77.71186065673828,352.4599914550781,89.2724380493164,44.47777557373047
2025-09-30,662.4082641601562,598.8424072265625,240.72311401367188,91.70820617675781,52.6465950012207,97.33251190185547,86.4458999633789,107.76119995117188,77.68315887451172,355.4700012207031,89.63520812988281,44.004920959472656
2025-10-01,664.6654052734375,601.7150268554688,241.25039672851562,92.4645004272461,53.0606689453125,97.58089447021484,86.66915893554688,108.19393920898438,77.82830810546875,356.0299987792969,89.77247619628906,44.004920959472656
2025-10-02,665.4309692382812,604.188720703125,242.7725830078125,92.61183166503906,53.3071403503418,97.68804168701172,86.92153930664062,108.36858367919922,77.79947662353516,354.7900085449219,89.30184936523438,43.561622619628906
2025-10-03,665.421142578125,601.645263671875,244.57333374023438,93.38777160644531,53.464881896972656,97.58089447021484,86.75651550292969,108.23274993896484,77.71295166015625,357.6400146484375,89.63520812988281,43.793121337890625
2025-10-06,667.8074951171875,606.1636962890625,245.54830932617188,93.6038589477539,53.71135711669922,97.36660766601562,86.06735229492188,107.88346099853516,77.73218536376953,364.3800048828125,88.79199981689453,44.00984573364258
2025-10-07,665.3316040039062,602.9718627929688,242.911865234375,92.78862762451172,53.29728317260742,97.53219604492188,86.56238555908203,108.08721923828125,77.64566802978516,366.260009765625,88.46845245361328,44.07880401611328
2025-10-08,669.2990112304688,609.88427734375,245.4587860107422,93.06364440917969,53.72121810913086,97.54194641113281,86.63031768798828,107.95137786865234,77.5302963256836,372.29998779296875,88.00762939453125,43.82267761230469
2025-10-09,667.3600463867188,609.1461181640625,243.8769073486328,92.29753112792969,53.16911697387695,97.42504119873047,86.56238555908203,107.73792266845703,77.30919647216797,365.42999267578125,87.52718353271484,43.226680755615234
2025-10-10,649.32275390625,588.0000610351562,236.57443237304688,90.59831237792969,51.207191467285156,97.82440948486328,87.96011352539062,108.0386962890625,76.85736083984375,369.1199951171875,86.40943908691406,41.975589752197266
2025-10-13,659.2860107421875,600.4782104492188,243.1605987548828,91.32514953613281,52.69588851928711,98.00949096679688,87.91158294677734,108.40739440917969,77.33802795410156,378.0899963378906,86.9585189819336,42.54695510864258
2025-10-14,658.4805908203125,596.4783935546875,246.6327362060547,91.7376708984375,52.22266387939453,98.16532897949219,88.19307708740234,108.76639556884766,77.42455291748047,380.7900085449219,87.85073852539062,42.542030334472656
2025-10-15,661.4039306640625,600.6876220703125,249.05032348632812,92.1796646118164,53.080387115478516,98.12637329101562,87.99894714355469,108.76639556884766,77.67449951171875,387.3900146484375,89.1253662109375,42.51740264892578
2025-10-16,656.8995971679688,598.4633178710938,243.8072509765625,92.66093444824219,53.425445556640625,98.47704315185547,88.65898132324219,109.07688903808594,77.39572143554688,396.45001220703125,88.81161499023438,42.00514602661133
2025-10-17,660.62841796875,602.393310546875,242.16571044921875,92.82791900634766,53.41558837890625,98.34065246582031,88.5230941772461,108.86341094970703,77.59759521484375,388.989990234375,89.39009857177734,42.34993362426758
2025-10-20,667.499267578125,609.98388671875,246.89141845703125,93.59403228759766,54.14514923095703,98.50626373291016,88.86282348632812,109.19331359863281,77.75139617919922,403.1499938964844,90.29212951660156,42.79815673828125
2025-10-21,667.4893188476562,609.8244018554688,245.7274169921875,92.90648651123047,53.543758392333984,98.60365295410156,89.29961395263672,109.21271514892578,77.63604736328125,377.239990234375,90.0372085571289,42.699649810791016
2025-10-22,664.0191040039062,603.9493408203125,242.09605407714844,92.76898193359375,53.49446105957031,98.59392547607422,89.35785675048828,109.3194351196289,77.55914306640625,377.2799987792969,90.41959381103516,43.24638748168945
2025-10-23,667.9566650390625,609.0264282226562,245.16030883789062,93.2011489868164,53.967689514160156,98.4186019897461,88.74634552001953,109.1836166381836,77.73218536376953,378.7900085449219,90.36076354980469,43.82267761230469
2025-10-24,673.4155883789062,615.52978515625,248.15492248535156,93.34848022460938,54.322608947753906,98.5159912109375,88.78516387939453,109.36795806884766,77.94367218017578,377.5199890136719,90.62549591064453,43.37937545776367
2025-10-27,681.3603515625,626.4918823242188,249.02047729492188,93.99673461914062,54.92400360107422,98.58417510986328,89.08606719970703,109.55231475830078,78.13592529296875,367.010009765625,90.88041687011719,43.482810974121094
2025-10-28,683.1700439453125,631.3095703125,247.6873321533203,93.95745086669922,54.9042854309082,98.64263153076172,89.31903076171875,109.56199645996094,78.05902099609375,364.3800048828125,89.09595489501953,43.029659271240234
2025-10-29,683.4982299804688,634.15234375,245.57815551757812,93.42706298828125,55.21976852416992,98.1750717163086,88.41631317138672,108.9410400390625,77.81867980957031,363.0,86.80162811279297,43.349822998046875
2025-10-30,675.9810180664062,624.45703125,243.5983428955078,93.01453399658203,54.647953033447266,97.98999786376953,87.9018783569336,108.35887908935547,77.67449951171875,370.1300048828125,87.21343231201172,43.09368896484375
2025-10-31,678.1983032226562,627.4693603515625,244.97128295898438,92.80827331542969,54.5197868347168,97.93154907226562,87.63980102539062,107.92227172851562,77.67449951171875,368.1199951171875,87.4389419555664,43.4089241027832
2025-11-03,679.4711303710938,630.4716796875,244.18531799316406,92.8475570678711,54.86485290527344,97.81135559082031,87.42061614990234,107.63207244873047,77.43294525146484,368.7799987792969,87.31148529052734,43.41385269165039
2025-11-04,671.4169921875,617.6743774414062,239.9669952392578,91.89482116699219,53.8592414855957,97.86023712158203,87.6154556274414,107.77815246582031,77.44259643554688,362.32000732421875,87.45854949951172,42.945926666259766
2025-11-05,673.7437133789062,621.6941528320312,243.42918395996094,92.48414611816406,54.34232711791992,97.59637451171875,86.66077423095703,107.45679473876953,77.51990509033203,366.510009765625,87.5369873046875,43.05921173095703
2025-11-06,666.514892578125,610.1136474609375,239.12135314941406,92.27787780761719,53.9381103515625,97.95793914794922,87.44010162353516,108.02159881591797,77.54889678955078,366.07000732421875,87.11538696289062,43.477882385253906
2025-11-07,667.1710815429688,608.1885375976562,240.37490844726562,92.62165832519531,53.78036880493164,97.91886138916016,87.25502014160156,107.80735778808594,77.61653900146484,368.30999755859375,88.46845245361328,44.103431701660156
2025-11-10,677.5818481445312,621.6442260742188,242.78253173828125,93.59403228759766,54.72682189941406,97.87976837158203,87.23554229736328,107.86579132080078,77.87740325927734,378.3800048828125,88.41942596435547,44.50239944458008
2025-11-11,679.1329956054688,619.9884643554688,242.99147033691406,94.28157043457031,54.78597640991211,98.17293548583984,87.63493347167969,108.29424285888672,77.9643783569336,379.8699951171875,89.40970611572266,45.0836181640625
2025-11-12,679.5109252929688,619.4996948242188,242.39451599121094,94.8414306640625,54.79583740234375,98.13385009765625,87.7907943725586,108.18714904785156,77.80976104736328,385.989990234375,88.74298095703125,44.453147888183594
2025-11-13,668.235107421875,606.8519897460938,235.5795440673828,93.82975769042969,54.15501022338867,97.8406753540039,87.06993103027344,107.65156555175781,77.49092102050781,382.8699951171875,87.65464782714844,44.566436767578125
2025-11-14,668.1256713867188,607.310791015625,236.26602172851562,93.56456756591797,54.18458557128906,97.7234115600586,86.57310485839844,107.35942077636719,77.51023864746094,375.9599914550781,87.84093475341797,45.32497024536133
2025-11-17,661.901123046875,602.1240234375,231.57012939453125,92.34663391113281,53.543758392333984,97.7429428100586,86.78742218017578,107.42758178710938,77.38463592529297,371.6499938964844,87.11538696289062,44.497474670410156
2025-11-18,656.3427734375,594.792724609375,232.27651977539062,91.14835357666016,53.277565002441406,97.80158996582031,86.75819396972656,107.47628021240234,77.40396118164062,374.3500061035156,87.46835327148438,44.85211181640625
2025-11-19,658.8783569335938,598.3436889648438,232.23670959472656,90.87332916259766,53.09024429321289,97.80158996582031,86.58284759521484,107.48600769042969,77.44259643554688,374.9599914550781,86.78202819824219,44.27090072631836
2025-11-20,648.8355712890625,584.1798095703125,227.9387969970703,89.6161117553711,52.360687255859375,97.91886138916016,86.9238052368164,107.63207244873047,77.39429473876953,374.8500061035156,86.41924285888672,43.76849365234375
2025-11-21,655.2987670898438,588.568603515625,234.3956298828125,91.00102233886719,52.350826263427734,98.15339660644531,87.18681335449219,108.01184844970703,77.6551742553711,374.2699890136719,87.82133483886719,44.0443229675293
2025-11-24,664.9437866210938,603.6201782226562,238.6736297607422,91.07959747314453,52.90292739868164,98.34884643554688,87.68363952636719,108.4403305053711,77.86774444580078,380.20001220703125,88.056640625,43.92118453979492
2025-11-25,671.1982421875,607.3406982421875,243.8769073486328,92.16983795166016,53.09024429321289,98.50520324707031,87.90769958496094,108.74217987060547,78.13829040527344,380.0799865722656,88.87044525146484,43.645355224609375
2025-11-26,675.8318481445312,612.70703125,246.03582763671875,93.18151092529297,53.47474670410156,98.66154479980469,88.29735565185547,109.11223602294922,78.21558380126953,383.1199951171875,89.26263427734375,43.975364685058594
2025-11-28,679.5208129882812,617.6743774414062,247.4783935546875,93.49581909179688,53.55361557006836,98.52474212646484,87.87847137451172,108.92720794677734,78.25423431396484,387.8800048828125,89.55677032470703,44.55165481567383
2025-12-01,676.41845703125,615.599609375,244.36439514160156,93.0341796875,53.51417922973633,98.0992431640625,86.78450012207031,108.34370422363281,78.11347961425781,389.75,88.52726745605469,44.98017883300781
2025-12-02,677.67138671875,620.4173583984375,243.9167022705078,93.34848022460938,53.533897399902344,98.22669982910156,86.82360076904297,108.41211700439453,78.25907897949219,387.239990234375,88.2135238647461,44.39896774291992
2025-12-03,680.0180053710938,621.9335327148438,248.35389709472656,93.84941101074219,53.573333740234375,98.41297912597656,87.0680160522461,108.6564712524414,78.32704162597656,386.8800048828125,88.43902587890625,45.23138427734375
2025-12-04,680.51513671875,621.35498046875,250.53271484375,94.10477447509766,53.5634765625,98.17768859863281,86.59873962402344,108.46099090576172,78.38526916503906,387.1300048828125,88.22332763671875,45.42348098754883
2025-12-05,681.8078002929688,623.8884887695312,249.4880828857422,94.10477447509766,53.967689514160156,98.06983184814453,86.19791412353516,108.35346984863281,78.38526916503906,386.44000244140625,88.12527465820312,45.236305236816406
2025-12-08,679.7594604492188,622.6915893554688,249.5875701904297,93.81011962890625,53.84938049316406,97.9129638671875,85.9144058227539,108.12867736816406,78.1911392211914,385.4200134277344,87.4487533569336,44.743751525878906
2025-12-09,679.1727905273438,623.4595947265625,250.1049041748047,93.68242645263672,53.760650634765625,97.82473754882812,86.00238800048828,107.99183654785156,78.10377502441406,387.3999938964844,87.11538696289062,45.019588470458984
2025-12-10,683.6771850585938,626.0130615234375,253.50743103027344,94.72357177734375,54.36204528808594,98.13845825195312,86.33479309082031,108.49031066894531,78.3658676147461,389.04998779296875,87.42913818359375,45.49243927001953
2025-12-11,685.26806640625,623.98828125,256.48211669921875,95.2834243774414,54.105712890625,98.1580810546875,86.21747589111328,108.33392333984375,78.35615539550781,393.239990234375,87.8115234375,45.27571487426758
2025-12-12,677.9000854492188,612.0587158203125,252.55233764648438,94.78250122070312,53.47474670410156,97.8541259765625,85.38648223876953,107.67908477783203,78.21054077148438,395.44000244140625,87.70366668701172,44.83241271972656
2025-12-15,676.8758544921875,608.9865112304688,250.6421356201172,95.36199188232422,53.31700134277344,97.95218658447266,85.44515228271484,107.80614471435547,78.24938201904297,395.79998779296875,87.97821044921875,44.51717758178711
2025-12-16,675.0264282226562,610.1934204101562,249.4562530517578,94.91999816894531,52.97999954223633,98.13845825195312,85.9144058227539,108.05049133300781,78.29792022705078,395.8900146484375,87.33109283447266,43.1577262878418
2025-12-17,667.5986938476562,598.8822631835938,246.8009796142578,94.1500015258789,52.599998474121094,98.10904693603516,85.83619689941406,107.9332046508789,78.20083618164062,399.2900085449219,87.65464782714844,44.11328125
2025-12-18,672.6399536132812,607.5601806640625,248.26837158203125,94.81999969482422,53.20000076293945,98.35415649414062,86.24681091308594,108.34370422363281,78.41439819335938,398.57000732421875,87.1938247680664,43.47296142578125
2025-12-19,678.7363891601562,615.4799194335938,250.34466552734375,95.45999908447266,53.720001220703125,98.21053314208984,85.92488861083984,108.06503295898438,78.37637329101562,399.0199890136719,86.86045837402344,43.47296142578125
2025-12-22,682.96484375,618.4302368164062,253.12973022460938,95.69999694824219,54.0099983215332,98.17119598388672,85.73841857910156,108.04540252685547,78.44463348388672,408.2300109863281,87.30669403076172,43.92301940917969
2025-12-23,686.0863037109375,621.3265380859375,251.63238525390625,96.29000091552734,54.310001373291016,98.17119598388672,85.87581634521484,108.1533432006836,78.50315856933594,413.6400146484375,87.24732971191406,44.21113586425781
2025-12-24,688.4996948242188,623.144287109375,252.2612762451172,96.41000366210938,54.41999816894531,98.3875961303711,86.3959732055664,108.57528686523438,78.64945220947266,411.92999267578125,87.82119750976562,44.08198165893555
2025-12-26,688.4298706054688,623.1043090820312,250.9735565185547,96.56999969482422,54.79999923706055,98.40727233886719,86.11136627197266,108.56546783447266,78.61043548583984,416.739990234375,87.92013549804688,43.9130859375
2025-12-29,685.9765625,620.088134765625,249.43629455566406,96.27999877929688,54.65999984741211,98.52531433105469,86.43523406982422,108.71266174316406,78.63969421386719,398.6000061035156,88.09823608398438,44.33035659790039
2025-12-30,685.138916015625,618.64990234375,247.58956909179688,96.44000244140625,54.880001068115234,98.48597717285156,86.22914123535156,108.5850830078125,78.71772766113281,398.8900146484375,88.27632904052734,44.66815185546875
2025-12-31,680.062744140625,613.536376953125,245.722900390625,96.02999877929688,54.709999084472656,98.2498779296875,85.54212951660156,108.12390899658203,78.63969421386719,396.30999755859375,87.55404663085938,44.41977310180664
