Date,AAPL,MSFT,AMZN,GOOGL,META,BRK-B,TSLA,NVDA,JPM,V,JNJ,WMT,PG,MA,XOM,UNH,HD,CVX,LLY,BAC,ABBV,KO,AVGO,PEP,COST,ORCL,TMO,CSCO,PFE,ABT,ADBE,NKE,DIS,MCD,WFC,DHR,PM,AMD,TXN,VZ,NEE,HON,RTX,AMGN,INTC,COP,LOW,IBM,GE,CAT
2021-01-04,125.856705,208.406540,159.331497,85.599022,266.845978,228.449997,243.256668,13.076016,109.491570,209.572968,135.059647,45.541054,119.853638,340.579315,33.693779,319.662170,232.104797,67.829147,156.794281,26.464048,85.339409,45.081974,38.173023,122.557877,358.677277,59.099358,465.204926,37.830803,28.367762,98.566498,485.339996,129.605042,173.592010,186.495712,26.340197,193.190521,63.420769,92.300003,139.822159,42.235981,64.869476,176.116867,60.811329,192.309921,44.902931,32.795181,144.930603,95.789566,50.937496,164.929382
2021-01-05,127.412781,208.607574,160.925507,86.289307,268.860107,227.470001,245.036667,13.366435,110.087326,206.445084,136.647583,45.298634,120.618889,336.635712,35.317585,315.363342,233.978027,69.662788,157.571182,26.666731,86.221848,44.586384,38.431583,122.923141,354.516418,58.366985,471.022308,37.848011,28.660601,99.786041,485.690002,130.650391,174.334534,187.613510,27.076305,197.984970,64.113335,92.769997,140.847885,42.042202,65.350166,176.548737,61.691109,193.243210,45.752720,34.676544,145.418549,97.489883,52.397022,166.278488
2021-01-06,123.123856,203.198547,156.919006,85.437851,261.259705,230.270004,251.993332,12.578444,115.256592,204.626221,137.933441,45.581459,121.888565,336.761658,36.218788,328.598053,235.314804,71.904831,155.676376,28.332304,85.477028,43.167950,38.194569,121.419525,349.119476,58.227394,478.407196,38.209457,28.413990,99.578300,466.309998,131.686554,174.998856,187.187729,28.991953,204.544952,64.198914,90.330002,141.546021,42.551758,68.549088,179.767059,62.455368,197.901230,46.195690,36.060616,147.361465,99.924438,55.267429,175.532272
2021-01-07,127.325203,208.980927,158.108002,87.989769,266.647461,232.880005,272.013336,13.305859,119.041542,205.771439,138.399490,45.578342,120.749336,339.429657,36.502956,333.866333,234.162704,72.241127,157.106949,28.957994,86.391876,42.689457,39.804199,121.028763,347.138245,58.692696,493.315186,38.691380,28.560423,100.544884,477.739990,134.091721,174.471298,188.057083,29.648239,207.452850,64.572449,95.160004,144.752411,42.456013,69.300728,180.063461,62.011036,198.554520,47.181080,37.046875,147.939819,99.692574,54.829571,175.867294
2021-01-08,128.424240,210.254242,159.134995,89.154633,265.486603,234.029999,293.339996,13.238799,119.172943,207.349823,138.114700,45.572132,120.697197,343.300720,36.908905,332.366241,236.651581,72.929741,157.656418,28.667177,86.845253,43.646458,40.006187,122.481422,349.044037,58.981178,505.117523,38.777431,28.614370,100.824921,485.100006,135.386856,174.578766,191.508057,29.435387,210.724152,64.658028,94.580002,147.527802,41.926495,70.908928,177.878418,62.082119,202.347092,46.692905,37.046875,149.150711,99.337059,55.170128,175.894485
2021-01-11,125.438484,208.215057,155.710495,87.094658,254.840164,233.429993,270.396667,13.582566,120.951530,204.886047,137.536484,45.777260,119.879730,337.819244,38.029335,329.951691,238.533646,73.346138,176.159134,29.143055,88.262032,42.894520,40.016953,120.705963,343.449036,58.655479,506.152710,39.035606,29.107584,100.129341,474.239990,136.034424,174.969574,190.053162,29.479734,211.269379,64.051071,97.250000,147.657120,41.679859,69.650345,176.464050,62.028805,201.566528,46.593472,37.593872,150.298355,99.375687,55.705288,175.532272
2021-01-12,125.263466,205.764221,156.041504,86.159393,249.134918,233.029999,283.146667,13.446207,122.852737,201.007553,136.466370,46.299404,119.183990,332.696625,38.873695,326.860229,243.018829,74.739372,169.394669,29.663000,88.877327,42.817623,40.342827,120.145248,343.628326,58.087803,491.777161,39.405651,28.652899,98.322624,471.649994,134.184265,171.940918,187.719955,30.100540,208.300964,63.086147,95.360001,148.510406,41.534794,69.702782,176.904480,63.557312,200.735031,48.130318,39.301182,152.711182,99.862602,57.310764,178.864349
2021-01-13,127.296066,207.114090,158.294495,86.646370,249.680649,234.509995,284.803345,13.493072,122.966637,201.479156,136.259247,45.826977,119.366623,336.004883,39.312126,324.729187,241.013626,74.667297,175.742233,29.486750,91.038948,42.860340,40.506218,121.130714,346.222961,57.752792,494.675903,39.035606,28.406296,101.312737,472.049988,132.324814,172.067902,188.154663,29.976379,207.565338,63.195084,91.779999,147.743332,41.389717,71.529480,175.329193,62.650856,201.710770,51.484241,38.977955,153.470276,98.092720,56.289097,177.370316
2021-01-14,125.370438,203.935699,156.373505,85.836555,243.727341,235.020004,281.666656,13.162519,123.685074,194.270721,138.641129,45.677814,118.096931,317.183228,40.846615,320.604279,235.992004,76.460922,176.869629,29.953815,91.432106,42.065689,40.583424,120.425613,341.882751,57.324722,489.943298,38.854897,28.321514,99.807121,463.269989,130.715134,169.439804,184.969818,30.818920,204.847885,63.171761,90.790001,148.001877,41.375214,72.132553,176.675812,63.041889,205.036713,53.563503,39.674133,153.976349,99.677109,56.726959,178.737610
2021-01-15,123.649033,203.581451,155.212494,85.672913,249.402832,233.490005,275.386658,12.822742,121.468445,194.010880,138.339066,44.953648,117.209938,313.622650,38.881824,321.308411,242.367966,73.738480,180.735031,29.090178,90.522919,41.612823,40.025028,120.111313,341.703461,57.492233,496.085968,39.095852,28.282991,100.949944,458.079987,130.178589,167.495590,186.220688,28.415483,204.891144,62.984985,88.209999,145.829819,41.621834,71.704262,174.439941,61.495583,208.286270,52.053772,37.394951,154.834808,99.228844,55.121479,176.220474
2021-01-19,124.320084,207.209839,156.037994,88.492111,259.066956,234.550003,281.516663,12.988021,120.942741,194.078278,140.479279,44.565151,116.183777,316.222900,39.653122,322.122498,240.257294,75.676216,188.039474,28.878681,91.882584,41.450470,41.229782,120.680504,334.447876,57.036224,500.266449,38.889313,28.306101,102.101860,456.500000,128.837234,168.296707,185.493210,28.938742,204.337280,63.732021,89.449997,150.139435,41.382469,72.377251,175.108963,61.637783,210.644989,52.424427,38.124298,154.852936,99.715752,55.607983,176.648239
2021-01-20,128.404709,214.772934,163.169006,93.232925,265.397308,234.759995,283.483337,13.327549,119.129143,198.264725,140.134094,45.224041,114.731453,324.925385,40.213329,320.887756,241.233475,76.372849,190.673218,28.499746,92.242989,41.595726,41.464085,120.060333,340.892090,57.287498,508.607880,39.018402,28.128855,102.392090,469.730011,132.102844,169.644974,189.520874,28.787968,205.150772,63.576405,88.750000,149.398193,41.534794,73.461052,176.226929,61.175686,214.115128,53.039165,37.593872,156.331131,100.534988,55.413376,175.082565
2021-01-21,133.111832,215.376068,165.349503,93.435257,270.745300,234.160004,281.663330,13.827862,118.130348,197.427368,139.573151,45.018917,114.618607,324.469391,39.060444,324.692566,245.410934,73.674400,191.705902,27.997427,91.129051,41.826431,41.907562,118.599213,342.307312,56.961796,505.176575,38.820477,28.113438,102.446510,472.019989,131.001892,167.339249,189.432144,28.380009,201.732361,63.288471,91.529999,150.923813,41.542046,73.163872,173.813278,60.526951,213.835129,56.465420,35.795406,156.285767,101.748421,53.856552,174.946014
2021-01-22,135.251450,216.314301,164.611496,93.852303,272.362640,232.919998,282.213318,13.673306,117.219139,194.424698,141.143829,45.478897,113.734962,319.181976,38.508350,317.878601,249.764175,73.450211,195.296570,27.803553,90.801422,41.433376,41.745979,117.732681,341.835571,56.170784,507.385162,38.527870,28.167381,102.346733,472.440002,128.911240,168.804749,189.299103,28.291321,206.007507,62.782650,92.790001,148.949982,41.687115,73.600906,171.289383,60.055962,215.082367,51.222069,35.381016,156.340179,91.670181,54.051159,174.718475
2021-01-25,138.995712,219.741608,164.699997,93.937607,275.845276,233.009995,293.600006,13.614225,115.755974,193.423767,143.240921,45.438484,115.694740,319.375946,38.078045,318.116455,250.714005,72.785614,201.179886,27.459858,90.506561,41.681171,41.725323,119.083405,341.439331,56.673306,511.555786,38.751621,28.729965,104.051926,473.440002,127.246117,167.935242,189.263580,28.592857,206.102753,63.296230,94.129997,149.044815,42.376213,75.925774,170.967545,58.900696,218.136795,50.119167,35.289845,157.881836,91.646980,53.467335,170.531174
2021-01-26,139.229172,222.422211,166.306503,94.615501,279.853851,231.570007,294.363342,13.396851,115.282875,194.415131,147.124390,45.845631,116.438347,317.930359,37.241783,313.817688,248.532898,71.552490,201.530396,27.265989,89.114143,42.116955,41.642735,120.459633,344.364227,57.510834,500.710114,38.949543,28.753088,104.060997,476.279999,124.979622,165.658829,191.073380,27.830145,202.493896,63.802044,94.709999,147.795013,41.034286,74.492378,170.281586,59.718266,219.409454,49.911236,34.543934,157.519089,94.668907,54.926868,170.412872
2021-01-27,138.159348,222.967911,161.628998,90.201500,270.021027,227.360001,288.053345,12.880828,112.023613,187.639755,144.880600,44.705009,112.317673,306.084320,36.819595,304.561646,241.013626,70.623665,196.651337,26.287792,84.191589,41.467556,39.921806,117.265495,336.259399,58.208794,475.715546,39.328201,27.928486,103.661896,460.000000,121.205261,159.279083,183.639099,26.757030,192.299103,62.097874,88.839996,140.434158,39.989746,70.087341,168.858734,58.207546,213.012161,48.446712,33.690277,152.087082,94.653435,55.364727,164.423264
2021-01-28,133.325821,228.740753,161.880997,91.900444,262.936615,230.949997,278.476654,13.013699,113.994942,190.767593,145.985260,44.677029,114.049927,314.612305,37.396038,309.281158,244.531418,71.280258,199.067200,26.719606,85.354652,41.997330,40.553795,118.242416,336.891571,56.971096,489.519226,39.018402,27.936272,109.194656,465.670013,124.628052,167.925461,183.479401,27.324631,197.811951,63.249561,87.519997,145.864304,40.163834,72.071365,171.789062,60.580273,210.203766,50.688698,34.071510,156.285767,92.806282,53.953846,167.800323
2021-01-29,128.336655,222.067947,160.309998,90.619026,256.318542,227.869995,264.510010,12.952622,112.733276,185.984467,140.781357,43.663845,112.168930,306.860535,36.405518,305.101227,238.173035,68.221489,197.030273,26.129173,83.937668,41.142849,40.442486,116.016724,332.523041,56.235924,502.553955,38.364365,27.967438,112.097076,458.769989,123.582703,164.300827,184.384308,26.499834,205.834442,61.981152,85.639999,143.679062,39.714104,70.681686,165.462585,59.300610,204.841553,50.182442,33.176430,151.307159,92.056595,51.959160,166.434921
2021-02-01,130.456818,229.430054,167.143997,93.877602,259.969879,229.320007,279.936676,13.199166,113.565620,190.902344,140.418884,43.284668,112.833839,311.973358,36.470482,305.485413,237.513428,69.190384,192.454361,26.402359,83.790245,41.424839,41.900368,116.364998,330.720978,57.240978,508.242950,39.070038,27.889536,111.144722,470.000000,125.543900,167.036392,184.464172,26.597389,209.218323,61.522015,87.660004,149.549683,39.373177,71.407097,165.623520,59.504997,203.993103,51.249191,33.740002,148.151367,93.161827,52.251068,168.146255
2021-02-02,131.283508,229.295990,169.000000,95.169434,265.000427,232.240005,290.929993,13.517999,117.061424,194.992538,139.158905,43.750866,112.676346,324.401489,37.046925,309.802429,239.351501,69.710831,187.167847,27.345299,84.748543,41.834976,42.810677,117.554314,335.495239,58.041286,511.260193,39.440086,27.258514,109.058601,484.929993,129.133270,172.888596,186.087646,27.271412,212.108856,61.685440,88.860001,151.535477,39.532764,72.482147,169.485474,62.330963,204.044037,52.433464,33.955490,151.134918,92.311661,54.683617,175.228241
2021-02-03,130.262299,232.637177,165.626495,102.100143,264.573792,232.679993,284.896667,13.491826,118.401947,193.789551,138.511642,43.884510,112.816338,322.897766,38.500229,309.043335,241.119202,71.232216,186.599396,27.829988,87.598885,41.672630,41.761227,117.248482,335.146088,57.855156,493.206787,39.388443,27.141657,109.040451,481.920013,128.245163,172.370773,185.156128,28.113949,206.171997,62.432495,87.889999,146.185120,39.743126,72.587029,168.655502,62.721962,201.150787,52.144184,35.811977,154.054901,92.064346,54.489017,174.272430
2021-02-04,133.617569,231.689407,166.550003,101.839806,264.415009,235.770004,283.329987,13.625193,121.126740,201.382858,139.797562,44.297871,112.886330,330.668823,39.239059,301.204987,245.208633,71.264229,191.014297,28.640743,88.893005,41.877697,42.249584,118.658630,336.412811,58.953259,482.104614,40.662094,27.180611,108.605087,489.380005,130.095352,176.083328,187.214294,29.057009,203.835342,65.078247,87.839996,149.150803,39.997005,72.543343,169.883530,64.588158,201.269577,53.470245,36.474991,156.911499,93.532799,55.705288,174.454529
2021-02-05,133.203644,231.871323,167.607498,103.585373,266.012512,235.160004,284.076660,13.552151,120.890175,200.920959,141.920517,44.866638,113.358780,328.650940,40.554333,296.805573,245.243866,71.472427,191.156433,28.526182,89.056831,42.424572,41.834850,119.746033,335.770020,59.185909,485.654205,41.376373,27.203979,112.496155,492.119995,134.239761,176.991959,188.589371,28.968040,203.887314,65.584068,87.900002,147.355774,40.127563,73.067719,171.856842,64.277107,200.505997,52.915447,36.814816,158.725174,94.127907,55.462036,175.683380
2021-02-08,133.349731,232.129761,166.147003,103.371635,264.504242,237.419998,287.806671,14.397480,122.782661,199.111618,142.326111,45.074867,113.008789,326.982208,42.299911,296.650146,246.272766,73.250023,194.945999,29.160677,87.508774,42.655281,42.435429,119.270256,340.175446,58.729923,488.809326,42.116459,27.126080,112.922462,493.760010,132.667114,185.628555,187.702209,29.715372,203.939163,66.914711,91.470001,151.856354,39.931709,72.892944,172.652969,64.419304,201.566528,53.806767,38.770760,162.479507,95.534515,56.483696,179.734116
2021-02-09,132.473114,233.374359,165.250000,102.918869,267.351990,239.910004,283.153320,14.222484,122.292015,198.755554,143.491150,45.323490,112.571373,323.499207,41.804504,301.488525,243.405701,72.833679,191.099564,29.037308,86.329330,42.467293,42.608692,118.590691,339.920258,59.251057,482.439880,41.737812,27.242933,113.511993,496.049988,131.168472,183.879745,191.605652,29.590811,205.107483,66.634590,90.910004,150.616348,39.895447,73.268776,171.094589,64.908081,200.785965,53.461155,38.853634,161.219009,95.628502,56.143135,179.579330
2021-02-10,131.869278,232.464874,164.328995,103.468826,269.753082,239.919998,268.273346,14.722049,122.362083,198.678543,143.957184,44.795143,112.177681,324.246277,42.209084,304.936646,245.094345,74.082787,193.638580,29.063740,85.223602,42.381840,42.197525,116.976631,336.668213,58.878826,478.081848,40.653484,27.063753,113.639000,492.670013,131.788239,185.267075,190.203979,29.537439,205.531601,66.875809,92.349998,151.197327,39.866428,73.338684,171.213165,64.401550,202.321655,53.533920,39.160286,160.729340,95.738152,55.462036,179.979889
2021-02-11,131.616013,234.063675,163.106506,103.581390,268.284637,239.759995,270.553345,15.207161,122.020393,203.054657,143.309952,44.760952,112.273911,332.648132,41.152214,304.634796,243.660828,73.682419,192.725342,28.975618,84.977875,42.979977,42.946232,114.657486,332.962280,58.348381,487.123291,40.946083,26.822254,115.044838,496.619995,132.787354,186.517624,190.088654,29.110390,208.274979,66.424492,92.660004,155.411667,39.605293,73.373650,171.230103,64.277107,200.902771,55.171036,38.842457,159.359970,94.696510,55.753933,180.553345
2021-02-12,131.849808,234.542313,163.885498,103.892838,268.393799,242.460007,272.040009,14.918488,123.755142,202.379944,143.758682,44.900806,111.652756,330.833801,41.713680,300.217133,244.056534,74.106804,197.206131,29.407434,85.543030,43.313217,43.658131,113.723061,333.482208,58.702007,500.710114,40.696510,27.048170,116.305588,498.839996,131.473724,183.352173,189.760376,29.831028,212.809860,67.015900,93.769997,155.775879,39.315155,72.656944,172.407333,64.525948,202.757584,56.216976,39.444668,160.656799,94.610344,57.067501,180.225662
2021-02-16,129.726456,233.307297,163.447495,104.669907,271.836823,245.279999,265.406677,15.286432,126.734024,200.394272,142.455597,45.270664,111.915222,331.037537,42.968719,296.906281,242.192154,75.625313,195.750580,30.200563,85.346458,42.954350,43.910397,114.156288,334.663940,57.827251,493.068787,40.025257,27.024799,116.115135,501.640015,131.094421,182.062531,190.762878,30.952032,209.668365,66.922516,91.459999,156.747086,39.278877,70.961357,172.297211,64.525948,199.022247,56.817261,40.858170,157.845505,94.038605,58.235130,184.221741
2021-02-17,127.437599,234.324448,165.432007,105.062653,271.439941,245.250000,266.049988,14.863394,127.128296,200.018356,142.964767,45.749287,112.387657,327.273132,43.637524,298.954956,247.055511,77.890907,196.416565,30.323933,87.058304,42.834709,43.313404,114.224258,338.483246,57.780712,491.471497,39.801517,27.180611,115.407661,491.230011,133.203644,182.150467,189.361191,32.553463,207.625931,67.397209,89.940002,154.813309,41.338936,70.515602,170.992981,64.925858,201.389954,56.253357,41.284737,160.629562,93.960289,57.699974,184.148926
2021-02-18,126.336975,233.931030,166.411499,104.427414,267.292450,243.500000,262.459991,14.786614,127.557602,201.791901,143.033768,42.784290,113.323784,328.369568,42.952202,300.372650,248.928680,77.143845,191.336319,30.130066,86.869919,43.381573,43.383427,114.997284,337.424408,57.762104,481.946838,39.878971,26.923531,113.747833,488.369995,134.221268,178.789597,191.117706,32.882641,205.453674,67.179306,88.639999,153.061691,41.331688,70.559326,172.364990,64.765892,198.757278,56.035076,39.887951,160.656799,94.555527,56.580994,181.982498
2021-02-19,126.492783,231.225067,162.494995,103.584389,259.523376,241.850006,260.433319,14.883838,129.686630,197.338715,140.651901,42.995625,111.215309,323.237274,43.241196,296.869629,245.929794,77.793472,191.146057,30.438501,86.009895,42.817623,43.984905,112.567696,335.391907,56.887337,472.146179,39.310993,26.830040,111.598228,479.119995,131.381271,179.424652,188.287735,33.656658,200.122604,66.494522,89.580002,154.657257,40.947243,68.260658,172.398865,65.992241,198.039291,57.308399,40.498528,161.001358,93.192764,58.478382,191.076141
2021-02-22,122.723442,225.026337,159.037003,101.871048,258.302948,244.970001,238.166672,14.314718,130.904495,200.799118,140.565048,42.793610,110.742867,330.503967,44.834770,299.668365,242.596680,79.896652,190.917725,30.976057,87.688988,43.261940,42.764004,112.125954,331.080963,59.976913,456.784668,39.095852,26.689814,111.153778,467.329987,126.432022,187.348038,188.128036,33.149548,195.155075,67.311607,85.370003,150.096008,40.947243,65.638611,172.449677,64.872528,197.851273,55.216518,42.556072,156.349243,94.657333,60.813633,198.494888
2021-02-23,122.587097,223.836502,159.725006,102.161636,263.789856,245.529999,232.946671,14.101578,131.955872,204.452286,139.323273,42.103638,111.565254,339.973053,45.454037,301.378784,235.024567,80.903603,192.630203,31.302128,87.041908,43.185051,42.363602,112.797081,323.461182,60.023453,452.377380,39.164700,26.417152,109.566536,467.799988,125.932487,192.555435,187.471542,33.042778,193.727081,67.264923,84.739998,149.887909,41.367958,65.297737,173.652313,65.752312,198.697510,55.589413,43.576485,152.885117,94.539856,61.251492,200.424713
2021-02-24,122.090340,225.064728,157.976501,103.336418,262.251953,248.449997,247.339996,14.457557,134.277634,211.508026,141.190338,41.401241,111.687744,356.369110,46.816418,303.848175,228.630997,83.891891,194.570923,32.060009,89.024048,43.330307,43.169758,112.210899,322.090454,60.209557,450.257507,39.362629,26.292501,110.999580,476.619995,125.488388,192.965759,189.201508,34.065922,192.991486,68.136452,86.940002,155.559052,41.433235,64.467438,178.725342,69.022606,196.586243,57.472103,45.726028,147.190079,96.497856,63.829983,202.509232
2021-02-25,117.843719,219.729538,152.858002,99.971237,252.706909,243.690002,227.406662,13.269463,132.455246,206.033066,141.337875,41.009640,110.742867,343.999298,46.040268,300.793304,224.479965,83.112335,193.904968,31.663441,87.910133,42.868885,41.040375,110.435455,315.661835,60.767937,445.140289,39.173306,26.347038,110.273979,459.160004,125.386665,186.586014,187.143311,33.416454,189.754761,67.327148,82.419998,147.876114,40.983509,65.069260,174.208313,65.557823,194.474991,54.934566,44.354340,143.753174,95.918274,62.078556,201.917542
2021-02-26,118.106697,222.982468,154.646500,100.266792,255.614075,240.509995,225.166672,13.675300,128.941940,204.722183,137.603851,40.378716,108.074448,343.300720,44.892559,303.857391,227.197479,81.204033,194.922928,30.588312,88.245949,41.860615,42.181377,109.747368,312.920135,60.032764,443.769836,38.613926,26.089952,108.641373,459.670013,124.937065,184.690628,184.001373,32.179787,190.109543,65.381737,84.510002,149.384964,40.113068,64.559669,172.132675,64.368629,192.252579,55.280178,43.501198,144.868591,93.145775,61.008228,196.510483
2021-03-01,124.466911,227.358063,157.307007,102.634743,262.847321,249.210007,239.476669,13.802188,131.859497,208.809097,138.350723,40.829380,108.739380,352.080963,46.568718,306.079926,230.082108,82.868736,196.426041,31.540085,88.794724,42.638187,43.950790,110.962143,313.648163,61.577545,453.116913,39.517532,26.245766,110.845398,469.570007,127.597458,190.493958,185.884750,32.998295,195.302185,66.105438,86.389999,154.067581,40.156586,66.694695,175.424728,66.487740,194.064667,57.190163,44.003044,146.854599,94.563362,63.781326,200.042374
2021-03-02,121.866325,224.412216,154.726501,102.377846,256.983368,249.220001,228.813339,13.367929,131.430176,207.980179,138.090240,40.437767,108.398186,352.003357,46.296238,306.070801,228.912415,83.185440,194.209442,31.310942,88.336044,42.809078,43.136543,111.344444,310.518951,62.033535,455.631042,39.173306,26.105539,111.135674,466.589996,127.013519,189.477905,186.259644,33.042778,193.934799,66.198830,84.129997,151.656876,39.880939,66.369598,175.731003,66.764900,192.910751,55.698559,43.727039,147.861191,94.242241,63.148869,196.455902
2021-03-03,118.885902,218.357391,150.250000,99.746094,253.421295,251.550003,217.733337,12.768153,133.971024,207.093338,135.658691,39.654556,107.750763,349.509918,46.667797,304.451874,226.335602,84.119255,192.173508,32.095249,87.402306,42.706543,41.570019,109.704857,306.226959,62.266193,444.637451,38.837681,26.791088,108.097176,448.450012,124.455032,187.836563,183.715698,33.532101,190.118225,66.261070,80.860001,147.928085,40.171097,63.716213,176.096756,67.122574,191.414932,54.479816,44.881271,143.544586,95.832138,65.386818,195.627533
2021-03-04,117.006081,217.560944,148.878494,100.862877,255.633896,245.479996,207.146667,12.334890,131.912048,203.864273,132.923340,39.635914,106.867104,339.080383,48.476048,305.311676,220.680740,84.858223,190.784515,32.325527,86.534111,42.672363,39.822147,110.315414,301.613525,61.056416,435.270660,38.347149,26.643078,105.221962,439.059998,122.397156,183.703873,182.840973,33.060566,185.557388,65.840874,77.750000,141.563171,39.750374,62.635529,172.634583,66.541367,189.679764,53.051876,46.520615,139.445663,94.069954,66.019272,193.679535
2021-03-05,118.262550,222.234024,150.022995,103.993988,262.222198,253.149994,199.316666,12.425883,132.218719,207.633163,135.554474,40.130089,110.217949,350.121155,50.309067,317.467102,222.958527,88.512413,196.854172,32.706345,87.394104,43.398674,40.410168,113.911812,299.987457,65.113808,440.604736,39.801517,26.791088,106.346649,440.829987,123.611496,185.618790,185.099258,33.300797,188.967224,67.047020,78.519997,145.630157,40.620819,62.117165,175.731003,67.220917,194.654449,55.243793,48.795624,143.807556,96.200241,66.214020,200.406464
2021-03-08,113.334114,218.194260,147.597504,99.552200,253.322067,257.609985,187.666672,11.560112,133.971024,212.317673,136.683380,39.744698,111.381531,360.259491,50.259525,320.274933,227.804306,89.121429,196.958832,32.883469,86.910881,44.124958,37.816624,113.141167,294.409698,67.151810,433.683258,40.885841,26.759924,104.877289,421.200012,124.733139,197.264526,186.652390,34.403988,183.800568,67.202675,73.959999,140.574615,41.193863,62.257736,176.683716,67.605392,194.722824,54.434330,49.163635,147.743271,97.750969,68.989182,201.699081
2021-03-09,117.941124,224.325836,153.142502,101.181725,263.670807,259.019989,224.526672,12.488776,133.024765,212.404434,136.943924,40.058605,110.392921,365.294861,49.483387,321.930420,233.019455,88.918419,196.083572,32.166103,87.467827,43.458481,39.823051,113.243919,301.367706,67.598511,441.827332,41.212856,26.837831,105.847786,439.179993,126.021645,190.034790,186.152557,33.923561,187.227661,67.755150,78.529999,147.728683,40.765896,65.034134,176.607178,66.907982,195.731461,56.999157,48.427605,150.527283,97.257538,68.161476,197.347931
2021-03-10,116.859993,223.020813,152.882004,100.974937,262.837341,263.989990,222.686661,12.436904,135.916016,215.112946,138.203064,41.081123,111.407768,370.320496,51.002655,319.753601,235.612366,90.436943,195.455673,33.096016,88.458885,43.954079,39.283520,114.382782,306.141907,67.114616,434.905853,41.557087,27.211771,105.104034,437.010010,127.541855,190.572144,190.401306,35.213600,184.276550,67.513931,77.519997,146.913544,41.404224,65.420700,181.115723,68.454826,196.560577,56.617172,49.698933,152.767197,100.147560,64.509987,201.225708
2021-03-11,118.788506,227.540375,155.679504,104.166061,271.747467,260.910004,233.199997,12.960832,135.206360,217.985413,138.194382,41.065575,111.031578,372.920563,50.622833,322.954865,237.922104,90.290779,195.227341,32.980885,88.352417,43.475567,40.728855,114.074524,310.698517,62.731487,454.063385,41.995979,27.040380,106.591537,451.059998,130.878967,192.223251,188.848236,34.590828,189.720108,67.412773,81.230003,151.708969,40.265388,65.772156,180.766937,68.892937,197.594833,57.581245,50.041859,154.843903,99.575829,59.738686,200.042374
2021-03-12,117.882675,226.216141,154.474503,101.659782,266.310150,260.019989,231.243332,12.823680,136.809677,216.260056,138.593872,41.684071,112.107674,371.300385,51.167793,326.782318,241.683228,90.591225,197.957794,33.600830,88.639107,43.389397,40.502628,113.920357,313.052582,62.498837,444.173981,42.013195,27.219563,105.856842,444.299988,130.192963,192.623825,189.535492,35.560585,185.791061,68.260963,81.050003,150.512253,40.352428,66.483803,182.366196,70.207321,196.902481,57.208347,49.506573,155.569366,99.943939,61.247971,208.453339
2021-03-15,120.765701,225.314194,154.084000,101.879967,271.618469,254.610001,235.979996,13.158087,136.126266,215.209381,139.305893,41.469616,112.475113,370.378662,49.863197,324.818146,246.497391,89.527451,179.958115,33.432556,90.309998,43.966667,42.262161,113.911812,312.456970,63.029270,446.729156,42.520931,27.585705,107.117592,447.589996,134.355103,192.233002,196.783417,35.320377,187.798859,68.229836,82.500000,151.674225,40.359680,66.352028,183.914459,71.146141,201.689148,58.017807,48.645077,157.972488,100.703629,64.996841,210.037170
2021-03-16,122.304619,228.096893,154.593002,103.340401,277.105408,251.500000,225.626663,13.257836,134.496674,216.587769,140.130859,41.457184,112.807579,370.980194,48.806328,325.478943,249.630188,87.408012,181.613464,33.335136,90.785034,44.130371,42.927383,114.750977,309.375031,62.210358,440.425140,42.744678,27.912899,107.226448,450.540009,134.086288,189.770996,196.247879,35.008980,186.846878,68.634491,82.750000,153.607986,40.359680,66.229034,180.179962,69.956970,205.415894,58.918224,47.323563,158.997299,100.437340,64.023125,206.141235
2021-03-17,121.515686,227.454025,156.786499,103.257584,281.798584,252.000000,233.936661,13.307708,135.880981,214.968430,139.609848,41.112198,112.352631,367.390442,49.020992,323.257721,247.815994,87.724716,177.646347,33.609692,86.034477,44.147602,43.413048,114.417030,311.209137,61.624065,436.656525,42.529533,27.881744,106.682236,451.010010,134.243835,190.747986,200.041458,35.444916,185.323700,69.412651,82.629997,155.524429,40.439476,64.102814,181.217819,71.137238,208.792236,59.827744,47.532650,158.190170,101.056084,66.262695,212.667892
2021-03-18,117.395676,221.389603,151.399506,100.238533,276.450500,252.460007,217.720001,12.690515,138.123901,212.693619,139.349319,40.575394,112.597626,356.058746,46.907238,332.317108,250.585968,84.549644,174.982544,34.486446,84.994247,43.570339,41.667870,113.483658,305.338257,62.107979,439.754242,41.995979,27.866163,107.126671,439.179993,132.714355,187.856110,198.961380,36.307911,186.890167,70.470970,78.120003,151.197327,40.845684,62.494965,182.910629,69.688721,208.920410,57.963242,44.647068,158.580078,101.862755,64.509987,209.982574
2021-03-19,116.869720,221.034531,153.748001,100.517227,287.851074,250.990005,218.289993,12.813457,135.924774,199.430344,138.975937,41.115322,111.993958,345.881500,46.643028,335.557251,255.842636,83.948723,175.325027,34.123356,84.707588,43.777126,42.926365,115.170555,310.944397,61.661304,439.024200,42.150887,27.679186,109.067673,441.500000,127.449173,186.742325,198.550781,35.258095,191.312515,70.384232,79.059998,152.602081,40.794907,62.240185,181.115723,70.064270,210.219666,57.990520,43.994682,162.769699,100.954247,64.363937,205.076187
2021-03-22,120.181313,226.446472,155.543503,100.702202,291.254364,250.360001,223.333328,13.153098,132.271255,200.490662,139.375366,41.311943,113.892418,347.715149,46.164127,336.732117,255.700943,83.266617,176.799622,33.352852,86.738869,43.940815,43.000557,117.996330,316.219543,61.717129,448.544373,43.286839,28.045345,110.174202,452.410004,128.172226,188.422745,200.898346,34.670895,193.467453,70.959908,80.300003,156.174774,41.048805,62.986988,180.452194,68.776711,213.424957,59.691303,43.693581,164.946167,102.246521,63.925747,205.740692
2021-03-23,119.353424,227.972168,156.875000,101.229828,288.367065,248.309998,220.720001,13.037888,130.948334,200.635239,139.245148,41.801929,116.009659,344.678314,45.594402,338.237457,256.621399,82.803749,174.744690,32.679783,85.870659,44.276833,41.985439,119.417747,321.750061,62.601200,445.930054,43.037270,27.546762,109.285339,460.200012,127.106163,184.387772,200.273514,34.021439,190.672089,69.437881,78.379997,155.030151,41.280914,65.034134,177.440826,67.220917,209.450317,57.735859,43.250290,163.594940,102.176033,61.637455,198.667862
2021-03-24,116.967117,225.937927,154.353500,100.793449,279.943176,249.630005,210.089996,12.611215,131.964630,200.558151,140.599808,41.542885,115.974663,348.927826,46.519173,340.164978,259.072723,85.020638,171.405487,32.679783,84.412720,44.388855,41.371117,118.861145,319.575653,62.191746,439.379425,42.727467,27.741516,107.045059,451.510010,123.435356,180.470032,199.987869,33.914669,189.936478,69.832191,76.480003,155.134140,41.353443,63.988594,180.528778,67.551743,209.817871,56.426170,44.504894,163.848846,102.301346,60.858479,201.380478
2021-03-25,117.454102,222.944107,152.313004,100.789978,276.569611,250.750000,213.463333,12.503735,133.655579,200.461761,140.651947,41.823769,116.779579,347.676270,46.387062,340.614777,262.993103,85.321091,174.183380,33.352852,85.084343,44.819645,41.771915,119.563324,327.422302,63.866810,436.340759,43.467556,27.788260,107.979263,450.989990,119.245461,182.609665,200.121796,34.964493,189.442673,69.942604,76.220001,154.778641,41.621834,64.533340,181.940887,69.322136,210.484634,56.407974,44.805992,167.920624,104.220207,62.562515,204.129486
2021-03-26,118.058006,226.916626,152.601501,100.406639,280.816284,256.769989,206.236664,12.806972,135.880981,205.821014,143.222336,42.173317,118.503075,355.224426,47.650356,345.562134,268.860413,87.278107,176.295425,34.256191,86.804390,45.698460,43.612164,122.192101,332.792053,65.374390,453.871826,45.240349,28.240099,110.718407,469.089996,123.277802,181.642441,201.023346,35.373749,196.008987,71.433090,77.410004,163.198746,42.202137,65.069260,185.896454,69.894363,216.134567,59.000088,46.035492,173.760727,106.812569,63.244122,208.908463
2021-03-29,118.233322,225.726776,153.786499,101.451012,288.555573,258.820007,203.763336,12.915698,133.769470,206.765625,144.186234,42.653942,120.357819,352.090668,47.394398,347.930267,267.435669,86.823349,177.275299,33.928513,87.418701,46.396339,42.759895,123.998878,336.696503,66.193291,452.401794,45.197319,28.528337,110.863541,469.320007,123.741280,180.597061,202.933487,34.199364,196.537399,71.756424,77.139999,161.447083,42.673626,65.719437,186.194229,69.456253,217.929565,58.663570,45.031815,171.049225,106.405327,63.049385,209.563873
2021-03-30,116.782082,222.473907,152.764496,101.484726,285.757538,258.190002,211.873337,12.839388,135.346558,204.249863,143.291779,42.363701,118.503075,347.521088,46.808167,342.881989,269.754303,86.019440,176.476151,34.530746,87.467827,45.793240,41.270695,122.055092,330.646027,65.653572,445.397369,44.551880,28.131035,108.614174,465.459991,123.240715,181.261398,200.817978,35.044571,193.176315,70.463081,76.000000,161.238937,42.499535,65.209839,185.522171,69.581436,213.476257,57.999622,44.688892,172.318832,105.512466,64.753418,212.167221
2021-03-31,118.973557,226.235367,154.703995,102.280655,292.236633,255.470001,222.643326,13.314692,133.375183,204.085999,142.718674,42.391788,118.485596,345.435089,46.098072,341.514282,270.134796,85.093712,177.731964,34.265060,88.639107,45.414131,41.949249,121.121765,333.226990,65.299927,450.241302,44.500248,28.224516,108.695793,475.369995,123.185112,180.274658,200.068253,34.759865,194.978119,69.982018,78.500000,163.883789,42.180367,66.431091,184.654495,69.089645,212.672806,58.208813,44.304150,172.463898,104.368988,63.925747,211.065796
2021-04-01,119.801468,232.549286,158.050003,105.616081,296.334503,258.200012,220.583328,13.777024,134.671906,209.030762,141.398727,42.326252,117.479492,352.468994,47.386147,336.924866,272.347198,85.873276,176.228821,34.973557,88.884804,45.241814,43.061172,120.976204,335.552521,66.826111,450.162384,44.732597,28.279051,107.879501,483.339996,122.851395,184.622253,201.023346,35.258095,194.978119,69.445786,81.089996,166.545929,42.289177,66.571671,184.424835,69.098587,212.980515,58.709053,45.182369,173.497696,104.345490,64.656029,211.857788
2021-04-05,122.626045,238.997543,161.336502,110.038528,306.504730,262.660004,230.350006,13.952335,135.385742,211.132095,141.919739,43.515320,119.377998,357.339355,46.651287,339.779510,279.117126,84.866341,175.895828,35.248100,86.935440,45.500294,44.194817,122.586014,341.111359,69.013023,459.130188,45.426003,28.263466,108.713943,491.619995,125.252235,184.163055,204.272415,35.124638,196.234192,69.871613,81.430000,170.769028,42.702637,67.459076,186.526016,69.661903,215.416504,60.518974,43.668472,175.683197,106.460136,65.532394,212.740707
2021-04-06,122.927963,237.836456,161.190994,109.557510,303.875366,263.059998,230.539993,13.826653,134.433960,210.756180,141.885010,43.724426,119.421730,358.552124,46.519173,334.446594,277.683502,84.111160,173.907501,35.150681,86.312943,45.827690,43.777733,123.022720,340.449615,69.124672,462.435028,45.096634,28.084288,108.813705,491.339996,127.143242,185.364761,207.003754,35.453819,196.684662,69.895256,81.440002,168.739853,42.876732,68.144379,186.457870,69.304245,212.920685,59.627647,43.977951,176.109421,105.120865,65.240273,209.946167
2021-04-07,124.574043,239.793961,163.969498,111.033806,310.652161,263.619995,223.656662,14.107941,136.540283,211.353790,142.076065,43.630806,119.631691,360.017059,46.725590,335.612366,276.524261,84.606499,173.450882,35.469509,86.173737,45.905239,43.650162,122.800056,339.211212,69.227493,460.106812,44.871281,27.975229,108.940697,493.410004,126.568520,183.244690,207.628601,35.578381,195.835693,69.619255,82.199997,167.439117,42.796936,68.012573,185.870972,69.384727,212.083008,60.255215,43.810680,175.628769,105.676941,65.191589,209.736832
2021-04-08,126.970070,243.008453,164.964996,111.599136,310.582733,263.510010,227.933334,14.281009,136.707687,212.732178,141.520294,43.602715,120.086617,366.913513,46.238441,334.923981,278.258759,83.656403,173.726746,35.159546,86.902664,45.767372,43.923386,122.055092,341.489563,70.358376,465.167786,44.992626,28.014179,108.641373,499.839996,123.917397,183.010239,205.522034,35.613964,199.188171,70.534058,83.349998,169.268829,42.230919,68.320084,187.027878,69.277420,211.023117,60.982826,42.857170,176.118546,105.825745,65.483719,209.800507
2021-04-09,129.541412,245.503326,168.610001,112.602844,310.027039,266.010010,225.673340,14.363796,137.730026,214.486450,140.026657,43.624561,119.307961,369.186523,46.131096,345.396851,282.506592,83.575195,175.515289,35.416374,88.082123,45.819073,43.888107,122.080780,343.370819,70.638771,472.438690,45.148640,28.512754,109.657211,504.040009,125.558121,183.567108,206.619904,36.032120,201.284500,71.819511,82.760002,169.468292,42.150284,68.478256,193.084595,70.001686,212.792465,62.083340,42.848804,180.017914,106.303505,66.214020,210.046310
2021-04-12,127.827209,245.560913,168.969498,111.311020,309.114227,267.929993,233.993332,15.170763,137.439240,213.474365,140.365356,43.630806,119.789177,368.953430,45.825596,345.378540,283.887024,82.649467,172.975204,35.478367,88.663666,45.965546,43.759617,122.466148,344.883362,71.143471,469.577698,44.697929,28.801003,109.784195,506.029999,126.661255,182.199310,206.155792,36.272335,203.432770,72.071854,78.580002,166.866821,42.186935,68.214653,194.462677,70.386147,212.783905,59.491211,42.539341,181.958588,105.410637,66.165337,210.210144
2021-04-13,130.934235,248.036591,170.000000,111.797493,307.348114,267.100006,254.106674,15.640080,135.799957,213.040634,138.489624,43.496601,118.205627,367.292389,45.998989,343.744690,283.541962,83.023003,173.650650,34.822998,88.639107,45.741531,43.876347,122.491829,345.261627,71.657516,478.328369,44.775936,28.949030,111.571014,514.859985,123.787613,181.222336,206.477127,35.400436,210.362930,71.590805,80.190002,165.834869,42.245583,69.444687,194.802963,69.474121,213.647232,59.318409,42.480808,181.115234,102.739944,65.435036,208.771942
2021-04-14,128.596603,245.253830,166.649994,111.176636,300.462097,267.529999,244.076660,15.238593,133.261841,213.965973,138.871689,43.480988,118.634338,367.477020,47.328346,344.781830,283.205627,84.671455,174.097778,35.318954,87.793488,45.732922,43.183315,121.686905,343.333038,71.797707,471.609985,44.524586,28.956812,110.606064,510.630005,122.601097,183.147018,205.575577,37.357742,205.563812,71.819511,78.550003,165.045746,42.304241,69.523758,195.126251,69.706596,213.365143,58.381622,44.069958,182.747543,103.875572,66.603508,211.712097
2021-04-15,131.002426,249.005676,168.954498,113.325867,305.423218,269.140015,246.283340,16.096685,134.107849,218.110687,139.279831,43.743168,120.069138,375.412750,47.047611,357.980927,285.612732,83.981224,176.875717,34.309330,88.614220,45.948315,43.427597,121.858185,348.655609,73.171600,487.730225,44.758606,29.291798,112.827271,523.250000,123.908142,181.652222,206.441406,37.580166,210.146362,72.418854,83.010002,167.508530,42.304241,70.446304,195.517532,69.715546,218.074875,59.136505,43.409206,185.513412,103.836426,65.970573,211.657501
2021-04-16,130.671219,250.195557,169.972000,113.201889,303.795959,272.109985,246.593338,15.872495,135.103729,218.236008,140.886383,43.883602,120.077881,375.101990,46.783394,358.898926,290.338440,83.607674,180.043777,34.672447,89.459831,46.249866,43.318119,123.442276,350.470673,73.788445,486.289856,45.764027,30.047468,113.200523,525.080017,124.501396,182.951599,208.048096,39.003651,210.553513,73.270561,82.150002,166.433197,42.729488,71.114059,197.448517,69.939095,218.570633,58.890938,42.731716,188.850601,104.627457,65.191589,212.422119
2021-04-19,131.333557,248.276443,168.600494,113.549522,299.886627,270.279999,238.210007,15.323129,134.530869,217.638397,141.277161,43.602715,119.517960,371.206879,46.634769,357.824921,289.249969,83.851295,180.414764,34.690147,90.040161,46.525574,41.799061,123.947525,349.364502,73.601524,481.080872,45.807358,30.327915,113.364365,516.169983,122.888458,183.117661,206.914520,39.039238,209.626602,72.292671,81.110001,162.210190,42.810127,70.103661,196.478790,70.269920,218.792862,57.872299,42.564426,185.005554,104.259361,65.532394,211.539139
2021-04-20,129.648544,247.815842,166.734497,113.016426,300.293457,267.890015,239.663330,15.133107,131.552078,215.219009,144.568329,43.939781,120.515327,365.835388,45.652210,363.965546,286.692383,82.284073,181.337616,33.724812,90.388336,46.672043,41.370213,124.769577,351.425537,74.059486,475.871796,44.888611,30.405828,109.240570,514.210022,117.827202,178.584442,207.985641,37.847065,209.505280,74.130165,79.269997,160.657974,42.810127,70.753807,193.382339,68.928711,221.502457,57.026443,40.690903,184.423508,108.206665,63.584946,207.206253
2021-04-21,130.028366,250.041962,168.100998,112.983704,299.122650,272.209991,248.039993,15.321882,132.671356,219.238434,144.663818,44.067738,119.727936,372.119904,46.238441,366.058289,288.453552,83.420929,181.661057,34.291626,91.855713,47.051140,41.599113,125.857002,353.656586,71.648163,473.948120,45.009956,30.795336,111.607414,512.340027,120.413437,178.897095,207.316177,38.469845,211.714249,74.279991,81.610001,163.805710,42.626835,68.504601,196.078949,70.520271,221.194748,57.935955,41.853497,185.460358,112.428101,64.996841,211.602859
2021-04-22,128.508987,246.770004,165.451996,111.702782,294.211182,269.510010,239.896667,14.812916,129.877640,219.354111,143.439392,43.590225,118.539291,372.372498,45.635685,363.974701,284.479980,81.975479,177.950760,33.972790,91.233940,46.904667,41.175697,125.077805,350.981201,69.975189,477.696960,44.637260,30.102005,112.426727,507.290009,119.746033,178.555115,207.941025,37.989418,219.094864,74.138054,79.059998,161.117538,41.996307,68.812111,195.024109,70.404045,218.006500,56.908207,41.368393,183.086472,110.650253,65.288971,208.353195
2021-04-23,130.827072,250.589020,167.044006,114.053848,298.785339,271.980011,243.133331,15.226871,132.362900,221.696411,143.734695,43.662014,117.931740,375.966492,45.883389,367.435059,286.630554,82.462708,179.539551,34.699009,92.336533,46.930523,42.172722,124.872292,352.890900,70.068649,481.524811,44.992626,30.117580,112.253761,515.840027,120.682281,178.809158,209.387009,39.021454,225.037354,74.611206,82.760002,163.736343,42.010967,68.741821,190.974976,72.013481,219.698929,53.879532,41.585857,182.749954,111.550919,65.970573,210.410553
2021-04-26,131.216660,250.972824,170.449997,114.549744,300.680389,270.859985,246.066666,15.439088,132.688980,222.024155,142.518921,43.040939,115.572044,376.364685,45.974224,363.350525,283.179108,82.438339,178.112518,34.902714,92.344841,46.232635,42.690231,122.757271,348.390808,69.629395,487.394745,44.758606,30.133158,111.589226,515.700012,121.989304,180.030396,207.360779,39.270557,223.582077,74.437729,85.410004,165.938965,41.747021,68.469444,188.440002,72.424767,218.408188,53.442959,42.029140,181.167389,110.877380,66.067955,210.822037
2021-04-27,130.895248,251.375870,170.871506,113.610016,301.206329,273.649994,234.913330,15.343077,133.297073,221.609650,141.702637,43.187637,115.501617,377.918823,46.576969,362.102234,283.710083,83.396553,173.346191,35.318954,92.386269,46.163712,42.192619,122.354828,349.988434,70.302307,483.626099,44.524586,29.953985,110.788132,517.320007,122.462051,180.391876,209.744034,40.115753,223.512802,74.532364,85.209999,164.941727,41.292458,67.898361,189.639420,74.043152,218.074875,52.724449,42.907352,181.040085,111.221985,65.678452,210.620850
2021-04-28,130.106308,244.265472,172.925003,116.985123,304.708862,272.950012,231.466660,15.238342,134.160751,225.021835,140.660553,43.034695,115.695305,384.310242,47.980637,362.184906,282.931244,85.442871,171.766983,35.451801,92.792496,46.172321,41.545731,121.447113,349.402374,69.881729,479.265472,44.299225,30.234426,110.560539,515.479980,121.164291,179.170639,207.450058,40.106853,223.833282,74.248451,84.019997,157.666260,41.373108,67.731430,189.588379,74.284554,202.330185,52.406113,44.362709,178.320633,111.997360,64.266548,212.413086
2021-04-29,130.008942,242.298355,173.565506,118.657288,326.944275,277.600006,225.666672,15.286222,136.769424,228.308731,142.588394,43.577744,116.672661,377.802277,48.665958,368.573242,287.913635,86.807129,173.336685,36.408279,91.930328,46.749588,42.187187,123.253922,353.893127,70.909805,458.143646,44.602589,30.070837,110.159988,516.090027,123.528076,181.066010,209.949356,41.138893,222.265335,74.989754,83.910004,161.134857,42.025631,67.845673,190.464493,74.096802,200.620682,53.006393,44.437977,180.485245,112.968506,64.315224,207.996552
2021-04-30,128.041504,241.981781,173.371002,116.710403,322.548767,274.950012,236.479996,14.971764,135.553223,225.127884,141.311859,43.665127,117.473877,371.109772,47.262291,366.049164,286.435791,83.697006,173.878967,35.894619,92.436020,46.508347,41.274307,123.442276,352.519318,70.835037,463.904999,44.125881,30.109785,109.313377,508.339996,122.934814,181.740128,210.725906,40.080166,219.978424,74.918777,81.620003,157.394257,42.370220,68.100456,189.732986,74.427620,204.834656,52.324257,42.773533,178.493393,111.120155,63.877056,208.581802
2021-05-03,129.093369,241.674698,169.324493,116.193657,320.068207,279.179993,228.300003,14.799448,135.156631,224.212189,143.465454,44.354858,118.865059,368.526001,48.566872,372.566010,292.276520,85.694626,176.875717,35.921181,95.072311,46.939140,40.726036,124.838036,359.369080,72.274353,461.093323,44.351238,31.029049,108.812691,503.459991,123.314842,181.241867,210.261795,40.462727,220.610794,75.589088,78.550003,155.903214,42.465534,67.388763,189.869034,75.232361,209.740997,52.078697,44.111774,181.176483,113.367950,65.483719,208.636642
2021-05-04,124.525330,237.769257,165.593506,114.396011,315.881134,280.260010,224.533340,14.315168,137.024979,223.653137,145.688507,43.917919,118.460045,365.136017,48.872368,377.559265,294.488831,86.165611,179.044846,36.310867,94.425667,46.646202,40.219376,123.271004,355.551056,73.395912,459.021606,43.952534,31.122534,107.001122,490.700012,121.942978,180.010864,208.744339,40.694057,221.788910,74.847816,78.610001,156.103790,42.964096,66.501396,191.766129,75.053520,211.433380,51.751270,43.969597,182.176941,114.151146,63.877056,213.428055
2021-05-05,124.768852,236.502655,163.526993,114.789772,312.567169,282.760010,223.646667,14.422151,138.822845,220.934952,145.080673,43.880482,117.509140,358.560089,50.342102,378.624054,293.851685,88.479919,183.430557,36.656261,95.984222,46.525574,40.155132,123.211105,352.907745,74.012756,461.478149,44.316566,31.138117,107.884163,486.690002,122.554756,177.333908,209.797577,40.871983,220.463531,75.265770,77.830002,158.388229,43.030083,64.823242,192.412582,75.223404,213.134354,51.705795,46.370052,181.904083,113.736053,64.315224,217.515442
2021-05-06,126.366196,239.630798,165.318497,115.909508,317.528168,289.709991,221.179993,14.486485,141.616592,222.968765,145.662491,44.193790,118.988312,364.718353,50.820995,380.891266,298.745605,88.528648,184.458008,37.205345,96.232925,46.990837,40.584900,124.641090,362.628143,74.526787,463.816162,45.452007,30.831297,108.139038,483.609985,123.741280,177.607437,209.636932,41.576363,222.620514,76.354073,77.889999,160.672760,43.469990,65.025345,194.513748,75.715195,214.801102,52.335388,46.587517,187.306671,116.242287,64.315224,216.774734
2021-05-07,127.039375,242.250443,164.580505,116.632523,316.595520,290.929993,224.123337,14.775011,142.101318,223.739868,146.322464,43.927475,118.997124,364.640625,51.547600,383.351105,300.223450,89.340683,185.913589,37.355907,95.959351,46.964993,40.946796,124.641090,364.106140,75.143639,462.148987,46.310078,31.138121,108.284683,488.730011,127.745796,180.587296,209.619095,41.496117,223.911240,76.819359,78.809998,163.715836,43.052082,65.482216,194.624344,76.636131,217.288483,52.774643,47.758480,189.544098,115.196884,64.753418,220.359131
2021-05-10,123.761208,237.183899,159.524506,113.648209,303.587616,292.329987,209.679993,14.229884,142.083679,217.811935,147.859482,44.121727,121.215942,355.840271,51.671459,386.325012,301.878418,88.975266,185.285706,37.240776,96.349014,47.309624,39.455780,125.634407,361.415436,74.909996,457.235931,46.076054,31.358397,108.275581,479.380005,126.438744,180.059708,211.645264,41.549622,224.387695,77.331947,75.989998,158.737045,43.638622,65.719437,196.453247,76.037086,215.929398,51.218956,47.674847,192.190765,115.759193,64.996841,221.840439
2021-05-11,122.844101,236.272369,161.195496,112.572594,304.143250,285.630005,205.733337,14.270284,139.721741,217.339584,146.652420,43.723808,120.617218,357.073914,50.028324,377.889740,292.621674,86.644707,185.276184,36.815670,95.246399,46.801292,39.814949,124.718170,358.289001,72.610825,457.758759,45.790028,30.957176,107.774902,485.190002,127.106163,177.490204,208.744339,40.764988,223.417480,76.724716,76.830002,159.739792,42.920109,65.078056,194.939056,75.402222,215.655914,50.367897,46.604259,186.760925,114.214874,63.730999,218.813828
2021-05-12,119.780540,229.334717,157.597000,109.110695,300.194214,282.910004,196.630005,13.723907,138.761139,212.664673,146.061951,42.592728,119.340500,346.398895,50.296410,372.079590,280.533081,87.188759,183.801605,36.470272,95.304436,46.560040,38.214466,123.502251,352.623566,71.732285,448.662781,44.723930,31.224655,105.917809,472.089996,123.648582,173.758118,203.460129,40.693661,216.807953,75.865120,74.639999,153.984955,42.824799,62.855183,187.180969,73.569275,214.399414,49.068436,46.579155,177.847641,111.902420,62.416458,217.003326
2021-05-13,121.926971,233.201782,158.073502,110.538406,302.883148,286.899994,190.563339,13.630893,142.330429,215.975647,147.590271,43.313366,121.259964,349.701416,49.676495,375.007568,287.984467,86.628464,186.276520,37.054794,96.664032,46.964993,38.958168,125.334694,359.568085,73.031403,450.774078,45.495335,31.547207,106.919167,474.160004,123.852524,174.236816,205.093597,41.371296,218.878281,76.929756,73.089996,156.068924,43.118065,63.812859,191.085037,74.910446,215.459335,49.425331,45.719383,182.213348,114.175308,63.146736,219.517883
2021-05-14,124.346588,238.114731,161.145004,112.985168,313.479950,290.679993,196.580002,14.207191,144.542480,219.064621,147.816071,43.714424,121.515282,353.479858,50.907948,376.145691,286.400391,88.894058,187.490036,37.515320,96.523079,47.154530,39.955204,125.523056,364.200745,73.732384,452.895142,45.850712,31.484268,107.702072,486.559998,126.003082,169.703583,206.834167,41.870609,219.666565,77.048042,74.589996,159.800842,43.030083,64.243378,194.228775,76.788132,216.380325,50.651585,47.641228,180.912704,114.579178,64.558685,221.492981
2021-05-17,123.195312,235.264801,163.519501,113.507858,313.003723,289.220001,192.276672,14.129885,145.124161,218.581970,147.963669,43.517025,121.268776,352.887390,52.097496,375.071869,283.196777,89.982193,186.840271,37.851852,96.904465,47.076992,39.803196,125.163422,363.764984,73.909950,446.827820,45.885372,31.555077,106.272858,482.739990,126.448036,166.166870,206.798447,42.708721,217.353683,76.929756,74.650002,157.673264,42.480202,63.171497,193.468475,77.405106,217.241119,50.633282,49.141605,176.565231,114.919739,64.023125,223.833847
2021-05-18,121.809914,233.249710,161.613998,112.196198,307.546539,287.589996,192.623337,13.980513,143.079559,217.742172,148.015762,44.463249,120.027298,352.664124,50.623112,376.678192,280.311829,87.277878,185.980255,37.338188,97.169731,46.818512,39.242256,124.598274,362.675476,73.545433,448.495026,45.876713,31.507872,106.491325,480.619995,125.660118,165.776062,207.021637,41.781437,216.504700,77.040161,74.440002,155.964233,41.922989,63.514149,189.923203,76.341087,215.932709,50.184883,48.290264,175.310074,113.969414,63.146736,218.969284
2021-05-19,121.653793,233.826828,161.589996,112.644005,311.148254,286.220001,187.820007,14.030389,141.986725,216.796158,147.694504,44.466389,120.273827,350.633972,49.408428,375.870422,278.276459,84.828384,187.776703,37.169930,96.042267,46.672043,39.964245,124.529778,359.691162,73.592186,450.803680,45.478004,31.334797,105.945122,480.470001,123.250008,165.375504,205.432755,41.166222,215.984940,75.951881,76.230003,158.449326,41.732361,63.839237,189.068924,76.189056,214.013229,50.660728,46.848888,173.463760,113.399185,63.730999,216.591858
2021-05-20,124.209984,237.058365,162.384003,114.401970,316.129181,286.730011,195.593338,14.575764,141.739960,218.581970,148.554184,44.623043,121.506508,357.161346,49.291149,375.081055,279.559601,85.124298,190.662521,37.081352,97.086830,47.085609,41.165737,126.071091,363.404938,73.573502,459.031433,45.807358,31.562946,107.237793,491.670013,123.537376,167.417419,207.244781,40.773907,220.827423,76.827232,78.059998,161.570862,41.637054,65.271339,189.760895,76.665833,216.853745,51.200653,46.688740,175.910370,113.945633,63.584946,214.872787
2021-05-21,122.375778,235.798431,160.154007,113.766228,313.767761,287.739990,193.626663,14.954058,143.352737,218.900528,148.458664,44.413124,121.506508,357.064117,49.358158,377.825439,279.444519,85.584595,190.996964,37.550747,96.266090,47.059746,40.825546,125.959793,360.695374,73.863205,456.121124,45.443336,31.429193,106.627869,488.070007,122.971893,168.433472,206.405746,40.907646,218.791611,76.827232,77.169998,161.317993,41.725037,65.403137,190.674927,77.187538,216.061859,51.319618,46.907894,175.055389,114.626717,64.412621,216.930191
2021-05-24,124.005112,241.194031,162.249496,117.084297,322.102295,289.730011,202.146667,15.572749,144.128296,221.362045,149.026657,44.416252,121.471252,361.707184,49.936195,377.201263,278.621521,86.801117,192.086258,37.754444,96.091995,47.214851,41.544834,126.602005,363.281830,74.190361,456.239532,46.275406,31.319069,106.773529,497.829987,124.269608,170.299545,207.003754,41.228634,219.952454,77.410820,77.440002,164.526749,41.776360,65.042908,192.212677,77.790222,213.255737,52.124928,47.287212,173.409180,114.610870,64.169167,218.585220
2021-05-25,123.809998,242.098068,162.952499,117.175056,325.237701,287.200012,201.563339,15.608408,142.638885,221.072449,148.615967,44.597977,121.885124,356.695038,48.805267,379.128876,280.311829,85.379112,190.366302,37.205345,94.972824,47.206226,41.576496,126.987320,365.110352,73.676315,457.778534,46.206070,30.941446,107.784004,505.079987,124.510666,172.116760,207.209076,41.094891,221.017944,76.906082,77.860001,164.535492,41.409767,64.463020,191.392593,77.592323,208.306335,52.042557,46.258858,175.555664,113.874352,63.877056,216.866150
2021-05-26,123.761208,241.876892,163.257996,118.039902,325.108734,287.329987,206.376663,15.660528,142.621262,219.190094,147.733414,44.544716,121.612152,352.256073,49.374924,379.275696,280.825195,85.584595,192.057617,37.231922,95.088875,47.413013,41.662441,126.987320,365.337646,74.078186,453.506775,45.859375,30.618889,106.281952,506.980011,126.892998,172.409866,207.396500,41.371296,218.098633,76.740486,78.339996,164.238998,41.321785,64.550888,191.589035,77.808197,205.336655,52.088314,46.714024,176.083160,113.549644,65.240273,217.359955
2021-05-27,122.229431,239.780243,161.505493,117.165627,330.159088,289.299988,210.283340,15.449061,144.842163,218.987381,147.506226,44.394318,118.847443,351.624725,49.056591,378.807617,282.099518,84.672195,190.347168,37.683590,93.115822,47.809334,42.312954,125.454590,367.118774,73.816490,466.124817,45.868031,30.406479,105.316994,498.279999,126.587074,174.920715,209.636932,41.692280,221.095886,76.243675,78.419998,164.910446,41.270462,64.137955,197.569031,79.706177,202.547760,52.829556,46.806744,176.237823,113.898117,69.865532,220.624313
2021-05-28,121.575752,240.136047,161.153503,116.876518,326.170380,289.440002,208.406662,16.203659,144.745224,219.412125,147.890701,44.500854,118.732986,350.245331,48.897423,378.091675,282.223389,85.313362,190.863144,37.541882,93.845352,47.637020,42.733658,126.679077,358.374268,73.592186,463.184845,45.850712,30.469406,106.190903,504.579987,126.749634,174.539688,209.924149,41.656612,221.884201,76.046516,80.080002,165.512070,41.417095,64.331245,197.261520,79.796127,204.811554,52.271336,46.983761,177.201874,113.834763,68.453606,220.441452
2021-06-01,121.253792,237.943207,160.932495,118.083046,326.567261,289.839996,207.966660,16.223608,146.340363,218.765366,144.640182,44.384926,116.998413,349.478027,50.648243,373.318726,279.922394,87.664207,189.601822,38.011269,93.024628,47.628407,42.369961,126.413597,358.336395,74.367935,440.997375,45.608021,30.288462,96.304649,495.910004,124.938370,174.725327,209.340729,42.138077,212.415970,76.322525,80.809998,164.797058,41.336449,63.699707,199.004211,80.048004,201.058624,52.060863,49.116318,174.491501,114.191139,68.891777,221.977615
2021-06-02,122.014786,237.847031,161.699493,117.557884,326.587097,290.019989,201.706665,16.736069,146.349182,221.690247,145.225632,44.287796,117.509140,356.335754,51.050346,372.520111,278.650299,88.839645,190.280304,38.028984,92.353119,47.817963,42.860313,126.918823,360.572266,75.022156,443.167725,45.902710,30.516617,97.315125,495.769989,124.622574,172.927658,209.825439,41.736862,209.643936,76.346176,81.970001,166.322983,41.534401,64.220825,197.116211,79.724182,202.418671,52.600773,49.723217,173.509216,115.402794,68.599655,222.617676
2021-06-03,120.531799,236.317795,159.350494,116.416801,323.501312,291.970001,190.946671,16.927088,146.446106,220.194046,145.085800,44.366127,119.613487,351.449860,51.251411,374.456818,277.048920,88.436874,193.691620,38.464775,93.024628,47.938583,42.052383,127.371666,363.679688,75.788536,439.339966,46.223400,30.658230,99.408897,493.140015,124.622574,172.185135,208.631699,41.424786,208.777634,76.787811,80.279999,162.181213,41.776360,63.920551,195.800659,79.769142,202.917923,51.466034,50.127808,173.081772,115.268188,68.599655,222.965149
2021-06-04,122.824570,241.203613,160.311005,118.697456,327.777771,292.519989,199.683334,17.534060,146.684067,222.153549,145.024643,44.444450,119.701515,355.529510,51.477589,372.327393,276.675476,89.143768,193.041824,38.482552,93.148979,48.455528,42.975227,127.518295,367.137726,77.470848,442.723755,46.864788,30.799837,99.490845,504.500000,124.223213,173.103500,209.466415,41.870609,209.869171,77.205765,81.580002,165.730057,42.010967,63.894032,196.526764,80.074989,203.873352,52.500122,50.448124,172.727066,116.749123,67.966736,223.129791
2021-06-07,122.834335,244.108215,159.900497,119.130379,333.959259,289.459991,201.710007,17.574703,145.996658,223.292633,144.037201,44.146805,120.115295,353.644989,51.142490,367.380066,275.741333,88.568382,212.630814,38.349152,93.687820,48.283211,41.960102,127.440659,360.392181,78.452217,438.471832,46.734772,30.673962,100.137169,509.470001,124.418221,172.917892,207.949570,42.004345,208.110657,77.726257,81.349998,164.404678,41.937653,64.008865,194.937805,80.030014,204.166016,52.243885,50.414394,173.036255,117.224304,67.723305,219.234436
2021-06-08,123.653885,242.915588,163.205505,118.938972,331.081787,289.190002,201.196671,17.413115,145.414978,223.997284,142.770218,43.811546,118.724174,354.791260,52.047241,368.747650,276.577545,89.373932,210.891663,38.135700,93.132393,47.947193,41.937481,126.250359,359.729004,79.078415,435.068115,46.916798,30.563818,98.225449,509.200012,123.860924,172.273056,208.802246,41.558529,208.075974,76.022835,80.889999,162.992142,41.900993,63.717388,196.321777,80.461761,203.847534,52.161522,50.970718,174.082230,118.055840,67.674606,219.600189
2021-06-09,124.034378,243.896591,164.057495,119.410080,327.678558,288.579987,199.593338,17.318575,143.599533,224.248260,144.692581,43.576546,118.680168,352.916595,52.482849,368.160309,273.410583,88.593048,215.956116,37.637665,94.508583,47.800720,41.973679,126.017464,359.975372,78.994286,442.181122,46.821457,31.319069,99.272354,514.679993,122.458374,171.989746,207.752136,40.943317,208.509109,76.298866,79.959999,162.573639,41.827682,63.991192,194.613205,79.922058,206.171600,52.161522,50.304821,173.354614,119.322960,66.846954,214.561859
2021-06-10,123.039215,247.407074,167.482498,120.758430,329.871307,284.910004,203.373337,17.385172,141.360977,225.831299,145.994522,43.827221,119.560616,353.858734,52.566628,368.518188,274.273468,89.110901,223.161072,37.077366,96.365578,48.171207,42.402512,127.311287,362.865051,76.919426,458.656525,47.696861,32.003513,100.273727,535.520020,121.659561,172.507553,210.552383,40.203266,213.325531,76.929756,81.559998,163.925110,42.040298,64.927444,193.280548,79.382370,210.578766,52.509270,50.717831,171.699265,119.220009,66.360077,206.405548
2021-06-11,124.249031,248.032242,167.341507,120.513954,328.680725,286.820007,203.296661,17.784512,141.264084,226.806320,144.142120,44.099812,118.741783,355.024445,52.080730,365.213806,276.461914,88.699913,214.131012,37.228561,95.685768,48.386608,42.586182,127.388885,361.747009,77.480209,458.893341,47.471504,31.586548,100.055252,541.260010,122.551270,173.298920,212.652618,40.729313,213.983887,77.947075,81.309998,164.509323,42.032970,64.909775,192.366440,79.886078,208.969101,52.939365,50.549259,173.545609,119.806038,66.652199,201.806122
2021-06-14,127.302803,249.955811,169.193497,121.441795,334.147797,283.529999,205.896667,17.977566,138.866913,225.956848,144.500366,44.040279,118.785789,356.015198,51.996967,366.379578,275.171967,88.749229,216.051682,36.783878,95.669212,48.221668,43.050316,128.147934,363.575439,77.218506,464.006531,46.951466,31.177452,100.574120,556.950012,122.012566,174.080490,212.697510,40.256767,214.321747,79.256180,81.550003,165.895676,41.922989,64.750778,190.649399,79.805130,207.609116,53.250507,50.835846,172.499680,118.816109,65.581100,200.260864
2021-06-15,126.483269,248.484253,169.156494,120.424202,334.127899,283.940002,199.786667,17.747845,136.760620,224.895020,143.731415,43.864819,118.556885,357.569244,53.890202,367.407532,272.618835,90.664444,213.586334,36.810558,96.025681,48.100136,42.589809,128.156555,363.717682,76.302582,464.016357,46.622112,31.145988,100.510414,548.460022,121.018677,171.813873,212.132095,40.533176,212.320663,79.224640,80.470001,164.456985,42.003643,64.856766,190.076965,80.416794,206.455673,53.067486,51.560757,170.880707,118.285515,65.921883,200.672302
2021-06-16,126.980843,247.541718,170.762497,119.782501,328.502106,283.109985,201.623337,17.769545,137.721207,221.632309,143.678955,42.971844,116.910400,353.392517,53.697533,364.626343,269.353973,90.146591,210.949005,37.015114,95.776978,47.457760,42.138340,126.880013,359.454315,72.040695,462.377899,46.344749,30.917837,100.191795,543.330017,121.120850,170.641510,211.440979,40.631245,212.008804,78.798782,80.110001,163.689697,41.527077,64.741936,187.078445,79.544281,206.223221,52.362850,51.527035,169.352692,117.073830,65.435036,198.569183
2021-06-17,128.580917,250.927185,174.462006,120.745544,333.889862,278.690002,205.533340,18.614607,133.746567,224.093842,144.369293,43.150436,117.975777,356.763092,51.929955,364.718140,269.656403,88.009445,212.334579,35.396477,95.254700,47.700825,42.628704,128.104797,364.513397,72.489326,479.809967,46.050049,31.059446,101.621010,551.359985,119.746147,170.631714,209.915176,38.152546,222.698532,78.861877,84.559998,163.619919,41.446419,65.872505,184.771912,78.374893,207.238922,52.326244,49.740067,169.934769,115.307793,63.292816,191.519211
2021-06-18,127.283302,249.513382,174.345001,119.126427,327.093109,274.040009,207.770004,18.596153,130.362320,222.414185,141.538132,42.351479,116.250023,356.889313,50.597988,358.702484,269.202698,84.688629,208.837219,34.489338,93.779037,46.676491,41.934769,125.430901,360.847015,71.246292,476.246582,45.131302,30.532349,100.437576,565.590027,119.272453,168.453033,206.091629,37.225254,222.603195,78.467552,84.650002,159.626450,40.925869,64.724274,181.534195,77.286484,205.448563,50.944424,48.492558,169.971222,113.343735,62.221703,190.979767
2021-06-21,129.078522,252.591049,172.697998,120.813980,329.702637,277.100006,206.943329,18.385134,132.574417,226.188507,143.163437,42.736866,117.165726,362.396820,52.432575,366.717255,273.641876,87.171028,212.774124,35.352013,95.113739,47.188660,42.364235,126.414230,366.455658,72.891205,477.322479,46.093395,31.012238,101.448067,567.349976,120.823616,169.967377,209.035614,38.589432,227.471542,78.988060,82.589996,162.277145,41.343781,65.651695,184.524170,79.157478,206.791336,51.127449,50.953846,171.790268,116.139320,64.217850,194.957397
2021-06-22,130.717621,255.360962,175.272003,121.327728,336.390198,276.920013,207.903336,18.843588,132.380493,227.742645,142.971176,42.934254,117.209740,367.204987,53.437840,367.288422,278.187775,87.458717,211.598801,35.547672,95.088875,47.362259,42.349648,126.603989,371.552582,73.536118,485.860962,46.162727,31.161716,101.011101,575.739990,123.052841,169.508179,209.915176,38.821259,231.326447,78.861877,83.580002,163.088058,41.329109,65.457382,184.088486,78.599770,206.507309,51.127449,51.240452,174.373306,115.909660,63.438873,194.884232
2021-06-23,130.444412,255.130173,175.190994,121.125900,337.938019,274.660004,218.856674,19.013697,133.182495,226.536011,142.106171,42.598988,117.042427,364.388092,53.831562,364.404968,277.262573,87.351860,207.451660,35.752220,94.508583,46.980316,42.551163,124.939270,371.353760,72.994003,487.647552,45.729355,30.721157,100.901848,574.229980,123.628685,171.296082,209.340729,39.195724,232.721100,78.901306,83.820000,162.268417,41.109165,64.786125,183.379471,77.898132,205.474365,50.569221,51.215168,173.845749,114.523781,63.049385,195.487732
2021-06-24,130.161453,256.495880,172.453995,121.495834,340.507904,275.489990,226.606674,19.161606,134.407562,228.041885,142.752762,42.896648,117.121696,364.009277,54.049362,367.454254,277.413849,88.066986,222.616318,36.312527,95.122047,47.214695,42.861183,125.646568,371.448456,72.657547,488.970215,45.746693,30.831297,101.684738,578.260010,124.093124,173.836273,209.421524,40.283516,231.776169,79.044975,86.099998,164.456985,41.329109,64.370979,185.967911,78.123047,207.402496,51.310463,51.746197,174.400558,115.181084,64.023125,200.562592
2021-06-25,129.868759,254.889679,170.072998,121.504272,338.711914,278.380005,223.956665,18.987505,135.764755,229.084381,143.486740,43.404221,118.794594,368.729980,54.166653,373.055359,279.006165,88.198486,219.988586,37.015114,93.662964,47.153927,42.144489,126.284866,373.760101,73.330498,486.512451,45.989384,30.666090,102.613297,579.659973,143.366577,174.246597,208.604782,41.353462,231.091278,79.052956,85.620003,164.073349,41.336449,65.236572,186.864899,78.006096,208.891632,51.164043,51.678764,175.228271,116.289833,64.120560,197.791931
2021-06-28,131.498108,258.448273,172.194504,121.531548,352.870880,276.609985,229.573334,19.939325,136.011475,225.966461,143.320724,43.269512,119.146805,357.141876,52.784416,369.840332,279.584412,85.477730,218.077469,36.961746,93.679543,47.101845,43.111027,126.828278,375.683350,73.367859,498.584686,45.902710,30.776234,105.326088,588.799988,141.518158,172.507553,207.411026,40.827404,235.538681,78.757622,87.080002,167.003067,41.189819,66.375977,185.199036,76.557877,209.029373,52.600773,50.228939,175.728485,115.062294,62.805023,197.755386
2021-06-29,133.010391,261.025818,172.406998,121.270203,349.150146,276.209991,226.919998,19.980980,135.844055,227.761978,143.329483,43.018845,118.336761,357.452820,52.457714,366.745026,283.107117,85.288689,219.176392,36.365887,93.099243,46.754620,43.507668,126.741982,377.814911,72.994003,501.684174,45.859375,30.760490,106.700691,590.750000,144.852722,169.928268,206.764801,39.935783,234.827744,78.174965,89.519997,168.180206,40.940533,65.430885,184.481522,75.955215,208.702286,51.932743,49.773788,176.628876,115.268188,63.779495,196.685577
2021-06-30,133.625000,260.544891,172.007996,121.088699,345.002594,277.920013,226.566666,19.956783,137.077835,225.705887,143.949844,44.184391,118.803406,354.626160,52.843067,368.900574,283.685455,86.094223,219.319733,36.668262,93.381088,46.971634,43.479397,127.802910,374.859070,72.751015,497.962799,45.937378,30.807697,105.535469,585.640015,143.496597,171.725983,207.321320,40.381588,232.651810,79.108833,93.930000,167.674438,41.079845,64.724274,187.386002,76.737778,209.812668,51.374531,51.333168,176.419708,116.091843,65.582260,198.998947
2021-07-01,133.927475,261.218170,171.648499,121.440804,351.630585,280.170013,225.973328,20.165808,138.435043,226.989716,145.015930,43.651745,119.076370,360.085022,52.993847,373.000183,286.042908,87.302536,220.858139,36.943966,94.724129,46.841427,42.822891,127.828796,373.778992,74.339867,502.957520,46.318737,31.122381,106.655190,584.729980,146.756866,173.181656,208.470139,40.488579,235.989487,79.731422,93.309998,166.401428,41.270462,65.528023,188.470963,77.556335,212.524078,51.255562,53.002125,178.102280,116.289833,65.679710,198.157700
2021-07-02,136.551987,267.036896,175.548996,124.230728,351.938232,279.119995,226.300003,20.440176,138.302124,230.348953,147.654770,43.899273,119.657478,364.281219,52.918453,377.117981,287.074860,87.187454,223.562393,36.597111,95.478523,47.032402,42.688854,128.441208,377.957123,76.470825,506.698700,46.728958,31.256130,107.456291,593.070007,148.373047,173.035126,209.690781,40.185432,237.567352,80.058670,94.699997,167.595993,41.380436,65.607521,189.068924,77.988098,214.073471,51.941891,52.892548,178.002258,110.888725,65.095055,199.117844
2021-07-06,138.561813,267.046570,183.787003,125.155594,350.033142,277.320007,219.860001,20.651190,135.979797,231.285263,146.772202,43.846012,119.727898,365.339935,51.410564,377.947113,284.014618,85.477730,224.957489,35.636604,95.942795,46.771980,43.154789,128.630966,377.881317,77.648453,510.390350,46.240200,30.909981,108.166344,596.900024,148.716705,169.693817,208.900970,38.776672,241.633255,78.741676,94.470001,166.715332,41.358448,66.358292,186.711105,77.133553,209.726562,51.328773,50.810547,177.129105,109.906677,62.951187,195.240799
2021-07-07,141.049744,269.229706,184.828995,125.437256,347.760925,279.239990,214.883331,20.325190,136.139313,231.671417,148.030518,43.773952,120.626007,363.203033,50.606361,379.236847,287.768768,84.606438,225.339691,35.352013,96.788376,47.153927,42.813766,129.200211,383.395172,80.461647,515.977356,46.484570,30.957176,109.122200,605.770020,148.763153,168.843826,210.588333,38.696419,241.485901,78.853416,90.540001,165.477203,41.446419,66.534943,188.573425,77.205528,209.356445,51.209801,49.740067,178.156906,110.730316,63.243530,196.310638
2021-07-08,139.752090,266.815704,186.570496,124.018982,342.958649,274.100006,217.603333,19.857264,133.790436,228.399033,147.742142,43.736351,120.608406,360.003571,50.380173,377.661652,283.374084,84.335182,226.581924,34.489338,96.456779,46.988995,42.901299,129.260635,385.735260,79.994331,511.920441,46.484570,30.878498,108.566895,605.950012,149.199722,168.824295,208.981735,37.733475,240.124771,78.518166,89.739998,164.134369,41.281826,66.358292,187.360397,76.854729,210.268875,50.688198,49.908653,175.355560,111.458916,62.707569,193.951508
2021-07-09,141.576569,267.315796,185.966995,124.489594,347.691467,280.489990,218.983337,20.004425,138.071640,230.194489,148.327606,43.958805,120.652420,362.677826,51.293282,379.651428,286.532196,85.543510,224.546616,35.609921,96.647461,47.275467,43.783951,128.932877,390.680725,82.022476,510.587860,46.903519,31.161716,109.003845,604.500000,149.543320,172.966736,211.530716,39.151154,240.549606,79.340317,90.900002,165.904449,41.570992,66.234627,191.648849,77.700256,211.060806,51.237251,50.684135,177.656662,112.076622,64.120560,198.806961
2021-07-12,140.981415,266.719513,185.927505,125.934654,350.410187,280.109985,228.566666,20.465622,140.048279,229.615295,148.091675,43.880470,120.749283,365.225739,51.243027,383.271973,286.220856,85.716118,225.521255,36.134644,97.517906,47.292824,44.291832,128.958710,386.426910,81.386932,508.050964,46.458385,31.279726,108.157234,600.200012,150.305038,180.137863,211.467911,39.374058,241.017746,78.661858,90.809998,167.343155,41.630299,66.322968,192.229767,77.556335,210.346329,51.914440,50.405964,177.874939,111.601448,63.876934,199.867661
2021-07-13,142.093628,270.239624,183.867996,126.297646,349.348450,279.209991,222.846664,20.203718,137.965302,233.939850,147.908157,44.046528,120.599609,373.151550,51.000088,385.575043,282.048645,85.428429,224.842819,35.449837,97.750038,47.761585,44.133175,131.934494,385.650085,81.377594,507.666016,46.536942,31.193190,108.011597,605.010010,150.091385,179.424652,211.970520,38.544849,239.925430,77.991364,90.260002,166.715332,41.585812,66.119835,191.426743,76.755775,210.742279,52.042557,50.119373,176.701675,111.094627,62.805023,196.767853
2021-07-14,145.518173,271.711121,184.084000,127.185791,344.923248,278.309998,217.793335,19.796154,137.495499,237.453583,148.913010,44.350464,121.488899,380.046448,49.869171,382.074249,283.979034,83.817329,225.846146,34.560490,98.378754,48.837994,43.912502,133.297318,388.388031,82.812813,504.191437,47.208984,31.429193,107.070389,608.830017,150.044937,179.199951,212.832169,40.078445,239.379242,79.468025,89.050003,166.785080,41.756336,66.861748,194.579056,76.377998,210.630402,51.722271,48.610561,175.300995,110.730316,62.415234,193.521759
2021-07-15,144.864487,270.287811,181.559998,125.963905,341.777893,279.720001,216.866669,18.922903,137.796890,239.924713,147.121780,44.384926,122.527809,379.492157,49.383305,386.966064,287.083832,83.266609,221.183060,34.533798,98.227875,48.994247,43.524994,133.909729,390.159576,80.899178,507.843689,46.824963,31.539345,106.604340,606.169983,150.184265,179.913132,212.607742,40.123028,243.566559,79.268471,86.930000,164.151825,41.926865,67.850975,198.884583,76.440948,212.291656,51.072536,48.113255,178.038635,111.229263,62.171608,193.311462
2021-07-16,142.825424,270.018372,178.681503,125.929192,338.503632,277.899994,214.740005,18.119492,134.650223,239.509628,146.885803,44.353596,123.716522,376.467743,48.017818,386.643616,286.042908,81.063705,222.129059,33.724483,98.496117,48.959530,42.679722,134.401398,388.785919,82.071754,513.085144,46.868595,31.743895,107.381065,606.099976,148.475235,175.184509,210.696014,39.481052,246.895615,78.941216,85.889999,162.285858,41.860134,68.822533,196.765961,75.136635,213.436493,50.303833,46.781452,178.393341,110.001724,61.148415,190.147644
2021-07-19,138.981308,266.421387,177.479507,123.556801,334.326355,272.660004,215.406662,18.736830,130.271515,232.067139,145.819794,44.250195,123.654854,355.393982,46.367523,376.841705,283.667633,78.877235,223.734406,32.844021,96.752510,48.377918,42.460884,134.384140,392.367096,81.593338,514.891602,46.310024,31.586548,108.550728,602.049988,146.636108,168.970840,205.768539,38.384350,245.993973,78.166969,86.580002,162.390503,41.400455,68.001129,188.505127,72.905830,212.377731,50.001850,45.264217,175.446503,109.225632,58.468601,186.691086
2021-07-20,142.591248,268.643097,178.659500,125.174934,338.999725,276.890015,220.166672,18.569458,132.700150,234.277725,147.191666,44.450726,122.994507,364.088013,46.878532,380.443665,289.432251,79.345772,224.575302,33.519932,97.280632,48.464725,42.727146,134.401398,394.347168,83.169296,515.838989,46.763870,32.294586,108.495911,608.719971,148.373047,172.683395,210.265213,39.980362,245.863937,75.772392,87.110001,163.724579,41.207695,68.160110,196.193604,76.279030,212.515503,50.550922,45.913261,177.282257,110.849106,61.879265,191.177292
2021-07-21,141.859497,270.643555,179.259995,126.503456,343.534119,279.880005,218.429993,19.365637,135.492249,235.204391,148.100403,44.231400,122.563065,369.602112,48.386414,381.982178,290.330780,82.050079,226.744400,34.204735,98.068588,49.089745,43.678173,133.901138,393.181946,84.135506,507.626495,47.025696,32.270988,108.724350,612.260010,149.617691,172.820175,211.755112,40.836323,242.569580,77.057487,89.410004,169.366058,41.482014,67.020721,198.064468,77.880165,210.759521,51.456886,48.062679,178.213837,111.902420,63.730766,193.723724
2021-07-22,143.225449,275.202362,181.901505,127.368774,348.455505,277.700012,216.419998,19.549217,133.781540,235.667740,148.528564,44.262722,122.093483,371.644257,47.841904,383.023132,290.597717,81.228111,227.891037,33.760048,98.529633,49.020302,43.432888,133.857971,395.578796,85.073586,517.734375,47.601734,32.625004,108.057274,623.679993,152.032654,171.100693,214.214386,40.149769,250.510742,77.616219,91.209999,160.358856,41.482014,67.232689,198.824814,77.196548,210.664825,51.209801,47.767666,179.711655,111.435173,61.879265,192.280426
2021-07-23,144.942581,278.597412,182.832001,131.924652,366.910675,278.489990,214.460007,19.513296,133.524521,240.378387,150.110138,44.626175,123.856674,382.438751,47.783253,384.801239,296.095459,81.260979,233.299515,33.528828,99.074509,49.489059,44.054768,135.574432,401.158997,82.259369,525.394287,48.203960,32.790218,110.387474,625.869995,154.521973,172.087433,218.064789,39.757465,252.513351,78.542122,92.150002,163.831055,41.430115,68.186607,195.903152,77.187538,213.229889,48.501064,47.003246,183.428818,111.934097,61.927990,192.620560
2021-07-26,145.362076,278.001129,184.990997,132.936295,369.559875,278.799988,219.206665,19.249907,134.419739,241.565720,150.180038,44.688843,124.290840,381.991425,48.989571,380.968903,294.618744,82.978928,232.401291,33.911247,98.739204,49.532459,43.971783,135.479553,400.969604,82.418839,522.295044,48.413433,32.892483,109.217812,620.799988,153.342346,174.627625,218.980270,40.131927,251.568375,79.052956,91.820000,165.067307,41.355976,67.930466,195.843384,77.313461,210.957535,49.699863,48.302757,180.597565,113.066566,62.951187,193.999527
2021-07-27,143.196167,275.587128,181.319504,130.818756,364.946045,280.779999,214.926666,19.164097,134.242447,242.222092,150.870331,44.691975,124.795876,379.531006,48.445053,382.405945,291.131470,82.699448,232.754837,33.777851,98.881699,49.706081,43.344456,136.229980,402.021118,82.362564,523.439941,48.247604,33.120640,109.482796,618.280029,152.859329,175.370132,221.107407,40.247849,251.932495,79.691490,91.029999,162.322937,41.667370,68.769547,196.791611,79.355347,210.613159,48.665783,47.844101,176.734238,113.050735,63.730766,192.960724
2021-07-28,141.449753,275.279327,181.516006,134.978424,370.373474,278.100006,215.660004,19.458424,134.464066,238.370560,150.450928,44.510242,122.944046,372.889008,48.771759,376.943054,289.583527,83.167976,235.554611,33.911247,99.376282,49.254677,43.553253,134.979309,400.012665,81.780960,521.455750,47.802471,34.182705,110.131615,620.919983,153.686020,174.979355,217.005707,40.577744,253.909180,78.973145,97.930000,163.831055,41.311497,68.760727,196.902649,78.437851,210.243027,48.565125,48.175354,175.711365,112.274635,63.974392,194.376404
2021-07-29,142.093628,275.548615,179.996002,134.664505,355.530060,279.760010,225.783340,19.617065,135.616394,239.316574,150.450928,44.566643,123.582031,378.111176,49.366543,379.623779,291.282623,84.310509,234.427094,34.400402,99.644531,49.523785,44.142296,135.255341,403.666992,82.203072,526.884888,48.064308,33.968365,110.652473,621.700012,155.107132,174.246597,219.016159,41.460449,258.027039,80.050705,102.949997,166.443909,41.504265,69.034515,198.944366,78.842651,208.702286,49.141651,48.481121,176.834732,112.401337,64.753975,195.406036
2021-07-30,142.308289,274.019348,166.379501,133.622131,353.525665,278.290009,229.066666,19.454435,134.534988,237.839661,150.468399,44.663780,126.018539,375.320221,48.227249,379.752777,291.958771,83.685837,232.678391,34.115799,97.490204,49.506416,44.259914,135.376038,407.881287,81.743431,533.044312,48.326149,33.984241,110.551956,621.630005,155.590149,171.970200,217.840393,40.961143,257.905731,79.891052,106.190002,167.136566,41.355976,68.804893,199.721786,78.212982,207.910355,49.159946,47.614792,175.985367,111.633156,63.097370,190.064926
2021-08-02,141.976608,273.932861,166.574005,133.749054,349.209625,278.140015,236.556671,19.704859,133.994293,231.459045,150.529587,44.560375,125.708450,364.934052,48.235630,382.838898,291.095825,83.537880,235.640656,33.760048,96.777664,49.376209,44.194267,134.832657,407.122070,82.174927,526.795959,48.395973,34.897156,110.497131,618.750000,156.741882,171.511017,215.497818,40.827404,257.515625,79.843163,108.629997,167.224258,41.341148,69.608635,198.551422,77.907158,206.404022,49.123337,47.037228,174.405350,111.997421,61.270218,188.603226
2021-08-03,143.771790,276.144928,168.311996,134.518219,348.505127,281.799988,236.580002,19.769711,135.518890,228.862350,152.382019,45.061687,127.542511,357.484741,48.755009,388.670410,295.294800,84.335182,244.613327,34.284779,97.448265,49.410934,44.386673,135.134521,412.959442,84.182396,530.063354,49.094196,36.262562,111.593689,621.280029,159.045380,169.009918,212.670578,41.754692,262.101654,80.170418,112.559998,166.014267,41.318901,70.147385,198.747940,79.130478,210.096710,49.471092,48.107403,177.136124,114.096100,62.768482,191.673660
2021-08-04,143.371750,275.558258,167.735992,134.017868,356.125305,278.779999,236.973328,20.227667,134.056335,228.456955,151.481995,44.754642,126.195786,357.883575,47.615719,388.338715,293.844788,82.444626,250.805328,34.035767,96.467499,48.699100,44.478760,132.874664,412.930969,84.473221,531.929077,48.605442,35.873577,111.091103,625.679993,159.677063,168.609360,210.767822,41.148392,264.953979,79.412148,118.769997,168.679749,41.051991,70.544891,196.133804,77.196548,196.522369,49.324673,46.655006,173.437210,113.058640,62.677124,188.014908
2021-08-05,143.479080,278.453186,168.799500,135.134613,360.143799,280.209991,238.210007,20.589830,135.749313,231.874130,151.770386,45.584927,126.257805,361.705444,47.917301,378.803955,296.335663,83.209076,252.448853,34.702785,96.501038,49.046341,44.466900,133.098953,420.666809,83.891624,535.354126,48.666538,35.770378,111.675949,632.080017,161.478989,172.644333,212.194916,42.079708,266.271729,79.491974,112.349998,169.363693,41.000095,71.092514,196.381607,78.150024,201.411545,49.635986,47.521343,174.149612,113.066566,62.744110,190.469376
2021-08-06,142.795090,278.395508,167.246994,134.625793,360.679565,285.630005,233.033340,20.319454,139.605072,233.022781,151.263565,45.503471,125.291985,364.224182,48.470188,382.424347,293.426636,83.800896,251.732193,35.707752,95.939400,49.167866,44.262657,133.116165,417.287750,83.976036,531.257751,48.518162,35.778316,111.639389,631.380005,160.503738,173.054657,212.051315,43.673710,266.393005,79.188644,110.110001,169.188293,40.940784,71.198471,196.210709,78.779686,198.106155,49.663612,47.988491,173.674683,114.111931,63.657684,191.535767
2021-08-09,142.746262,277.308594,167.093506,135.790680,358.794342,287.230011,237.919998,20.248615,139.454422,231.671417,151.787842,45.613140,125.974236,360.480133,47.917301,378.509155,292.465881,82.403542,255.286880,36.170219,95.612465,49.176556,44.194267,133.133453,418.084991,84.332504,534.179504,48.413433,36.500706,112.544052,629.219971,159.546997,172.654099,210.633179,43.566242,266.991180,79.180656,107.580002,166.987503,40.866642,71.154327,194.971985,78.329918,196.160812,49.783356,47.096664,171.692795,113.150688,63.164352,192.032227
2021-08-10,142.267471,275.490906,166.033997,135.685562,358.318085,288.940002,236.663330,19.890438,141.165115,229.808365,151.840271,46.584423,126.054001,357.718262,48.738266,379.347443,294.885590,83.907761,257.475098,36.846138,96.249565,49.306763,43.973606,133.202423,420.514954,84.088615,533.399597,48.535618,38.255093,112.123703,621.739990,160.011429,172.996063,209.529236,44.443844,267.780182,79.787285,106.480003,166.286087,41.133541,71.127808,198.090149,78.842651,196.221100,49.682041,47.971497,173.281952,113.254799,64.607811,196.794220
2021-08-11,142.521500,275.981384,164.605499,135.161896,357.157227,291.279999,235.940002,19.653975,142.849228,226.902802,151.866501,47.001156,126.364098,354.217346,48.880676,375.625610,299.796204,84.540695,252.362930,37.308598,95.327461,49.245995,44.091232,133.728592,421.720428,84.079208,530.329834,48.753819,36.762676,110.990585,626.030029,159.082581,173.992569,211.414062,45.366207,269.245270,79.627663,107.680000,166.154541,41.200279,72.752998,200.054977,79.715202,196.367477,49.866249,48.574543,177.656754,113.855598,64.583427,203.771652
2021-08-12,145.482162,278.732117,165.175003,136.069397,359.826263,290.239990,240.750000,19.859510,143.407684,224.051346,153.089783,46.875355,126.656487,352.019470,48.770119,373.985931,297.145142,84.368057,252.573822,37.486465,96.936943,49.341488,44.155972,133.754456,422.726471,84.248093,535.018555,49.216389,37.500946,112.224213,634.349976,158.497406,175.164948,212.419281,45.805000,272.019470,79.827202,106.500000,164.725357,41.252174,73.309433,198.931381,79.139488,196.384659,49.313614,48.447140,175.355164,114.608597,64.875771,202.466263
2021-08-13,145.687363,281.655853,164.698502,136.598526,360.352112,287.890015,239.056671,20.141859,141.803329,224.882599,154.007294,47.023159,127.267830,352.768250,48.276890,377.403625,294.743256,83.809113,253.283112,37.024006,97.641090,49.680038,44.329227,135.005157,425.061523,84.782776,537.614624,49.286217,38.485306,112.452682,637.309998,159.472687,176.913788,214.349014,45.106514,273.311188,81.088348,110.550003,165.453125,41.422695,73.706886,198.777023,78.482834,197.701614,49.267559,47.538330,173.994339,114.696724,63.901299,200.931030
2021-08-16,147.661118,283.339050,164.949493,137.175735,363.705811,289.450012,228.723328,19.904404,140.872604,227.502136,155.396622,47.406815,128.153885,353.555969,47.571068,384.349792,298.061462,82.954254,258.776245,36.721634,99.258934,49.897049,44.509758,136.324844,429.845276,85.195526,547.308105,49.120388,38.826664,113.914764,636.940002,160.095001,174.969574,216.278671,44.246822,276.380127,81.726913,107.480003,166.461441,41.504265,74.148529,200.475235,78.383896,200.434021,49.249142,46.553085,176.706863,115.025154,62.945103,200.140427
2021-08-17,146.752441,281.877136,162.098007,135.541260,355.658966,289.100006,221.903336,19.413528,139.170776,226.699860,156.820923,47.391090,128.366486,353.235107,47.247913,388.559723,285.340149,82.798111,261.431610,36.543751,100.306747,49.723442,43.648087,136.195465,429.351776,85.317482,549.134094,48.884727,40.025345,114.855972,635.010010,158.515976,171.784592,215.659363,43.619972,278.244110,81.814705,107.559998,163.366333,41.652546,74.157341,198.511139,77.907158,200.546753,48.530712,46.306774,166.459564,114.087898,61.891457,196.215027
2021-08-18,143.010086,280.152222,160.061005,134.338715,352.682343,286.359985,229.663330,18.996485,137.903229,223.896683,154.828674,46.887936,126.966583,351.017822,46.252956,384.451141,286.051819,80.557159,257.414978,36.276951,98.320076,49.046341,42.761791,134.798157,423.533325,83.431953,537.634338,48.134125,39.144188,113.247665,626.770020,156.797638,170.719650,213.684830,42.957314,273.059814,80.577522,103.440002,161.156769,41.126137,74.563660,195.912338,76.890701,196.764832,48.070187,45.465904,182.415070,111.724754,61.763550,192.877960
2021-08-19,143.342300,285.972443,159.387497,134.567780,352.354919,285.130005,224.490005,19.752754,136.750961,223.838669,156.034531,47.205544,128.463989,347.477966,44.841297,394.188599,287.252716,78.549461,259.217133,35.743328,98.856567,49.358849,43.177578,137.066650,431.174255,83.216217,544.761475,49.984444,38.739330,114.883392,637.659973,153.806747,169.263931,212.921936,42.312534,277.238403,80.952644,103.699997,162.244003,41.051991,74.678467,195.320541,75.424728,194.639648,48.300449,44.540108,185.027115,110.563210,60.551544,187.950546
2021-08-20,144.798187,293.286316,159.997498,136.302963,356.571747,285.269989,226.753326,20.768429,137.140945,223.635696,156.794708,47.626945,128.552582,345.221863,44.849800,395.865204,292.892853,78.557793,259.706146,35.903427,99.602608,49.167866,43.327122,136.583588,435.663788,83.431953,547.841064,50.813599,38.675819,115.431656,647.340027,155.850204,171.090912,214.052795,42.464767,278.755615,80.952644,104.650002,162.182632,41.163208,76.206490,195.294815,76.058182,193.893661,47.904388,44.820404,190.159897,111.436401,60.935238,188.400986
2021-08-23,146.283417,293.565765,163.293503,138.893555,360.520813,285.619995,235.433334,21.907812,138.895981,226.322891,156.117859,47.312477,127.896935,351.076141,46.695152,391.857788,291.558380,80.582146,256.743896,36.383671,100.055290,48.994247,43.990929,136.152344,431.810120,83.600822,545.481812,51.092880,39.636372,114.993042,656.859985,157.642883,173.572464,215.102921,42.634918,276.224152,80.497681,108.769997,164.707840,41.089062,74.545982,196.504120,76.881645,195.723907,49.028084,46.536095,188.196304,111.844933,61.495564,192.262054
2021-08-24,146.195465,291.609650,165.289001,140.103546,362.664032,286.019989,236.163330,21.743189,139.755768,226.419510,154.166534,46.825035,126.860275,351.825012,47.077831,390.061462,289.031921,81.506836,251.902740,36.890606,100.323517,48.620975,43.897923,134.461761,428.829742,83.066109,543.389160,51.773651,38.405930,114.682335,657.239990,157.884354,174.363846,213.998932,43.306541,277.984070,80.322083,107.650002,164.681519,40.785088,74.316345,197.644867,77.306961,194.630966,49.562305,47.062698,185.757751,112.021164,62.896385,195.433624
2021-08-25,144.964310,291.021820,164.959000,140.914322,365.521606,287.299988,237.066666,22.162231,142.636505,224.824615,153.146866,46.843903,126.408409,349.218750,47.162868,386.680511,288.124603,82.065018,252.957230,37.486465,100.927071,48.673069,44.078461,133.866592,428.298218,83.131760,541.010315,51.799843,37.715279,113.987839,656.799988,157.754349,174.207504,214.357925,44.139370,276.969727,80.808975,108.300003,164.918274,40.725777,74.660797,197.833557,77.578430,192.210892,49.562305,47.580811,188.305878,112.037186,63.767307,197.428467
2021-08-26,144.163071,288.208038,165.800003,140.281113,361.542847,285.269989,233.720001,22.017563,143.372223,222.823761,152.329422,46.337608,126.186890,343.150452,46.525074,384.018158,285.989471,80.990356,250.512711,37.388645,100.927071,48.212982,44.290928,133.374985,426.475769,83.225586,545.639709,51.668922,37.612083,114.654945,652.390015,155.042145,172.497772,212.670578,43.924446,275.981445,80.816971,107.269997,164.813049,40.481110,74.363564,198.022217,76.700661,192.106796,48.935982,46.824875,187.821823,111.172028,62.963379,194.192566
2021-08-27,145.198807,288.815155,167.481506,142.823578,369.728546,286.600006,237.306671,22.584267,144.524506,224.921249,152.004181,46.076595,126.089424,345.941498,47.426491,385.777740,287.679810,82.173302,249.007629,37.788857,100.239677,48.308475,45.220982,133.642303,427.453400,83.816582,541.434631,51.511814,36.992893,113.850792,658.520020,155.911987,175.995422,213.146286,44.605034,276.640289,81.495430,111.400002,167.048904,40.607151,74.008659,198.245255,77.279808,193.243057,49.635986,48.192337,188.050140,111.676689,64.613907,195.654297
2021-08-30,149.615311,292.544342,171.078506,143.405258,377.696075,285.660004,243.636673,22.636147,142.211075,223.510025,152.645859,46.447670,126.638741,343.335114,46.907757,385.353912,290.989136,81.965019,251.461716,37.050682,101.069580,48.768562,45.489964,134.556625,432.759338,83.910378,551.325623,51.607826,37.119904,115.084435,665.989990,156.330704,175.839081,212.347488,43.351330,283.497803,82.269676,111.320000,167.846802,40.607151,74.487785,198.871353,76.736870,194.414124,49.682041,47.733696,187.219025,111.324242,64.065742,194.385605
2021-08-31,148.354858,290.896576,173.539505,143.511383,376.425995,285.769989,245.240005,22.337782,141.776733,221.451126,152.179962,46.573456,126.160332,336.702911,46.363506,383.483734,290.170715,80.615456,247.608002,37.130733,101.245613,48.881409,45.336784,134.893066,432.341736,83.610176,547.791809,51.511814,36.572155,115.477348,663.700012,153.269745,177.128723,214.296799,40.924503,281.026978,82.213791,110.720001,167.390839,40.777676,74.523277,198.905670,76.700661,195.628494,49.792568,47.164612,186.214447,112.421677,64.199753,193.852432
2021-09-01,149.019302,290.848328,173.949997,144.025131,379.075165,285.260010,244.696671,22.393656,141.572891,222.437057,152.716156,46.472828,127.445030,339.951019,45.725708,384.478729,289.374908,79.732430,246.754791,36.632683,94.111984,49.211273,44.967499,136.204056,433.319397,84.379395,554.474365,51.529274,36.548344,116.418579,665.890015,153.102264,179.258560,214.919495,38.909626,284.009247,82.660782,109.989998,165.146255,40.733185,75.721115,197.095917,76.103432,193.737549,49.433350,46.417194,185.794281,111.588585,63.133907,191.177292
2021-09-02,150.133209,290.193146,173.156006,142.112457,372.357941,285.049988,244.130005,22.348749,142.228806,216.695404,153.762192,46.718124,127.542511,331.889038,46.839722,390.337799,293.040741,81.398544,248.835052,36.668442,93.902412,49.280716,44.852600,136.303955,437.543182,84.238693,558.175964,51.956944,37.183411,117.414627,664.640015,152.274231,177.675842,216.471695,39.912594,287.329651,84.321022,109.199997,166.075607,40.992687,76.732635,198.099426,76.501572,196.001511,49.488617,48.073425,188.278473,112.157341,64.717430,194.688995
2021-09-03,150.768341,290.183441,173.902496,142.561218,373.330261,281.890015,244.523331,22.794811,141.368988,217.594360,153.858856,46.935101,127.631088,330.868011,46.661152,389.554779,295.365540,81.215256,248.796722,36.695263,93.567108,49.245995,45.379642,136.425537,439.042877,84.426300,560.781799,51.860931,37.183411,117.825829,666.590027,151.920700,176.835632,215.524139,39.554390,288.196564,84.688202,109.919998,166.487732,41.096478,76.031662,195.860886,75.696205,196.357117,49.285980,47.767673,188.123199,111.812897,63.797764,193.392792
2021-09-07,153.103622,289.258362,175.464493,143.097809,379.204163,278.899994,250.973328,22.614193,141.120819,218.715576,151.468048,46.312450,127.152626,335.224640,46.389011,388.062378,294.122772,80.857048,244.262344,36.936623,91.396019,48.325829,45.280251,134.202316,436.242859,83.225586,561.828186,51.389633,37.111961,117.323250,661.390015,151.315948,180.098785,213.150681,39.679756,286.089905,84.656258,109.150002,166.119492,40.644222,75.446053,191.203644,75.108017,191.994019,49.414936,47.546829,187.365158,110.595261,62.908543,191.425461
2021-09-08,151.559814,289.287323,176.274994,142.513123,374.630066,279.339996,251.289993,22.291878,140.491470,221.441452,151.098816,46.372192,128.118423,341.380554,45.963821,382.673096,296.474304,80.298874,244.300735,36.453903,92.510895,48.976894,45.078728,136.104202,442.032806,83.929146,565.194214,51.215073,36.921448,117.935478,663.219971,149.520355,180.890137,215.343597,39.240963,286.532013,82.756577,106.169998,165.540802,40.710945,76.697136,192.464432,74.990379,191.586334,49.341244,46.952282,186.397064,111.083900,62.476135,190.083313
2021-09-09,150.543594,286.435028,174.207993,142.364365,375.056824,278.609985,251.619995,22.130219,141.103104,219.894897,147.732300,46.045147,127.577919,341.740265,45.997829,381.899292,296.644073,79.974014,230.074432,36.587994,89.920670,48.490772,44.997593,135.244476,442.260651,83.994797,561.443298,51.145237,36.540394,116.948570,661.679993,151.967178,181.632660,215.334625,39.724537,284.685425,81.878555,106.150002,165.251419,40.362480,76.164742,191.203644,75.705261,186.997711,49.184666,47.207088,185.410706,110.338936,62.908543,188.842255
2021-09-10,145.560349,284.951019,173.457504,139.721237,375.741333,277.600006,245.423340,22.430582,139.481033,217.401062,146.765411,45.878479,127.701973,337.830963,45.904289,373.403381,296.805023,80.032326,229.595139,35.998005,89.426079,48.273750,45.422493,135.009949,441.520264,84.126129,564.582275,50.525570,36.191109,117.697884,658.940002,152.199829,179.883850,215.848999,39.697670,286.081238,82.668770,105.199997,167.162903,40.206791,75.357330,190.723343,75.108017,185.410324,49.589928,47.334488,186.616272,109.762146,62.122890,188.465332
2021-09-13,146.127045,286.184479,172.858505,141.165771,373.578369,279.920013,247.666672,22.105270,141.696976,217.130341,145.737015,45.617458,129.075317,338.249146,47.086334,383.212036,299.934540,81.615135,228.118805,36.596928,90.096703,48.673069,45.496361,135.270508,436.299805,83.385056,551.917664,50.708858,35.389336,115.705811,645.150024,148.413177,180.724060,217.681000,40.978245,278.677582,81.886551,104.800003,170.082642,40.495930,75.046761,191.778259,75.687149,187.986572,50.649158,48.914299,188.187164,110.667374,63.621136,189.559311
2021-09-14,144.729767,288.882629,172.500000,141.376007,373.598236,277.200012,248.163330,22.195080,139.223938,215.583771,144.857986,45.378468,128.853836,336.284637,46.414532,381.381561,297.851166,80.140625,223.450226,35.613628,89.258446,48.708050,45.761692,134.740707,435.113312,81.039886,555.403809,50.508110,35.492535,116.098763,645.010010,147.706100,178.203415,217.608795,41.237930,280.966339,81.383682,105.730003,171.073441,40.340244,75.100014,188.853577,74.872726,187.396713,50.216255,48.362206,186.470139,109.121300,61.136230,186.001617
2021-09-15,145.618973,293.729645,173.789505,143.245590,371.008514,278.179993,251.943329,22.293873,140.190125,216.337723,145.402939,45.457077,128.579147,335.263580,47.979252,385.985443,298.074799,81.840050,224.063721,35.881809,90.339790,48.874237,46.479298,135.496292,437.315430,82.296898,555.956909,50.237553,35.540173,116.500801,661.080017,146.915314,180.167175,217.473450,41.766285,281.980652,83.011993,105.599998,173.168976,40.458862,75.073395,190.140121,76.800217,189.209625,50.768887,50.383675,187.785294,109.906357,62.220333,189.127213
2021-09-16,145.384460,294.115021,174.412003,142.432816,370.155182,277.510010,252.330002,22.195080,140.128082,216.840378,145.227173,45.608021,127.684280,336.780670,47.469017,385.356903,300.774994,81.073639,221.484955,36.158916,90.599648,48.410675,46.261368,135.096817,439.764252,81.846603,553.468323,50.036816,35.302010,116.455132,665.109985,146.626907,179.121796,219.485901,41.443897,280.888245,82.078110,106.220001,172.572784,40.355064,74.532143,188.390442,76.031013,188.541687,50.501781,50.307224,190.406540,109.289513,61.720913,187.169144
2021-09-17,142.716949,288.959717,173.126007,139.645828,361.880157,276.760010,253.163330,21.853804,139.764618,214.346558,144.814026,45.513691,127.888039,333.600647,46.907757,388.426025,300.131317,80.607140,220.583878,36.203613,90.306274,47.614769,46.138275,133.854919,436.157410,81.039886,589.376038,49.617874,34.841583,115.861168,654.479980,145.529037,179.248795,218.836151,41.614044,281.347748,81.303864,103.879997,172.073013,40.243855,72.438148,187.395569,75.460922,190.293900,49.976772,50.043930,190.908829,108.328262,61.191048,183.629807
2021-09-20,139.668381,283.592316,167.786499,137.582382,352.930389,274.200012,243.389999,21.068462,135.580933,212.703262,143.987808,44.887886,126.603333,330.342865,45.657677,381.529510,296.143402,78.957672,222.060181,34.961067,89.191368,47.282410,45.118858,133.403336,428.212799,80.833511,582.858093,48.779999,35.087681,114.106651,641.289978,143.510101,174.500610,215.767792,41.023018,280.983643,80.609428,101.550003,168.863876,40.229027,72.482521,185.028305,75.515221,186.590012,48.797817,48.472622,187.474792,107.591255,60.789070,175.420502
2021-09-21,140.147095,284.074158,167.181503,137.893295,354.696564,273.179993,246.460007,21.201181,135.598663,212.819290,144.620636,44.975937,126.798241,328.096466,45.615166,381.196625,298.834808,79.015976,220.650955,34.978943,89.820045,47.273659,45.097740,133.342529,429.133392,81.537056,589.612854,48.230141,34.865402,114.344238,645.890015,144.226501,167.231812,217.040222,41.058830,281.495117,80.226295,102.820000,169.188293,40.058498,72.686592,184.316422,75.207542,186.806870,48.696495,50.392159,188.388077,106.517830,58.968018,174.519547
2021-09-22,142.511734,287.716614,169.002502,139.133545,340.537659,274.070007,250.646667,21.894716,138.195740,215.313141,144.093292,44.872162,127.232376,333.960510,46.950275,377.831635,300.363739,81.340225,218.858292,35.881809,89.199768,47.343632,45.979496,133.750717,429.342316,82.962914,599.083618,48.457066,34.889214,113.905609,626.080017,146.478043,169.654739,219.413696,42.160313,281.001007,80.226295,104.379997,171.783630,40.080746,72.668846,186.134750,77.162163,185.314926,49.276772,52.880760,190.780960,107.847603,60.015583,175.907730
2021-09-23,143.469299,288.660919,170.800003,140.058395,343.266266,278.119995,251.213333,22.434574,142.866959,220.687500,144.910736,44.897320,127.755150,344.327148,48.540516,377.212250,300.345825,83.356255,222.577820,37.267365,89.996101,47.264919,46.320271,133.854919,429.769440,83.882225,600.663635,49.478241,35.079735,114.499596,630.840027,148.469025,172.194916,220.902756,42.805077,281.781189,80.976593,106.150002,174.194824,40.347664,72.109856,188.433334,78.501450,186.537964,49.764935,54.112339,189.949829,109.529846,62.707569,180.752411
2021-09-24,143.557220,288.458649,171.276001,141.049240,350.211700,277.869995,258.130005,22.034416,144.515656,223.858002,144.471237,45.023113,127.188095,348.304565,48.974213,376.333984,301.758484,83.806107,222.098480,37.669636,89.753006,47.133724,46.377216,133.915695,443.978638,84.370026,602.194580,49.513145,34.881275,113.649765,622.710022,139.174576,171.950668,222.382767,42.912529,281.321716,81.271942,105.800003,175.930923,40.310577,71.604095,187.995895,78.872459,185.288940,49.939945,55.224987,189.849380,110.138657,63.268330,180.936295
2021-09-27,142.042709,283.467133,170.289993,139.915604,350.826843,279.720001,263.786682,21.614304,148.007996,221.934433,143.425232,44.733799,125.513535,346.952881,50.428387,374.660614,305.263611,85.780449,217.036896,38.670815,90.297867,46.888824,46.370781,132.630386,437.154022,85.401894,587.272400,49.068016,34.587559,110.186432,603.650024,137.732483,174.158646,223.907928,42.590157,273.952728,81.822693,108.160004,175.650375,40.384724,69.882751,186.889496,79.035355,184.855179,50.345211,56.660400,192.370087,110.995796,64.213081,183.859680
2021-09-28,138.661942,273.204529,165.798004,134.716583,337.997559,276.790009,259.186676,20.655331,147.210251,218.029358,143.108826,44.183464,124.565506,341.516663,50.955627,368.512817,298.459198,86.105331,212.435394,38.581425,89.979347,46.040436,45.100479,131.180084,424.615356,84.885963,569.278931,48.457066,34.166824,108.505043,578.770020,135.183273,170.504715,219.991257,41.121513,263.506226,79.527840,101.519997,170.880554,40.154884,68.560692,184.376511,78.582878,184.126572,49.737297,57.586193,187.620895,110.122620,64.444710,184.365280
2021-09-29,139.560883,273.667114,165.056000,133.252167,336.965637,277.290009,260.436676,20.473719,147.095016,219.111923,144.172394,44.164593,125.832489,343.471283,50.921616,370.167694,301.257721,86.080345,220.833084,38.500973,91.236710,46.320316,44.959038,132.265671,428.829742,85.598900,572.389709,48.422161,34.555801,109.162979,577.700012,135.853149,168.707047,220.451477,42.115528,265.996033,80.392433,100.349998,169.284729,40.317997,69.518967,184.333588,78.718620,186.407883,49.267559,57.790047,189.146118,111.492455,64.779938,181.901535
2021-09-30,138.261353,271.662811,164.251999,132.580200,336.747375,272.940002,258.493347,20.672295,145.091766,215.313141,141.957306,43.831245,123.865532,338.112946,50.020203,361.228058,293.505798,84.514191,221.494568,37.946754,90.423615,45.891750,44.541122,130.624283,426.513794,81.734047,564.222717,47.505733,34.143009,107.947617,575.719971,135.118149,165.277802,217.590775,41.560318,264.113342,76.594620,102.900002,168.530701,40.043674,69.669807,182.069290,77.786560,184.456177,49.074135,57.560715,185.273697,111.292198,62.799000,176.477707
2021-10-01,139.384995,278.581573,164.162994,135.423721,340.339203,275.709991,258.406677,20.698244,148.140961,222.765762,141.051926,43.098537,123.670609,350.269043,51.814529,362.790466,294.936310,86.913414,220.094925,38.509922,91.446304,46.372799,44.763393,131.093231,425.545593,84.182396,565.595581,48.125408,34.079502,107.106911,577.469971,136.820740,171.960419,219.233200,42.106571,262.274292,77.637016,102.449997,169.916031,40.258682,70.282036,184.959717,79.162041,185.557770,49.608353,59.539711,186.040894,114.808899,64.499565,178.647171
2021-10-04,135.955322,272.809479,159.488998,132.563858,323.689911,273.640015,260.510010,19.690376,147.981369,217.227051,139.953201,42.683430,122.970657,334.728821,52.486343,357.779846,291.905273,87.238312,215.551010,38.742344,91.144531,46.346554,43.716293,130.441910,417.771790,83.732140,561.921814,47.650921,33.674648,105.571747,558.489990,136.895142,169.469101,219.368591,42.106571,259.020935,77.725906,100.339996,166.943665,40.406971,70.415123,183.724655,79.352074,183.406616,49.249142,60.720303,186.780685,115.441719,63.938824,177.544083
2021-10-05,137.880280,278.253845,161.050003,134.907974,330.367432,278.049988,260.196655,20.407860,150.397995,216.792053,140.269669,42.963314,123.449127,333.765900,52.401306,363.714874,294.596588,88.187996,221.379547,39.528969,91.798355,46.425278,44.586128,131.214844,423.561737,85.824028,564.765930,48.055111,33.595264,105.891571,566.700012,139.053619,170.592621,221.299835,42.948341,259.845123,77.887505,101.809998,169.994949,40.414383,70.521614,185.019745,80.284126,183.770920,49.691250,60.924164,186.561508,114.672691,63.938824,176.964905
2021-10-06,138.749878,282.445648,163.100494,136.437347,331.042145,280.220001,260.916656,20.656332,150.719009,218.947586,140.559738,43.277779,125.097092,339.095215,51.440369,364.472961,295.383423,87.413254,218.426910,39.546860,91.639091,46.976288,44.894741,134.575729,426.504181,85.683342,568.439575,47.396107,33.357105,106.448975,570.309998,138.439606,171.442612,222.996445,42.867748,260.782043,78.089508,103.639999,170.442108,40.429203,72.030014,185.997498,80.781853,182.140182,49.718880,60.992085,186.314911,114.039848,63.591381,176.376572
2021-10-07,140.010345,284.122406,165.121506,138.083755,326.656555,282.950012,264.536682,21.030540,151.673126,222.852722,141.816681,43.787231,126.098312,344.606323,51.584919,374.133728,301.749603,88.038055,223.536484,39.439587,92.938408,47.124977,45.366852,135.817642,429.854858,86.593262,576.251160,48.345081,33.928684,107.746590,578.960022,141.277252,173.621353,224.097427,42.769249,262.525818,77.289558,106.449997,171.248779,40.436718,71.799301,187.292572,81.578148,181.394180,49.903095,60.737301,189.876755,113.599243,64.310623,179.952682
2021-10-08,139.629242,284.122406,164.431000,138.639648,327.480103,284.140015,261.829987,20.787056,151.789032,222.582062,141.456314,43.919312,125.575539,345.628754,52.877522,377.609741,298.942078,90.012413,224.265060,39.636257,93.198280,47.334888,45.268578,135.504959,428.886658,88.852470,576.656006,48.397800,33.698463,108.185211,576.859985,141.863373,172.673645,223.537903,42.984165,260.061951,77.047142,105.059998,171.187424,39.941563,71.169334,186.717987,82.003464,181.246719,49.562305,63.633598,188.287659,114.728760,63.829090,179.410294
2021-10-11,139.541321,283.524963,162.315002,137.775284,322.915955,280.929993,263.980011,20.651342,148.596664,217.594360,140.858597,43.878433,126.098312,338.024139,52.350288,374.401886,301.293549,89.246010,224.006210,39.135651,92.494125,47.431103,45.221733,135.687378,426.845917,89.699654,571.461548,48.265991,33.388866,106.805374,573.070007,139.816544,169.527725,222.527176,42.339401,259.168427,76.861282,104.680000,169.547791,39.146336,69.057579,184.650986,81.342873,179.295029,49.221504,62.826717,190.744446,114.095917,63.438992,177.323456
2021-10-12,138.271103,282.224030,162.366501,135.330505,321.248962,278.619995,268.573334,20.627398,147.455307,216.569778,138.608337,43.831245,125.912231,336.261719,52.078159,372.784027,302.035706,89.262657,223.153030,38.921120,91.010422,47.431103,44.573265,136.286621,424.159790,89.963234,568.745850,47.694847,33.222157,107.207413,580.690002,142.672836,169.146713,220.668091,41.775234,257.528839,77.232994,105.040001,165.260193,38.508663,69.980362,183.827545,81.189041,175.122787,48.051758,62.351059,191.612045,112.525841,62.610050,174.593094
2021-10-13,137.684830,285.529266,164.214005,136.454224,322.013000,277.899994,270.359985,20.894827,143.567398,215.032806,139.935623,43.513638,126.204636,333.350342,51.933590,373.070587,302.464874,89.795815,226.661652,38.563553,90.976868,47.439842,44.548473,137.207153,422.669556,90.744530,566.424927,47.993614,32.880806,106.915047,591.119995,145.417389,168.980621,218.980560,41.237930,256.669922,78.760185,109.160004,164.050247,38.523655,71.151581,184.899658,81.152840,176.614716,48.134651,62.198189,193.730957,112.758148,62.390621,173.692215
2021-10-14,140.469604,291.734863,164.992996,139.993942,325.971954,281.640015,272.773346,21.700125,145.769897,217.661987,140.735519,43.985348,127.631088,335.521637,52.724457,388.610962,307.623932,90.645531,226.901306,40.288803,92.402245,47.763451,45.704868,138.310089,427.757141,89.690239,570.167725,48.898651,33.079266,107.850700,607.510010,146.198898,170.397232,220.695190,40.575264,260.634644,79.875290,111.989998,168.776230,38.951275,72.278442,187.481262,80.691330,179.364410,49.645203,62.724781,197.685562,114.864960,62.622238,178.647171
2021-10-15,141.524841,293.141815,170.451004,140.209167,322.231293,284.209991,281.010010,21.815876,148.569931,223.278046,141.781525,44.199184,127.958923,346.641418,53.226181,395.738617,313.310669,91.311974,228.042099,41.450901,92.758575,47.649746,46.223816,137.919296,429.399261,89.737312,575.145142,48.547176,32.936382,107.777298,610.090027,147.008331,172.400085,218.619553,43.324459,261.458771,79.487427,112.120003,170.494736,39.213856,72.464760,189.308197,82.274918,180.283905,50.160984,62.971092,200.160629,115.842255,63.640121,182.958786
2021-10-18,143.195740,296.109680,172.337006,141.607605,332.728882,282.589996,290.036682,22.175123,148.516434,222.949387,140.744293,44.554535,126.116020,349.017365,53.200668,392.549225,317.423645,91.270340,229.096619,41.370445,91.146561,47.177452,46.233929,137.293976,438.473389,90.848076,580.715149,48.494453,32.801418,107.162704,622.830017,148.329453,167.202469,218.628571,44.264736,263.887817,78.744041,116.430000,170.898056,38.943779,71.861420,189.230957,82.166351,176.198380,50.170204,63.276867,202.516968,114.007805,63.463367,182.186508
2021-10-19,145.355148,297.015503,172.207504,142.062866,337.342682,284.829987,288.089996,22.242979,150.317719,225.723557,144.040558,45.501110,124.627502,352.581116,54.000046,392.327362,320.088135,93.053078,232.288849,41.549229,91.163521,47.361122,46.879642,139.039612,443.342621,91.365822,584.734436,48.977737,33.412678,109.474380,636.070007,146.831573,167.241562,219.088837,45.079659,267.618256,77.402657,116.330002,173.809067,39.273876,72.784195,190.217316,82.555473,179.364410,50.851780,63.973339,204.322693,113.735458,63.835201,184.907623
2021-10-20,145.843735,296.225342,170.753006,140.606873,338.126526,287.489990,288.600006,22.056374,152.341919,223.693649,143.961426,45.913074,125.114838,347.391205,54.297676,402.228394,320.302704,94.269356,233.640564,42.094521,91.978027,47.780941,46.787777,140.090424,445.895966,90.970459,598.066406,49.381931,33.976295,113.116180,632.369995,147.417694,166.626068,216.336334,44.918449,273.118408,78.396576,116.389999,174.817383,40.219151,74.461166,191.812607,82.962685,181.862595,50.999161,64.567894,206.247589,113.671371,64.609283,187.711533
2021-10-21,146.058640,299.453491,171.750504,140.722931,339.218018,286.820007,298.000000,22.644129,151.147049,222.553085,143.627441,46.167801,124.214386,346.845856,53.311214,408.875397,326.016174,93.086403,231.196030,41.862099,92.274971,47.536049,47.224987,138.240570,452.976776,90.650421,600.841431,48.933796,34.023926,114.712341,638.659973,150.888031,167.397873,217.852402,45.070694,269.578827,77.992554,119.330002,176.492065,40.054096,74.363564,192.567368,82.899345,181.281448,51.579422,63.353310,208.456650,102.800873,62.872143,185.826950
2021-10-22,145.286743,297.911621,166.777496,136.438843,322.082458,289.239990,303.226654,22.678059,153.180130,223.510025,143.908691,46.648930,125.551666,349.241302,53.676899,415.235779,327.241119,93.969444,233.669327,42.523602,92.597374,47.623512,47.340721,138.926697,457.494934,92.486015,604.347229,48.424160,34.262077,116.244278,643.580017,152.097473,165.522064,215.181198,45.366207,271.869202,78.283432,119.820000,174.545563,39.709003,74.904823,186.460648,83.125549,181.498306,45.555679,64.313072,209.694046,102.440414,63.420715,185.475693
2021-10-25,145.237915,296.919189,166.018494,136.320343,326.130707,290.260010,341.619995,23.117128,152.431076,226.071564,144.225098,47.189827,125.569473,351.373688,54.722881,415.540741,331.953186,94.844177,234.915573,42.469963,92.054375,47.431103,47.952454,138.275330,465.192719,92.147125,600.189636,48.450523,34.254147,116.115860,646.969971,152.785980,168.052444,214.188477,45.330387,265.553497,78.008720,122.360001,175.536331,39.446423,74.789459,186.580734,82.618828,180.101776,45.509636,64.992561,212.489746,102.248169,64.182610,186.917694
2021-10-26,145.902313,298.827026,168.803497,138.166565,313.351013,290.850006,339.476654,24.664854,152.841263,224.080322,145.693039,46.777866,127.352524,347.926819,55.989964,420.301880,330.111267,95.052429,238.165390,42.872219,92.894318,47.641014,49.036293,139.968842,460.855072,91.290504,600.772339,49.039230,34.579624,117.537743,642.500000,152.385895,168.081772,213.358215,45.339340,266.273621,77.733963,122.930000,172.713058,39.821533,75.836464,187.249725,80.682297,181.012527,44.468830,65.425751,211.802277,101.839615,65.486992,184.542114
2021-10-27,145.443100,311.411957,169.624496,145.018921,309.788910,287.779999,345.953339,24.399420,149.657837,208.575851,143.926254,46.394218,126.443161,326.894592,54.535789,419.229431,332.900970,93.361320,239.823837,42.049831,91.969528,48.559364,48.047970,139.482498,464.253082,90.396248,604.673218,49.364357,34.111259,117.152458,640.080017,151.046173,165.649078,219.052734,44.819946,264.807465,76.659271,122.279999,164.050247,39.483932,75.428329,185.019745,80.682297,179.190964,44.109619,63.597187,212.443893,100.269516,63.298824,181.297531
2021-10-28,149.077911,312.549072,172.328506,144.653442,314.452393,289.720001,359.013336,24.888386,151.913910,202.834137,143.143921,46.683533,127.200951,324.275238,54.688858,421.041412,332.230377,94.236046,242.872345,42.711323,93.047035,49.014179,48.641327,140.359680,466.354126,90.584511,612.356445,49.417080,34.277966,117.152458,639.280029,153.009262,165.776062,221.552521,45.993065,264.226105,77.548126,121.160004,164.725357,39.611473,76.679367,187.386978,80.709450,179.702759,44.284618,64.212387,212.434769,100.806229,64.158241,188.655533
2021-10-29,146.371338,319.554474,168.621506,146.832428,321.050568,287.010010,371.333344,25.513069,151.494797,204.699738,143.170319,46.988564,127.477318,326.699829,54.824917,425.691498,332.382324,95.377327,244.223999,42.711323,97.289154,49.302795,48.834209,140.342300,467.314453,90.311523,625.194641,49.179829,34.722515,118.234894,650.359985,155.642181,165.180115,221.597626,45.813953,270.472412,76.392624,120.230003,165.395798,39.754017,75.712234,187.507019,80.410828,179.529251,45.131996,63.648453,214.322998,100.213448,63.920517,188.581589
2021-11-01,145.550598,317.386383,165.905502,142.320724,327.410645,286.239990,402.863342,25.772514,151.414551,205.366669,143.293381,47.104927,127.165291,325.268494,55.811390,419.811859,327.679291,95.410645,238.999390,42.773899,97.407951,49.127872,48.501724,140.046997,467.628082,88.843025,627.199524,49.294048,34.643135,118.280762,640.200012,154.749023,166.274338,226.136978,46.306488,268.659363,75.487602,125.230003,165.387009,39.724018,75.942924,188.484802,80.130310,181.975372,45.638577,63.733894,212.425583,101.158691,64.749474,189.847977
2021-11-02,146.586304,321.009583,165.637497,144.240356,325.525391,287.929993,390.666656,26.345303,152.011978,202.157532,145.552368,47.082905,128.431213,319.844849,55.122559,417.898254,328.403473,94.827515,246.227585,42.800709,98.867264,49.066647,49.330204,141.332291,472.495850,90.245628,628.285767,50.629654,36.079967,117.152458,640.400024,156.144623,165.922607,224.927673,45.939335,271.756439,75.972427,127.629997,167.036728,39.438923,75.792107,189.711304,79.451614,185.852737,45.924107,62.400959,213.598831,101.078590,65.029831,191.456375
2021-11-03,148.022675,321.847931,169.199997,145.396317,329.037842,288.720001,404.619995,26.541891,152.065521,201.152237,145.086517,47.227573,129.313843,320.769928,54.365711,422.788666,329.905609,94.144386,255.248398,43.238739,99.749603,49.232830,49.817013,142.687119,477.572632,90.509209,634.379028,50.656013,35.579861,118.060600,655.179993,160.489441,166.166870,225.974533,46.566185,269.674316,76.546150,130.529999,166.904388,39.716499,75.632370,191.092148,80.238892,189.209625,46.412270,62.153168,214.762955,101.839615,64.590973,188.156326
2021-11-04,147.504807,324.199158,173.850006,147.052109,333.234924,287.690002,409.970001,29.738140,150.068008,201.809570,144.682205,47.573483,129.554550,326.612244,54.773903,422.261749,332.775787,94.560928,259.792358,42.309055,99.316917,49.503963,50.391079,142.695755,490.207550,90.019707,631.801392,50.190311,35.115379,118.418358,674.080017,163.224762,166.362259,228.736023,45.505413,265.458130,75.730019,137.500000,168.598251,38.898762,75.206490,190.826279,79.686897,186.433929,46.660835,62.640205,217.952744,101.262115,64.127762,188.193359
2021-11-05,148.033188,323.833008,175.949493,147.631821,338.473816,287.880005,407.363342,29.689238,149.853989,209.436142,143.653748,47.243282,130.196457,339.620911,55.292641,421.383453,329.395935,95.585602,254.040543,41.987247,99.418732,49.713875,51.337135,144.163452,487.830902,89.379601,609.127014,50.146381,38.927227,114.088570,662.719971,165.150620,171.589188,229.864105,45.343597,253.390686,76.198677,136.339996,170.618500,39.191353,75.889702,193.888184,82.510223,185.427689,47.226585,64.468719,215.899536,103.574768,66.279373,190.310181
2021-11-08,147.211197,324.729126,174.449005,147.809372,335.983337,288.799988,387.646667,30.739016,150.754639,213.128586,143.161545,46.941406,129.224686,340.477936,55.887924,427.679138,329.565796,95.927147,249.755402,42.317993,98.468483,49.267807,51.339909,141.063095,478.979645,89.558449,616.701660,50.084873,38.703007,116.317673,666.020020,159.884720,172.800644,228.411163,45.730141,261.432709,75.059341,150.160004,169.701019,39.258873,75.055649,193.605164,82.084915,183.345886,47.810894,64.878868,215.212112,104.354027,66.084312,198.047195
2021-11-09,147.573288,323.726959,178.811493,147.697769,332.758667,286.350006,341.166656,30.592329,149.613281,206.265625,142.845108,47.104927,129.616943,335.589813,56.432178,429.278412,331.407806,96.635254,251.183716,41.906792,98.086693,49.407753,51.234272,142.001022,483.638153,89.040733,610.885010,50.471493,37.878178,115.978256,667.919983,161.717560,171.081146,228.005035,44.849167,259.558838,75.689613,148.919998,168.315918,39.191353,75.366196,195.337708,82.338287,183.640823,47.486279,64.725075,214.405457,102.613380,67.833641,193.942978
2021-11-10,144.745285,318.764374,174.102493,144.697586,325.088928,285.320007,355.983337,29.396852,149.470596,208.729980,144.392136,46.680382,130.891830,348.530457,55.320419,425.164551,329.556946,95.094093,253.704971,42.219669,99.053894,49.608917,50.404858,142.461319,480.595917,88.325294,619.062012,50.761456,39.255558,117.253357,647.500000,156.544662,170.436340,228.438217,45.271671,262.022675,76.263329,139.869995,164.990067,39.461422,75.596870,194.166183,81.605309,184.941925,47.078190,62.375324,213.158875,102.078430,66.413483,191.040436
2021-11-11,144.696381,320.335052,173.625000,144.571609,325.188049,284.649994,354.503326,30.325888,149.461685,203.752869,143.328537,46.699253,130.517365,345.024994,55.423840,422.844116,328.707489,95.102425,251.768585,42.452087,98.952087,49.626408,51.013824,141.288864,486.937164,88.522980,623.624451,49.873989,40.184490,116.730469,643.169983,155.344498,158.380249,225.757950,45.478436,264.200195,76.764320,146.009995,166.383911,39.348900,75.747719,190.376083,80.582748,183.510681,46.864880,61.640495,212.948029,102.120911,65.218803,192.759796
2021-11-12,146.770874,324.468994,176.257507,147.459244,338.235718,285.989990,344.473328,30.325888,148.792862,205.369904,145.042542,46.466541,130.660004,353.944275,55.001545,424.323303,333.178101,95.160744,249.719986,41.933617,99.240540,49.512714,51.732105,141.254135,491.681183,88.052330,627.347595,49.926704,39.824135,117.831276,657.599976,157.316849,155.957306,226.218216,45.811054,264.061371,76.570404,147.889999,167.689575,39.266369,76.581787,191.564804,80.410828,183.363235,46.660835,61.828449,216.614487,101.008591,65.578407,193.443802
2021-11-15,146.780655,323.842590,177.283997,147.235092,344.853760,284.670013,337.796661,29.961662,148.525345,205.573257,143.732895,46.199245,131.408890,351.860443,55.475563,416.751831,331.792206,97.318359,248.546631,42.058762,99.130257,49.521458,51.966324,142.252853,494.267181,88.504143,624.493591,50.322109,39.760071,118.739433,659.729980,157.093613,154.784912,228.266769,45.918934,259.983887,77.055222,146.490005,166.939728,39.311386,77.495689,191.633713,80.854218,181.412643,46.670101,62.136074,215.331238,100.932175,65.017662,192.001770
2021-11-16,147.759232,327.157532,177.035004,146.663849,340.289551,283.359985,351.576660,30.139284,147.455307,208.362061,142.985733,45.023113,131.221680,359.845001,56.035725,415.660980,350.792328,97.701576,247.863800,42.085590,98.773926,49.171600,52.241875,141.827347,500.760468,90.000885,633.500061,50.084873,39.720020,120.069542,671.030029,159.866074,155.175720,227.833633,45.280670,265.111115,75.204788,152.449997,166.313324,39.056309,77.176270,190.686157,80.447021,179.654495,46.939075,62.067699,224.369064,100.584030,62.994053,189.894211
2021-11-17,150.195770,327.379517,177.449997,146.833420,338.116638,281.589996,363.003326,29.199274,146.661652,198.562683,143.521927,44.636303,131.141403,349.728149,55.423840,415.041595,353.045593,97.263382,251.191498,41.576046,99.562981,48.900471,52.321781,141.879425,500.351776,89.737312,629.372192,49.873989,40.737057,117.987198,670.669983,159.782349,153.710220,228.041138,44.804226,268.650635,75.624977,151.339996,167.239670,38.808735,77.886093,189.928146,79.134888,180.030655,46.586636,61.495235,225.239853,100.244392,62.165089,187.629501
2021-11-18,154.481781,329.455109,184.802994,148.610245,336.052856,280.630005,365.459991,31.608177,145.395401,196.887482,142.748398,45.019958,131.159271,339.065979,54.820568,415.522369,362.880981,96.445953,251.335709,41.406200,99.325401,48.463150,52.796642,141.922836,503.280060,89.106621,629.697937,47.123714,41.169491,117.088234,670.960022,159.419510,152.000488,228.754089,44.858162,271.235962,73.976562,155.020004,170.680267,38.441135,77.726379,190.109055,79.107567,178.456177,46.076527,62.136074,226.752274,99.055656,61.360519,186.187500
2021-11-19,157.104248,331.231354,183.828506,147.705719,342.611328,279.989990,379.019989,32.915413,143.496017,194.495758,143.179092,44.777813,130.891830,330.789429,52.286800,406.767670,365.420258,94.305534,250.729828,40.583801,98.621193,48.218262,52.237278,142.261581,507.482025,88.457100,628.137634,46.789822,40.681004,116.354362,688.369995,162.703720,150.456818,227.373337,43.887280,272.519867,73.047318,155.410004,172.171173,38.156059,78.356361,188.205414,77.760452,180.258026,45.928139,59.478706,228.713821,98.537697,60.927769,185.281540
2021-11-22,157.564133,328.064941,178.628494,145.102737,338.354767,284.970001,385.623322,31.888588,146.554657,189.383072,141.294601,45.529408,131.765472,312.853607,53.010738,404.493408,365.509674,95.990921,250.479767,41.370445,98.120651,48.515636,50.819115,142.556839,513.053284,89.059563,626.073669,47.976032,41.001312,114.904984,673.570007,162.108322,150.613144,228.754089,45.253704,272.172821,72.546318,152.520004,169.824493,38.666199,77.513428,187.903915,79.007454,177.327774,46.215649,61.426872,231.307861,98.894325,61.586048,187.074860
2021-11-23,157.945755,325.989319,179.001999,144.587006,334.624054,288.559998,369.676666,31.679029,150.059128,192.200867,142.170517,45.853313,133.227570,320.351257,54.406898,413.359039,365.134216,98.004944,251.941620,42.461018,100.861061,48.874237,50.988113,143.512131,518.386719,87.487549,624.888489,48.591110,40.905224,114.189468,665.159973,160.163803,147.555176,230.712418,46.206596,271.990692,72.441277,149.919998,169.948029,38.823738,77.469070,186.060516,79.471657,178.902267,45.538601,63.041786,230.904526,99.166039,62.219959,189.801758
2021-11-24,158.464401,326.211365,179.020493,144.922211,338.404358,287.279999,372.000000,32.605080,148.882004,196.810028,141.772369,46.082878,132.532211,331.062073,54.708523,416.160217,368.478180,98.754929,251.980087,42.577229,100.674408,48.480652,51.319698,142.200760,522.636658,88.089996,625.125671,48.801991,40.753067,114.730682,668.320007,160.052155,147.858032,232.029999,46.125690,273.691010,72.748337,157.800003,170.794952,38.756229,77.723068,182.795837,79.362442,178.412415,46.150723,63.938961,231.564545,99.115112,62.311375,191.410172
2021-11-26,153.444519,318.266327,175.227997,141.017471,330.526245,283.089996,360.640015,31.436539,144.396667,191.387466,140.852219,45.567142,131.471344,315.648163,52.786663,406.684357,360.064514,96.496552,250.412476,40.905613,98.850266,46.993786,50.204620,139.942764,519.213928,86.913307,630.794189,48.037540,43.243584,115.473724,662.099976,156.321365,144.702332,225.622559,43.536686,281.047760,71.657478,154.809998,166.083969,38.861256,76.724899,179.350266,75.548615,175.893311,45.241806,61.076557,227.036407,98.333931,59.635593,183.700882
2021-11-29,156.800873,324.975647,178.078506,144.337540,335.397919,282.119995,378.996674,33.305595,143.772446,190.070557,141.338821,44.853298,132.853149,314.518738,53.079681,417.861176,363.748322,96.783043,245.084320,40.753639,99.172707,47.737213,51.834972,142.548141,527.532654,87.487549,640.699524,48.995308,41.962288,117.445976,687.489990,158.042526,144.409241,225.884277,44.192921,283.268707,70.582756,161.910004,171.483063,38.756229,79.015335,178.876495,75.493996,177.975082,46.373322,61.649017,227.852203,100.618004,59.976921,181.103409
2021-11-30,161.752289,319.144745,175.353500,140.734360,321.933685,276.690002,381.586670,32.607063,141.632324,187.630417,137.959091,44.224354,128.894836,306.641418,51.571484,410.668854,358.195801,95.114525,238.554001,39.752460,97.806702,46.230000,50.855850,138.761673,512.796509,85.416588,624.957703,48.186916,43.027363,115.372826,669.849976,157.456436,141.566193,221.964111,42.952362,279.035065,69.443420,158.369995,169.709808,37.713421,77.339844,174.207748,73.655334,173.960205,45.631340,59.923016,224.194901,99.429276,57.898445,178.727753
2021-12-01,161.233688,318.652435,172.186005,139.895264,308.181549,275.000000,365.000000,31.372524,140.794128,184.134827,139.861328,43.126835,130.517365,298.228516,51.528400,410.779816,359.506622,94.465645,239.602325,39.189297,98.341225,46.097794,50.955048,139.091705,503.726837,84.484673,618.360779,48.353867,43.788132,116.262619,657.409973,155.093277,138.879456,221.582932,42.439957,277.369354,70.194916,149.110001,169.171677,37.338314,78.284523,171.778625,71.953232,175.639633,45.074863,59.128380,224.882370,99.276421,56.685497,176.989944
2021-12-02,160.245361,318.082886,171.867996,141.794067,307.973175,279.089996,361.533325,32.062157,143.754623,192.007202,138.985382,42.601669,131.284088,311.782593,52.812519,412.332916,366.105621,97.027412,238.400101,40.321049,99.155716,46.776485,50.742867,140.433792,499.610138,84.710594,619.772949,49.337997,42.474808,117.767067,671.880005,158.163513,143.813278,225.775406,43.968189,274.194214,70.978706,150.679993,170.777267,38.058525,78.979683,175.723801,74.328911,175.963272,45.909588,60.888573,229.511307,99.259460,58.044731,181.907593
2021-12-03,158.366562,311.827240,169.489502,140.837479,304.450806,277.429993,338.323334,30.632002,141.150818,190.099609,141.011475,43.243191,133.619843,313.642334,52.476398,416.738434,366.141479,96.412262,236.188065,39.404865,100.835587,47.190742,51.263672,144.009750,502.861664,83.063255,628.196777,49.408283,43.459789,119.500824,616.530029,158.671478,142.855835,226.256348,42.925392,271.487488,72.223091,144.009995,170.600830,38.576168,78.453857,175.293121,73.828278,177.074142,45.677719,60.760395,227.953064,100.906685,56.545307,182.841263
2021-12-06,161.771881,314.897156,171.368500,141.981537,315.394958,281.380005,336.336670,29.977310,142.818329,196.258102,144.161179,43.711758,135.643585,324.567352,53.071064,426.746033,373.225372,97.920662,236.909378,39.656361,102.956657,48.398277,51.893757,145.504837,506.921173,83.722183,614.509338,50.049728,41.225540,121.518959,622.039978,157.431854,146.910339,232.118515,43.878292,266.247528,73.847267,139.059998,171.685959,38.313595,79.452026,177.661926,76.240379,182.628464,47.291515,62.212986,230.235367,101.815231,58.520161,186.058075
2021-12-07,167.506119,323.324890,176.164505,146.062271,320.296448,284.970001,350.583344,32.362556,144.967377,200.799484,144.532806,43.570248,135.286972,330.584930,53.665726,431.031036,373.656311,99.370102,235.736084,40.159367,103.092430,48.662701,54.228603,145.338745,515.306580,84.767067,620.889099,51.033844,41.417740,121.473061,649.960022,159.650116,147.340225,235.857254,45.172791,271.843201,73.055389,144.850006,175.585312,38.103535,80.574974,178.437195,77.378159,184.841461,48.756905,63.716797,235.487640,103.233215,59.458824,189.025314
2021-12-08,171.322372,323.373169,176.158005,146.971771,327.986084,283.720001,356.320007,31.762753,143.308762,202.368164,145.399826,43.129978,135.893188,333.340485,53.820843,434.861511,369.229980,99.816742,234.976242,39.665348,103.397858,48.477596,54.059593,145.592300,503.983459,83.722183,630.211487,50.102448,41.161480,121.427216,653.099976,158.680801,149.812012,235.557785,44.417660,276.102753,72.635201,145.240005,173.256317,37.878475,80.494743,176.283722,78.734375,186.774582,47.996387,63.323753,235.331787,104.455917,59.903778,188.747986
2021-12-09,170.813568,321.567902,174.171005,146.428268,327.251923,284.519989,334.600006,30.429405,143.085861,204.692108,146.780029,43.729889,136.686676,335.463257,53.958740,438.998138,369.310791,99.555481,233.610580,39.961754,105.332275,48.354198,53.587490,145.408661,498.488464,83.562164,629.144958,50.568150,41.706028,121.573990,632.570007,156.676895,149.421234,238.062363,44.669376,276.987671,72.320068,138.100006,170.618500,37.630898,80.129364,177.446594,78.424927,185.934860,46.818501,61.990803,236.624237,104.922913,59.629478,188.692505
2021-12-10,175.598602,330.681152,172.212006,146.788284,327.182465,288.230011,339.010010,30.137987,142.515137,206.638443,146.417313,44.528698,138.594498,340.721283,54.303463,443.552124,372.956055,99.724030,234.803146,39.988708,106.452179,49.605801,58.020195,147.734406,531.278503,96.609039,634.517456,52.061905,42.266586,123.261871,654.450012,157.571671,149.196518,240.448975,45.127850,275.434784,72.756416,138.550003,172.912247,37.653404,80.459099,180.728485,78.424927,184.465347,46.920525,62.793991,239.584869,105.364426,59.093113,188.073196
2021-12-13,171.968231,327.649811,169.567505,144.631134,331.885529,290.010010,322.136658,28.105034,140.820847,204.333862,149.036163,45.330681,140.564697,336.232452,53.114155,443.468597,363.834137,97.651024,239.025253,39.144379,107.334557,50.910290,57.099857,148.468826,529.757324,94.971130,637.973755,51.499550,44.204548,124.720436,658.299988,155.502533,146.968964,238.742966,43.653557,276.319672,74.073517,133.800003,170.477341,37.720924,81.760277,180.228882,76.759193,184.902695,46.373322,60.683491,235.790070,104.082306,56.764736,186.030304
2021-12-14,170.588470,316.972687,169.091507,142.727356,331.141388,295.029999,319.503326,28.280682,141.899841,203.326797,150.664124,45.763241,141.081787,331.597595,53.036591,444.692963,361.104767,97.937531,239.842773,39.638397,107.996330,50.945541,56.479874,148.101593,518.462891,94.029785,624.497925,50.761456,44.476822,121.950096,614.859985,154.160355,145.669556,238.225693,43.950207,266.941559,74.275528,135.600006,167.857208,37.998512,80.236313,178.032349,76.003708,186.958252,46.095081,60.392979,231.408676,105.084259,56.143021,186.390808
2021-12-15,175.451843,323.064270,173.315002,145.240585,338.999725,294.579987,325.329987,30.398464,140.838684,205.582947,151.416138,46.025318,141.625626,337.245117,52.803894,458.531006,366.141479,97.381355,264.752197,39.467743,110.490700,51.174713,58.771534,150.007614,537.610168,97.569206,647.843384,52.659412,47.087448,124.353493,630.330017,152.762314,146.939667,240.040588,43.995152,273.257233,74.930061,146.500000,170.653809,37.923481,81.991997,180.685471,75.939987,191.777817,46.994717,60.418610,236.065094,104.532333,56.124737,187.232025
2021-12-16,168.562881,313.651733,168.871002,143.260956,332.292328,300.170013,308.973328,28.330587,143.041229,207.577698,153.070602,45.258057,143.631500,343.642456,52.890076,457.121216,358.707550,98.291466,268.368500,40.419853,111.805771,51.694752,57.009846,150.226196,525.393616,97.164429,653.287048,52.993317,49.049431,124.839684,566.090027,151.662506,145.327621,240.975311,45.217739,276.302368,76.263329,138.639999,166.066330,39.573956,82.196976,180.556244,75.275543,194.690598,47.143120,61.264519,232.123642,106.926796,56.399025,190.578262
2021-12-17,167.466934,312.589874,170.017502,140.563263,331.191010,293.660004,310.856659,27.745750,139.786453,205.166611,148.841522,43.808819,140.377502,340.127319,51.735233,451.797424,348.337616,95.729668,257.192841,39.413841,109.896805,50.883850,58.321465,147.148590,520.620972,90.951637,643.229675,53.125107,47.631992,125.775352,556.640015,150.394897,145.337387,237.481628,43.105183,271.895294,75.511864,137.750000,164.354813,39.889050,81.047310,176.731598,74.893242,194.620621,46.948353,58.624260,227.403076,108.174973,55.740738,186.141251
2021-12-20,166.106796,308.834473,167.078995,140.446213,322.915955,289.609985,299.980011,27.663914,137.271820,202.126099,148.416809,43.950909,140.734085,328.160431,50.985455,448.653259,349.612610,95.771797,253.403519,38.767132,111.025215,50.716377,59.246403,148.127838,521.524048,86.263794,641.500732,53.037239,48.865242,123.821419,549.770020,146.312561,143.100082,237.508865,42.116322,272.658691,75.035118,135.800003,162.537506,39.829044,80.156082,172.149033,73.755463,192.425110,46.002327,58.615711,225.139023,107.886269,54.892761,180.678192
2021-12-21,169.277252,315.959106,170.417007,142.296432,331.597809,293.239990,312.843323,29.017216,139.188980,208.555725,147.939072,44.083511,140.644928,341.519714,52.140285,451.880890,350.573242,97.305519,254.750015,39.692287,110.253143,50.919113,59.737240,147.690643,518.548462,86.141426,637.568726,53.625965,47.207569,124.087479,557.520020,155.306793,147.574707,239.922699,42.979332,272.337646,75.180565,144.250000,164.416580,39.596466,80.610596,173.716751,76.167564,193.238571,47.087467,60.392979,226.385620,109.508026,56.771732,183.312653
2021-12-22,171.870377,321.664459,171.037003,145.214798,327.877014,294.410004,336.290009,29.341568,139.732956,211.053940,148.576111,44.140343,142.035721,348.082611,52.562592,458.299133,355.214966,97.861679,256.308014,39.773136,112.034836,51.280491,60.565491,148.608688,522.579346,84.588226,643.852051,54.065292,47.688061,127.499962,563.979980,154.197678,148.385620,240.421768,43.177090,277.334717,76.097900,143.880005,164.910614,39.588966,80.922539,173.863235,76.522537,193.772141,47.272964,60.734756,228.878799,110.170341,56.777843,186.862244
2021-12-23,172.496613,323.102875,171.068497,145.712189,332.629669,294.489990,355.666656,29.581093,140.232330,209.756409,148.859222,44.042473,142.731094,351.101013,52.588440,459.458496,356.498932,98.097649,262.655579,39.898884,112.917206,51.315742,61.452904,148.442612,523.244934,84.456436,642.864075,54.724304,47.015381,127.655869,569.619995,154.412048,150.095352,241.338348,43.473763,278.297638,76.114273,146.139999,165.325256,39.521446,80.833405,176.774704,77.278023,195.748993,47.588303,60.828728,229.236298,110.917549,57.345188,190.605972
2021-12-27,176.459702,330.594147,169.669495,146.694061,343.484528,296.670013,364.646667,30.883493,141.034897,210.734375,150.115570,44.443451,144.398239,350.838196,53.338230,463.279755,362.801636,100.103249,267.762573,40.096489,114.037140,51.694752,62.329231,149.920181,535.699219,84.286980,654.235596,55.726002,47.407780,129.765747,577.679993,156.192215,149.284454,243.416351,43.842331,284.040771,76.613869,154.360001,169.242249,39.521446,81.385956,177.817017,77.587486,196.956039,48.172596,62.554768,232.545258,111.758163,57.723431,190.772324
2021-12-28,175.442032,329.435730,170.660995,145.484558,343.524200,298.290009,362.823334,30.261736,141.462891,211.141113,150.717194,45.081249,145.173859,351.295837,53.165863,466.470337,364.713959,99.909416,265.858185,40.150387,114.020164,51.897472,61.841125,150.698349,536.811584,83.449196,647.487793,55.822666,46.454815,128.857620,569.359985,155.111069,151.629227,243.089676,43.527691,280.596588,76.875984,153.149994,168.589417,39.551460,81.885033,178.351074,78.297478,197.480865,48.005661,62.477863,232.838593,112.615723,58.138264,190.994232
2021-12-29,175.530121,330.111481,169.201004,145.452835,340.269745,299.459991,362.063324,29.941376,141.391602,211.257294,151.778885,45.059143,146.377380,351.792450,52.700485,468.918823,368.861938,99.395386,267.772156,40.087505,114.843132,51.959179,62.174847,151.231674,539.787537,83.035027,654.749207,56.200493,46.110470,129.518082,569.289978,157.310669,151.306808,243.643219,43.554668,283.504791,77.236366,148.259995,168.333572,39.281372,81.983086,178.764526,78.179161,199.081558,48.070583,62.306957,236.092606,113.227104,57.827126,191.650558
2021-12-30,174.375427,327.572571,168.644501,145.002075,341.678650,299.980011,356.779999,29.527205,141.320206,210.966782,152.451294,45.204391,145.111450,351.500275,52.390221,467.852234,368.053925,98.957184,266.646912,39.997684,115.326744,51.809334,61.478783,150.969376,536.117615,82.846741,657.436523,55.901749,46.767124,129.343781,570.530029,156.108337,152.342422,242.481689,43.240028,285.145508,77.203606,145.149994,167.098465,39.198853,82.678223,178.402725,78.097221,198.093140,47.987114,61.760113,235.010986,113.702599,57.772224,190.495071
2021-12-31,173.758942,324.676453,166.716995,143.664612,333.731049,299.000000,352.260010,29.352547,141.204346,209.843597,151.354233,45.684311,145.833557,349.874115,52.734951,465.728333,372.605927,98.889763,265.656281,39.961754,114.877052,52.188343,61.509281,151.878693,539.720825,82.093674,659.204834,55.682079,47.287651,129.105255,567.059998,155.344040,151.326355,243.262085,43.132156,285.614319,77.809692,143.899994,166.269226,38.981289,83.204056,179.608688,78.333893,196.781113,47.764515,61.845776,236.926697,113.490311,57.631912,191.105148
2022-01-03,178.103668,323.160767,170.404495,143.802994,335.904022,300.790009,399.926666,30.061138,144.191589,214.413986,151.770050,45.671684,145.227325,361.198395,54.760235,465.858124,366.886719,100.499306,261.338043,41.479752,114.894043,52.267658,61.316097,151.240402,538.779724,82.743195,637.153748,55.497551,45.365715,127.545807,564.369995,153.479980,153.153336,243.724899,45.604290,274.111908,78.407608,150.240005,168.148315,39.341393,81.688972,178.135681,79.162186,198.285599,49.350487,63.208145,234.204346,115.511169,58.711716,191.345474
2022-01-04,175.843246,317.619507,167.522003,143.215820,333.909637,308.529999,383.196655,29.231792,149.657837,215.411362,151.363052,44.834976,145.735474,365.521698,56.819996,455.303345,370.657562,102.327950,256.606110,43.105526,114.673470,53.140263,62.018616,151.458984,536.421936,83.628029,610.557922,54.136414,43.668003,124.546150,554.000000,155.083115,152.147018,243.661407,47.420189,266.733032,78.907219,144.419998,168.324753,40.114117,80.815590,180.030777,81.938377,199.291489,49.285561,65.950005,238.145767,117.192375,60.621181,201.587540
2022-01-05,171.165848,305.426758,164.356995,136.645615,321.645905,309.920013,362.706665,27.549141,146.921768,213.029327,152.371658,45.441185,146.395233,364.070862,57.526695,454.181152,365.629730,102.993668,250.681732,42.377964,115.275803,53.580975,59.437752,151.974854,522.817139,81.387688,611.071716,53.279060,44.548893,123.986588,514.429993,151.224442,151.619446,242.463547,47.006676,265.031616,78.587784,136.149994,164.813583,40.526737,79.968933,181.805252,81.528778,196.929825,49.962612,64.819000,233.507736,117.362213,60.621181,203.131241
2022-01-06,168.308517,303.013306,163.253998,136.618347,329.871307,313.220001,354.899994,28.122000,148.482681,212.787216,151.849686,45.314888,145.164963,360.746185,58.879749,435.594269,364.300995,103.870064,249.412216,43.231274,114.732841,53.298912,58.885895,152.009811,522.703064,81.576637,612.929077,53.844730,43.916256,123.968254,514.119995,150.096634,153.290115,244.732224,48.211285,263.833557,79.783607,136.229996,164.760620,40.331676,76.439713,181.598541,81.974777,196.956039,50.092453,67.252373,236.294266,114.916786,60.975014,205.201843
2022-01-07,168.474854,303.167816,162.554001,135.893829,329.206604,319.779999,342.320007,27.192852,149.953873,210.085648,153.902267,45.747452,145.084671,360.404907,59.362358,425.345581,353.392456,105.361633,249.575745,44.174408,114.435905,53.175526,57.233101,152.202148,509.754181,82.682106,599.759460,54.030346,44.620968,124.353493,510.700012,146.303238,154.198715,242.345596,49.236103,256.671753,81.200569,132.000000,158.302902,41.182045,77.010101,185.845139,82.320679,198.810425,49.563801,69.094559,230.152924,114.483757,61.859592,207.235474
2022-01-10,168.494415,303.389771,161.485992,137.532791,325.515564,318.929993,352.706665,27.345543,150.097412,205.253738,153.141388,45.659050,143.105530,354.808472,59.009026,431.281433,347.870819,105.429054,250.162323,43.949848,115.716988,53.263664,57.418900,152.280884,493.230865,84.354446,617.513123,54.640202,45.037395,124.078293,525.830017,140.216965,152.997025,239.940811,49.757496,263.060974,82.134285,132.000000,161.408279,40.901115,75.120705,183.872559,81.674416,201.504501,51.205418,69.428719,227.036407,114.653557,60.651680,204.878326
2022-01-11,171.322372,304.075195,165.362000,138.590546,331.766479,319.799988,354.799988,27.761715,150.249908,207.587387,151.513474,45.529602,141.447311,357.128998,61.491062,434.991425,347.161530,107.839142,252.287903,44.201347,116.209099,53.281292,57.501175,152.210892,496.301727,83.598595,613.027832,55.126328,45.397755,124.481926,529.890015,140.086456,154.257324,237.862778,50.395756,265.057648,82.715805,137.309998,162.890366,40.688530,75.566330,186.327545,82.575523,203.262619,51.854645,71.622192,228.695496,112.819527,62.097515,203.316116
2022-01-12,171.762741,307.251373,165.207001,140.271133,330.665100,320.390015,368.739990,27.943357,151.102142,208.875244,150.221741,45.289627,141.759338,358.123505,61.310097,439.369080,349.612610,107.299820,246.132675,43.886974,116.480606,53.360619,57.496544,152.044800,499.885864,83.437965,617.671265,54.905357,45.365715,122.665627,532.369995,141.866699,154.169403,236.773788,50.701401,265.969147,83.084389,137.470001,164.116638,40.582233,75.833672,187.998642,82.894104,202.720291,51.696980,72.316216,229.813751,113.430862,62.372040,205.580811
2022-01-13,168.494415,294.247620,161.214005,137.450974,323.937897,321.260010,343.853333,26.522190,150.913712,208.187714,149.310394,45.930584,141.117447,360.278137,60.870552,433.535278,347.439850,106.853195,240.121674,43.797146,114.457542,53.677925,55.203163,152.289566,491.405487,82.946640,593.653992,54.357372,44.476822,119.351555,516.900024,139.424713,151.863708,237.218430,50.341820,253.529236,83.624954,132.740005,162.458099,40.635384,75.664352,189.015076,83.340111,201.924332,50.955002,71.647896,229.795441,114.424294,62.506256,209.832932
2022-01-14,169.355545,299.460754,162.138000,138.337158,329.315704,324.130005,349.869995,26.888460,141.638046,207.868195,148.496445,45.801132,142.472549,362.832672,61.939224,434.703857,333.990448,108.673424,234.783905,43.033669,116.471992,54.109814,55.127357,153.566116,478.200104,82.852150,587.637329,54.233627,44.004353,117.979904,520.599976,138.110535,148.444244,233.860840,52.193676,254.623001,84.673332,136.880005,164.981201,40.453163,74.149277,187.481796,84.040993,205.869232,51.659882,74.321205,223.104126,113.957321,62.933304,211.626266
2022-01-18,166.155731,292.172089,158.917496,134.883194,315.672760,320.290009,343.503326,25.851519,135.699478,208.875244,147.841736,44.999157,139.726685,357.138702,62.982029,427.562225,329.249908,109.027359,237.621109,41.551609,117.252106,53.677925,53.409855,152.097275,464.015411,80.830223,582.993958,52.792942,43.331669,116.516228,513.340027,136.964127,148.766632,232.744720,50.962105,250.360641,83.321907,131.929993,160.808350,40.567051,72.411415,183.984558,82.602829,204.530930,50.788059,74.980942,219.250839,112.878975,62.768578,212.485901
2022-01-19,162.662323,292.828552,156.298996,134.008926,317.101562,314.750000,331.883331,25.017183,133.600327,207.877884,147.381699,45.447510,144.424957,351.708099,63.007877,428.981262,322.938232,108.631294,235.678329,41.713276,115.906250,53.766060,52.132347,153.190186,466.002350,78.779945,586.224487,52.059334,42.875206,116.037544,516.580017,135.249176,146.656326,231.601242,49.955273,249.171326,83.125328,128.270004,157.297180,40.620201,73.605644,181.520950,81.647110,202.317993,49.730747,74.783890,215.839005,111.724197,61.383747,205.890991
2022-01-20,160.979263,291.158417,151.667496,132.214722,314.095123,311.010010,332.089996,24.102005,132.461060,207.558319,146.204941,44.588692,145.204773,354.896271,63.145767,429.426483,313.861206,108.243645,233.831802,41.093517,114.037491,53.545712,50.630241,152.079788,459.024200,78.156364,581.077271,51.334568,43.283627,114.803955,510.850006,133.030914,144.223618,229.704697,49.442863,245.638168,83.559418,121.889999,153.018509,40.544281,74.425560,179.961899,80.427406,200.218658,48.265354,73.370125,205.934509,111.078873,59.937920,201.218872
2022-01-21,158.924301,285.781372,142.643005,129.282990,300.809448,305.220001,314.633331,23.327543,130.146606,199.405121,145.868713,44.263489,145.760513,346.199310,62.197762,427.729218,313.430267,106.945908,233.764481,40.347988,113.137390,53.281292,49.290813,152.324585,457.873810,77.683952,573.341614,50.097164,42.274597,115.835007,499.910004,133.235977,134.219223,231.029556,48.247231,243.459244,84.296562,118.809998,154.950546,40.362053,73.614532,176.671310,79.380646,199.186523,48.265354,70.876762,206.936890,109.830696,58.748318,198.859543
2022-01-24,158.151245,286.109497,144.544006,129.731781,306.306213,303.730011,310.000000,23.325550,130.029984,195.454407,144.187729,44.266640,144.577316,340.680939,62.732101,428.749390,326.637238,107.173416,231.225403,40.015648,113.291695,52.849400,50.062668,151.546432,464.804504,77.872910,568.866211,50.291615,41.273594,113.984665,519.659973,136.078674,134.297379,230.140305,47.932602,240.342758,82.379990,116.529999,157.332474,40.210201,73.008530,176.111435,80.208954,197.752014,48.172596,71.133789,213.677841,109.380692,59.120441,199.082489
2022-01-25,156.350784,278.502350,139.985992,125.894493,297.812866,307.190002,306.133331,22.279631,131.447357,195.599640,148.310654,43.303635,142.999802,330.287476,64.576393,423.713165,322.300781,111.732361,230.302139,40.806091,114.088936,52.726002,49.374928,149.806503,453.795197,76.597389,560.913025,49.593369,42.074402,113.478340,502.720001,135.594025,133.369247,227.481400,48.175327,235.429291,83.657700,111.129997,153.468430,40.164642,66.930428,174.259430,82.202339,196.842331,47.300789,74.638222,211.525894,115.562103,55.582119,199.063889
2022-01-26,156.262711,286.437775,138.872498,128.173645,292.335876,309.260010,312.470001,22.726738,132.694290,199.347000,148.974213,42.861595,141.753937,336.039978,63.921421,425.187866,320.774506,111.816635,228.763336,41.228237,115.066147,52.532089,51.499161,148.223999,459.642151,75.199028,556.121460,48.903957,42.450779,110.532524,500.809998,134.205292,130.526184,226.728241,48.669746,231.583572,83.035240,110.709999,157.323669,38.737244,64.738029,172.838165,80.991753,194.655594,47.940735,74.595383,209.769394,113.999756,54.490131,199.045319
2022-01-27,155.802811,289.459412,139.637497,127.947502,292.345825,307.670013,276.366669,21.900389,130.352921,199.618179,150.929535,42.890011,142.632324,341.763062,64.740158,428.127960,320.011292,114.075058,227.666916,40.842010,116.557770,52.576160,50.130150,148.084106,458.738983,75.378548,547.071838,48.276413,43.064026,110.873138,493.049988,134.811066,132.304306,225.720947,48.328144,234.361557,83.747810,102.599998,154.218307,38.866322,64.622154,172.838165,81.264809,195.932663,44.564758,76.823135,207.773788,112.522339,54.843960,197.076141
2022-01-28,166.674316,297.587830,143.977997,132.257874,299.360779,312.899994,282.116669,22.794605,131.519104,220.775848,151.991226,43.420460,143.860260,372.943359,64.878036,432.264557,329.088287,110.063850,235.726440,41.201298,118.229347,53.625046,51.774628,150.969376,468.160553,76.039955,565.141663,49.151436,43.838642,115.393127,518.159973,135.994797,135.440460,232.390762,48.714706,244.032166,84.788002,105.239998,157.441910,40.164642,64.613243,173.992416,82.220558,200.428604,44.267971,76.446136,216.105713,114.203552,56.186081,186.849396
2022-01-31,171.028824,300.213776,149.573502,134.194382,310.820831,313.019989,312.239990,24.437336,133.304260,219.003830,152.433578,44.143501,143.815475,376.716522,65.464081,438.302551,329.483459,110.670593,236.005341,41.443821,117.346397,53.774876,54.157677,151.712585,480.234589,76.682449,574.299927,49.204472,42.515327,117.335526,534.299988,138.008011,139.680603,235.439835,48.364105,248.094879,84.239204,114.250000,159.395630,40.415195,69.621895,176.137283,82.093117,198.679169,45.278912,75.932030,218.276062,113.413902,57.638012,187.220932
2022-02-01,170.862503,298.070587,151.193497,136.515701,316.516144,313.959991,310.416656,24.589035,135.591812,224.997696,151.186111,44.490822,143.179123,382.254517,69.661171,434.444214,331.027588,113.586311,238.784821,42.162384,117.440689,53.378246,54.789955,150.680847,483.352997,76.569054,587.153198,48.939312,42.821949,117.096169,535.979980,138.147827,141.165634,235.022400,49.982231,249.397034,84.566864,116.779999,160.994095,40.392433,68.828720,176.878082,82.584625,200.026245,45.399483,78.433968,219.195679,115.078140,59.754898,190.741333
2022-02-02,172.066055,302.607849,150.612503,146.786789,320.485016,319.600006,301.886658,25.191835,134.506378,227.960724,152.858276,44.471870,145.742599,386.827148,69.480171,444.989685,335.543640,114.108765,241.237289,42.117477,118.829399,53.924725,55.779972,153.417496,496.292206,77.948494,596.854858,49.646404,43.459400,119.710587,533.090027,138.604523,139.338654,238.007935,50.278893,255.595261,85.099228,122.760002,166.810806,40.847977,69.274330,178.781769,84.232140,200.244888,45.918865,79.008049,219.894608,116.538551,59.809814,190.360458
2022-02-03,169.189194,290.820557,138.845505,141.917068,235.908691,315.230011,297.046661,23.900410,133.393997,224.203674,152.849442,44.516079,147.122894,380.314301,68.670067,453.327820,327.535065,113.089111,235.447540,41.704300,120.638161,54.303730,53.692715,153.330078,496.806366,77.419388,587.765686,48.789059,43.072094,119.775024,510.829987,135.435577,136.808228,236.519699,49.818356,251.671448,85.025497,120.080002,155.932205,40.840385,67.527550,165.163132,84.477890,195.967606,44.778080,77.859894,215.296387,116.988586,59.980625,186.319916
2022-02-04,168.905060,295.348175,157.639496,142.118393,235.243912,314.989990,307.773346,24.270664,136.856674,221.153458,151.849686,43.991947,144.783478,372.641052,70.161026,448.133850,322.920319,114.504829,233.004700,43.366005,120.569565,53.730808,54.553318,150.812012,494.902100,77.580017,587.261841,48.744854,42.765472,119.406815,513.539978,135.510147,138.752457,235.993408,50.865845,249.692184,84.845322,123.599998,152.229080,40.475937,67.741440,164.956406,84.659966,194.279495,44.866856,78.716721,210.661484,116.453674,60.401562,184.295059
2022-02-07,168.189819,290.530914,157.935501,138.059952,223.158752,316.510010,302.446655,24.678858,137.314194,219.962479,151.345367,43.559383,143.698959,366.722992,71.005600,448.625488,320.837372,116.754807,234.235718,43.572605,122.181198,54.294910,54.319450,150.217499,491.207733,76.285606,579.980713,48.762527,42.934917,117.878677,507.100006,135.277115,139.231186,235.802780,51.768841,247.539291,84.837143,123.669998,150.923660,40.240570,67.447327,165.800568,85.588371,195.521545,45.025726,79.633522,208.776230,116.530067,60.944500,185.604752
2022-02-08,171.295746,294.015991,161.413498,138.256317,218.465591,321.440002,307.333344,25.058102,139.897751,220.717712,151.743515,43.568859,143.376282,365.006927,69.169930,457.631378,324.509460,114.976746,230.734909,44.354057,123.021286,54.647480,55.483242,150.401062,496.215973,76.332840,580.454895,48.912796,41.716507,118.430992,511.309998,133.776520,139.201874,236.011505,53.051094,247.947311,85.058289,128.229996,153.303619,40.103905,67.251259,167.592270,86.535019,210.811279,45.614487,78.254051,213.135269,116.343292,60.584576,187.165176
2022-02-09,172.716385,300.435699,161.189499,140.431335,230.193573,322.380005,310.666656,26.651926,140.480850,223.554916,151.725800,43.474140,143.053574,371.831848,68.838791,461.981323,327.140076,116.114357,233.966446,44.264221,122.755508,53.801315,56.511162,150.331146,503.528564,78.846100,582.746887,49.752468,41.530918,120.124840,521.750000,136.321014,143.842590,235.811890,53.331032,253.494461,85.263046,132.850006,156.926880,40.620201,68.320732,169.366760,87.381516,207.469940,46.642471,79.642075,214.882599,116.997086,60.547977,189.115799
2022-02-10,168.640503,291.911438,159.003494,137.483704,226.294159,319.850006,301.516663,25.772680,139.897751,218.797577,149.894348,42.965786,140.875519,365.026428,68.176552,451.426483,318.808258,114.639656,230.475250,44.057636,122.335503,54.101006,54.664242,147.209778,493.673798,77.334366,573.292175,48.497379,40.828922,117.611679,495.019989,134.978867,148.659180,233.098557,53.321991,244.978409,86.057526,125.769997,151.554153,40.270939,67.242355,165.171768,86.525909,200.148697,45.661217,78.750984,209.125656,114.737038,60.267345,188.623535
2022-02-11,165.230865,284.825623,153.293503,133.181732,217.840515,319.140015,286.666656,23.901403,138.076691,217.924683,148.381470,42.728996,140.086731,360.521942,69.893166,443.459320,314.498688,116.973923,226.724396,43.042652,121.735428,53.140263,53.005898,147.393417,485.285278,75.350220,559.470459,47.640038,40.974155,115.521996,473.970001,130.654175,146.031067,231.546814,52.653767,236.696716,88.424568,113.180000,145.994965,40.483532,66.805656,161.071548,86.717041,199.606384,44.511734,80.533531,207.755402,114.023834,59.071648,186.923691
2022-02-14,165.466019,284.786926,155.167007,134.415054,216.004883,314.279999,291.920013,24.218771,136.793884,218.555145,146.514603,42.293278,140.490082,364.802185,68.821358,439.999786,315.638947,115.170570,226.656799,42.593529,122.584122,53.484005,53.482880,145.749664,482.324127,74.594337,554.432007,47.003662,40.183407,113.027275,474.010010,131.968369,147.379303,229.940628,52.238392,235.689728,89.472961,114.269997,144.281036,40.445576,66.769997,160.813126,85.169670,197.850800,44.465008,78.837097,207.792160,111.841110,58.931335,185.669724
2022-02-15,169.296982,290.067596,156.510498,135.488693,219.279190,316.200012,307.476654,26.442347,138.794357,220.960434,148.027557,42.425888,140.561813,371.997589,67.958702,443.552124,317.165253,114.327522,235.493622,42.925877,124.092819,53.686745,55.718960,145.102692,489.331909,75.369125,549.966614,47.967072,40.175335,114.131958,479.500000,135.687210,151.160263,230.321762,52.716988,233.580231,89.825157,121.470001,147.566818,40.513905,66.921516,163.259506,85.597481,197.559708,45.268703,77.226776,209.769394,111.660667,61.566769,188.939301
2022-02-16,169.061829,289.728973,158.100494,136.608917,214.853912,315.649994,307.796661,26.458311,139.045547,221.930344,147.939072,42.160664,141.628448,373.352814,68.272408,445.240112,314.319092,114.361588,237.174057,42.827065,125.044373,53.677925,55.205006,145.399948,487.884674,74.821129,543.722473,47.949383,40.086582,113.855789,477.700012,136.535400,152.752762,229.668396,52.500259,232.382263,91.381348,117.690002,149.405106,40.544281,67.046280,162.854630,86.243729,196.430466,45.072453,77.683167,208.766998,111.007584,61.865692,189.152969
2022-02-17,165.466019,281.245117,154.652496,131.452545,206.092697,313.549988,292.116669,24.458296,135.843002,217.847107,147.036621,43.849857,143.250763,364.353699,68.167831,436.234222,312.388824,113.774025,232.721848,41.380947,124.272835,54.753242,53.521706,145.793396,490.369812,71.363022,534.030640,49.292850,39.457211,111.002022,457.709991,133.096146,149.431000,227.708282,50.703300,233.753876,91.651634,112.370003,146.216980,40.680935,67.179977,159.004227,85.888756,195.565903,44.455662,78.501259,205.805756,107.389832,60.066029,180.886108
2022-02-18,163.917984,278.536469,152.601501,129.334045,204.554779,314.799988,285.660004,23.595015,136.479919,215.984909,145.460587,43.568859,143.322479,360.697540,67.409737,433.887634,311.428131,113.612228,232.084442,41.282139,123.467056,55.123440,53.613216,146.632751,488.141724,70.455986,530.671509,50.565609,39.158642,107.513077,442.559998,133.235977,147.877563,227.408829,50.233742,231.722488,91.414108,113.830002,148.073029,40.870754,66.083778,156.885178,84.987625,194.763138,42.091301,77.183731,204.794159,106.857040,56.546005,178.294586
2022-02-22,160.998199,278.333282,150.197495,128.749405,200.506516,314.160004,273.843323,23.343519,136.237701,214.656189,143.483826,43.082619,141.556747,359.079010,66.625496,428.972015,283.864899,112.743660,230.944824,40.922848,124.778603,54.894264,53.379349,147.192352,478.153625,70.030830,523.508911,49.761299,38.351746,108.175880,438.399994,128.799423,144.682800,229.314499,49.917686,231.071457,88.940567,115.650002,148.028610,40.923901,65.754005,157.255569,85.142365,195.327744,41.764206,75.633682,197.345108,106.487518,57.436691,177.607239
2022-02-23,156.834106,271.126343,144.826996,126.542130,196.904816,309.989990,254.679993,22.342505,133.385040,209.447845,143.555038,42.640579,139.790955,352.195557,66.895622,426.291626,276.933746,115.426018,230.152893,40.222237,125.807259,54.286095,52.245129,145.740952,471.564697,68.471848,522.214661,48.117317,37.819195,107.936539,429.450012,127.531830,142.513870,224.858871,48.716705,227.781311,88.940567,109.760002,147.096146,40.551861,64.452835,154.154572,83.959068,194.966019,41.726830,75.978134,197.804901,104.897774,56.521610,173.390213
2022-02-24,159.450165,284.979156,151.358002,131.603302,205.983551,308.279999,266.923340,23.700802,129.671173,210.757202,140.812531,42.476406,136.026413,360.141663,66.050392,422.832062,281.234283,114.829941,234.759613,39.162342,124.529984,53.334179,53.614143,143.205383,481.390930,70.682755,533.665161,48.373638,37.084927,109.289764,463.820007,127.848694,145.962662,222.354279,47.596985,235.741821,84.190094,116.610001,150.603943,39.929272,67.233437,157.930923,86.265587,193.439804,43.661312,75.547569,196.259918,104.811852,56.454506,171.551086
2022-02-25,161.517487,287.610474,153.788498,133.357315,208.841125,319.239990,269.956665,24.108990,132.739136,212.667847,147.811279,43.060520,141.834579,359.858948,67.827995,441.251923,284.295807,119.538948,242.263687,40.437809,128.190384,55.396679,54.354568,147.218536,492.731140,72.137787,543.208801,49.531494,38.505074,112.686661,465.540009,129.367981,146.089676,226.365250,48.861183,242.417542,86.196754,121.059998,151.696243,41.090939,68.766342,163.318253,89.807739,200.285675,44.586498,78.595993,201.566193,106.710960,58.791023,173.752472
2022-02-28,161.782013,289.042175,153.563004,133.949905,209.386841,321.450012,290.143341,24.336536,127.204254,209.612701,146.537994,42.675312,139.728210,351.795807,68.333389,441.363220,283.559662,122.621529,241.394470,39.701279,126.673088,54.859020,54.301899,143.161682,494.406921,71.778763,537.449036,49.292850,37.875683,111.038826,467.679993,127.270859,145.044312,223.353989,48.192963,238.215866,82.781319,123.339996,150.959167,40.749275,70.141907,164.348984,93.999741,199.800430,44.577148,81.687454,203.295135,105.275887,58.266369,174.235474
2022-03-01,159.900833,285.327454,151.141998,132.962585,201.905563,316.839996,288.123322,23.430344,122.404915,202.677994,146.030457,42.937389,137.415710,335.864441,68.986931,441.715668,287.528046,127.492348,240.959854,38.147362,126.604523,54.621037,52.700855,141.876450,497.910828,71.816551,536.530212,48.276413,36.915478,108.783455,466.679993,123.235100,142.347778,218.663666,45.411736,236.149826,83.084389,113.830002,148.561432,40.703716,69.398125,159.022247,94.027206,198.680099,43.754765,83.495842,203.699783,104.279068,56.326393,169.823410
2022-03-02,163.192932,290.396484,152.052505,133.468384,206.489578,323.640015,293.296661,24.175983,124.943642,202.202744,147.846909,42.991055,137.845917,335.484222,70.171989,450.183685,293.920563,131.256104,245.470032,38.767132,128.216110,55.026482,54.148438,143.843674,502.738342,73.961319,549.749207,49.628727,38.488926,110.799500,471.179993,126.459946,143.950073,219.859055,47.154522,238.294037,83.985336,118.279999,151.056854,41.106121,69.496696,161.482086,92.205803,201.661880,45.670551,84.425873,210.284393,106.435974,57.442795,178.907593
2022-03-03,162.869568,286.265778,147.898499,132.801910,201.389603,327.739990,279.763336,23.670904,124.055504,200.990387,150.019547,43.979321,138.356842,332.461731,70.616409,451.305847,291.218109,133.027313,249.786987,38.351925,128.936157,55.061741,53.484730,143.689636,507.546722,73.932976,547.615234,49.558014,38.593815,111.361069,459.079987,124.866150,142.220795,215.944397,46.269585,240.090988,83.936195,111.980003,151.856094,41.500931,70.607933,162.417480,91.372894,205.234802,44.792099,83.883385,208.095642,108.214775,56.399601,180.988297
2022-03-04,159.871414,280.403473,145.641006,130.825241,198.502243,325.339996,279.429993,22.894318,120.565910,194.259354,150.910004,45.093872,139.055969,322.487640,73.274117,462.491364,291.128357,135.096558,253.872208,36.961903,129.064743,55.149876,55.092236,145.872208,500.357910,72.270065,540.729065,49.946915,39.255478,111.766098,452.130005,122.544769,137.482361,215.177917,44.057240,236.592514,81.741127,108.410004,150.950287,41.842606,71.880463,162.339539,91.153206,205.473022,44.922928,86.346230,206.063263,108.807701,54.380325,181.740662
2022-03-07,156.079666,269.810791,137.453003,125.342545,186.010284,322.720001,268.193329,21.313196,115.910149,184.958099,153.340851,44.730770,136.994415,305.093842,75.914375,451.565582,289.790558,137.983246,252.684296,34.606098,128.113235,53.836582,52.754471,142.967972,503.233429,70.219772,528.310364,49.133751,38.714855,109.418640,437.970001,116.248451,130.428497,204.702362,41.366306,228.328201,76.335396,102.949997,146.430145,41.516117,75.438187,157.775024,89.871803,206.752228,44.558460,87.207352,204.398697,108.335083,52.133301,182.706665
2022-03-08,154.257294,266.850555,136.014496,126.062592,188.808334,318.519989,274.799988,21.474903,115.093811,185.937698,150.233261,43.805672,131.571625,306.468536,76.489479,439.127991,284.376709,145.212830,251.032867,34.831753,126.141594,51.703564,53.239777,138.937225,498.320221,69.284401,517.689941,48.081970,38.279129,106.887085,431.529999,113.231056,128.718735,203.297119,41.953255,223.336639,76.966080,105.529999,148.605835,40.430386,73.439766,158.710434,86.814766,203.876251,44.390251,85.080360,205.318375,107.999931,53.824673,195.060501
2022-03-09,159.655930,279.087830,139.279007,132.326309,196.954422,325.399994,286.323334,22.972178,119.704742,193.745285,150.803131,44.032997,133.346375,319.923431,72.141312,450.359863,286.508423,141.585266,253.794998,37.043148,127.590271,51.967979,55.187447,138.523560,502.405151,71.901596,535.176697,49.425434,39.336166,108.985985,450.869995,118.593201,130.575043,203.005081,44.391342,229.890808,76.835030,111.050003,153.152649,40.301311,71.979042,160.581284,90.173851,204.193832,44.511734,82.849991,207.727798,108.463974,55.717533,194.856171
2022-03-10,155.315430,276.272766,146.817505,131.343964,193.690033,325.299988,279.433319,22.616823,118.287376,192.009232,151.070282,45.033894,129.913437,316.471893,74.380768,455.804230,287.176727,145.459793,256.914398,36.709179,127.873184,51.016064,54.328701,135.980194,507.232422,72.421242,531.768250,48.355968,39.699261,107.706398,438.950012,117.733749,130.565277,202.576218,44.255890,229.031342,75.262466,106.459999,153.410156,40.415195,71.835663,159.680496,90.164719,200.215103,43.605244,85.872581,206.155212,106.857040,55.766384,196.723145
2022-03-11,151.602051,270.932861,145.524506,128.805923,186.149216,326.600006,265.116669,22.059837,115.623093,190.787140,150.794235,44.857075,128.371780,316.666901,73.997345,449.180939,286.138031,145.527878,257.184814,36.402283,127.778885,51.051319,53.415401,135.293716,502.186096,73.526703,523.429871,48.338280,40.562645,104.963089,416.380005,114.557587,128.718735,207.020126,43.768276,227.894165,72.788933,104.290001,151.287766,40.270939,71.064980,157.844299,88.709396,201.891312,42.829578,84.744522,204.352737,106.521904,56.346474,199.546906
2022-03-14,147.575119,267.421265,141.852997,124.918556,185.176849,329.980011,255.456665,21.291235,116.771309,194.298141,152.877869,45.482235,130.012054,320.371887,71.348366,453.878632,287.556030,141.968491,259.792358,37.187565,130.384888,51.992767,52.486393,137.194687,500.786377,72.818054,529.426941,47.993584,42.160294,106.343956,411.500000,109.830673,126.061333,206.390488,45.023445,231.653046,73.378624,102.250000,148.055267,39.860947,71.047035,158.675797,88.819229,202.208862,41.493198,83.142799,208.307175,106.504723,56.450260,200.113510
2022-03-15,151.954788,277.781982,147.366501,128.138947,190.534775,332.549988,267.296661,22.931248,118.843567,199.933212,156.840256,46.028477,134.690872,326.621521,67.287743,463.171692,296.751099,134.781509,266.031250,37.458344,133.625259,52.951973,54.793659,139.931732,516.373047,76.153328,544.313904,49.142593,42.128021,108.148262,421.660004,111.540222,131.112381,212.221390,45.249207,235.160187,75.893127,109.330002,153.028305,40.058353,73.466660,162.651352,89.350098,204.282059,41.876354,81.851089,212.500717,107.965576,56.389202,201.060944
2022-03-16,156.363815,284.785767,153.104004,132.187958,202.044479,336.109985,280.076660,24.451483,124.154190,205.490707,155.397766,45.892704,134.233749,336.059448,67.035057,463.497223,298.891754,134.296127,266.977722,38.631733,133.770950,52.809868,56.121075,140.547760,517.391968,75.548630,556.086975,49.328209,42.700916,109.989403,442.359985,116.949059,134.961731,217.304047,46.594662,241.262955,76.802269,115.370003,156.589371,39.853352,73.941620,165.457626,87.684280,204.379089,43.577209,81.653023,212.739822,109.168633,57.824123,200.707947
2022-03-17,157.372986,285.588593,157.238998,132.741882,206.221680,344.970001,290.533325,24.720995,125.724045,207.023132,157.427948,45.962425,134.654999,337.775482,68.821358,471.646027,303.814484,136.620804,275.737335,38.839333,135.948318,53.369411,55.709721,141.639069,526.342346,76.153328,565.675476,49.646404,43.766018,111.572784,444.359985,119.022949,136.261154,216.692673,46.486305,244.283936,76.441887,111.690002,158.489807,39.754650,74.102936,166.237137,89.469109,208.075485,44.053806,85.106178,215.544739,109.959206,58.330917,205.928162
2022-03-18,160.665039,290.628632,161.250504,135.009644,214.804321,342.410004,301.796661,26.404926,125.679207,212.512711,155.682693,46.098717,134.583282,341.334167,68.551239,470.808838,307.770630,137.719299,277.794342,38.721992,136.471237,53.378292,56.425190,143.267227,534.492615,77.173744,582.322083,49.469627,43.983883,112.723473,453.329987,122.600815,137.072021,218.015808,46.432114,253.650726,76.908737,113.459999,159.937332,38.570202,73.816154,168.653625,89.258568,208.419540,44.343521,85.769241,216.731064,110.646667,58.367561,205.194366
2022-03-21,162.036743,289.400024,161.491501,134.985840,209.843262,349.660004,307.053345,26.685415,125.275505,210.505005,156.564240,45.715195,135.094238,336.936951,71.627190,472.241333,297.500824,140.197250,279.725952,38.667847,137.199875,53.804607,55.958008,143.064774,528.951172,76.493462,582.529663,49.496143,43.725677,112.088310,453.589996,121.619919,135.430679,214.730804,46.179279,251.115891,77.105324,115.919998,160.257034,38.797981,73.305344,167.181213,91.473557,208.481323,44.287453,88.490440,209.309570,110.079521,57.897396,207.795151
2022-03-22,165.407257,294.140167,164.889008,138.721466,214.963074,349.929993,331.326660,26.475798,127.939842,211.891953,155.825119,45.578911,136.133942,340.788177,71.313507,470.064667,297.825989,139.728928,275.264038,39.877338,137.165588,54.000000,56.893299,144.631287,532.654907,77.287132,580.611938,49.646404,42.797745,112.207962,466.450012,124.329041,136.886398,217.285797,48.211033,255.135208,76.703987,114.779999,161.935440,38.722061,74.246292,168.922150,92.791573,208.613663,45.221977,87.637924,210.109650,110.904457,57.946239,206.866318
2022-03-23,166.769119,289.719360,163.408005,137.142014,211.797897,348.160004,333.036682,25.587418,125.392159,208.216064,155.237488,44.992538,135.183884,333.621918,72.437584,468.120483,286.372864,141.236130,274.462433,38.893490,135.802597,53.644737,55.780254,143.874420,527.513550,75.954918,564.746277,48.152672,42.111889,107.632729,422.899994,124.244957,134.473236,215.460800,46.161217,248.320602,75.749352,113.919998,159.031540,38.699291,73.995369,166.592285,92.654289,206.593369,45.109840,89.876884,203.166397,110.251358,57.213520,206.364716
2022-03-24,170.551102,294.178986,163.649506,140.411514,217.860352,352.369995,337.973328,28.098845,126.208466,210.766876,156.038864,45.271458,135.416870,340.612671,72.655426,477.636749,285.225739,141.610825,277.842621,38.875439,137.397034,54.159874,58.297615,144.745728,531.407715,77.702843,567.099060,48.170357,42.434639,108.461258,432.140015,123.385536,135.762863,219.238586,46.350853,248.954895,76.853401,120.529999,163.587204,38.722061,75.008041,168.627686,93.093628,208.966492,48.240513,90.023277,201.557022,111.067726,57.469975,206.401901
2022-03-25,171.187958,293.772552,164.773499,140.511673,220.092834,358.760010,336.880005,27.641674,127.311859,211.853149,157.534790,45.467972,136.985443,340.290894,74.241325,477.236725,280.619232,144.173920,279.127106,39.471169,138.297165,54.648357,58.524700,145.423386,529.122559,77.220978,567.692078,48.585766,42.587955,109.501495,431.619995,124.898903,135.938721,220.443100,47.461544,249.823730,77.575615,119.669998,164.199966,38.934643,75.223106,171.312714,93.752640,210.660355,48.436764,92.572243,195.809311,112.872307,57.408916,207.470062
2022-03-28,172.050171,300.563660,168.990494,140.295975,221.849060,359.570007,363.946655,28.167721,126.369934,214.122742,158.345078,46.276222,137.926605,341.724121,72.158730,477.394897,283.870880,141.653381,281.676758,39.308697,138.845779,54.994736,58.897873,145.854645,538.168030,78.987801,576.489746,48.736019,42.991398,110.458893,450.010010,125.935829,135.528397,221.684067,46.784298,253.247040,76.430031,120.239998,164.892624,38.851135,75.662224,170.723740,92.983780,212.142441,48.137711,89.127708,196.600174,112.975449,56.175491,206.067505
2022-03-29,175.342270,305.119965,169.315002,141.337341,228.070206,355.119995,366.523346,28.603926,126.648033,221.251373,158.264954,46.666080,139.342819,358.357452,71.775330,475.097137,286.968994,139.924789,278.518677,39.209404,139.025803,55.207893,59.697300,148.019577,542.709778,79.639748,586.058594,49.204472,42.555683,110.643005,466.329987,129.980789,139.104187,226.456451,46.594662,257.044037,77.725052,123.230003,169.625946,38.911873,75.832504,171.096161,92.516998,213.086380,48.829269,86.707878,201.924896,113.379311,57.793591,205.315140
2022-03-30,174.176331,303.620483,166.300995,140.775024,226.075867,357.609985,364.663330,27.639679,126.073914,217.206970,159.912201,47.502853,138.383713,353.180328,73.003983,484.483185,278.614044,140.912506,279.967316,38.812252,140.371658,55.252308,58.731300,147.817184,548.889160,78.761063,588.312317,49.540333,42.313602,110.817902,460.059998,129.420288,137.716827,227.241226,45.249207,258.364685,77.982384,119.220001,166.464447,39.185211,76.621109,170.230011,92.288155,213.995071,48.062962,87.321144,192.654922,113.542618,57.750847,207.210007
2022-03-31,171.080185,298.251526,162.997498,137.927536,220.628632,352.910004,359.200012,27.236412,122.288292,215.092621,157.810837,47.201744,136.958572,348.441864,71.967026,474.390198,270.367401,138.656006,276.567871,37.205612,138.965790,55.065796,58.600082,147.306717,548.298950,78.165817,583.864197,49.284016,41.772991,108.958374,455.619995,125.702240,134.004272,225.644379,43.759247,254.863129,77.982384,109.339996,162.938919,38.676502,75.913162,168.532379,90.677261,213.333450,46.315388,86.371056,185.941574,111.729431,55.870186,206.968521
2022-04-01,170.786270,299.325439,163.559998,139.001648,223.099258,351.880005,361.529999,26.663456,121.382248,219.544434,158.665604,47.864193,139.011154,354.867004,72.428879,476.827515,272.679718,139.839600,282.652191,36.916775,139.454376,55.838486,58.348808,149.401291,548.032288,77.485527,585.534790,49.195637,41.611618,109.160904,458.190002,124.730751,133.847961,227.441986,43.985001,253.438217,80.339951,108.190002,161.695663,39.572422,76.809303,169.788330,91.684067,214.480270,44.960312,86.872017,186.134720,111.841110,56.474682,204.135452
2022-04-04,174.832764,304.694336,168.346497,141.799515,232.068832,345.429993,381.816681,27.310278,121.920509,220.882874,157.134109,47.873699,138.105850,357.733459,72.463715,474.436707,276.012634,139.967316,281.445007,36.853584,138.777206,55.545403,59.081215,149.014084,547.613403,79.431877,583.359924,49.381245,41.103260,109.437050,468.809998,125.496750,135.391617,225.233749,43.759247,251.318176,79.924881,110.529999,162.255096,39.830578,76.728638,169.822952,90.887787,216.024109,45.978943,86.846092,187.716461,111.944260,56.187706,205.101486
2022-04-05,171.521072,300.737762,164.054993,139.438538,230.034790,344.799988,363.753326,25.883875,120.501663,219.282532,158.149170,48.009995,138.589874,354.233246,72.089035,481.636780,275.362366,139.107285,282.478333,36.230797,140.097305,55.483231,57.152008,149.172485,547.794495,78.364220,577.567322,48.873993,41.345337,109.989403,458.579987,123.591019,132.499710,226.766754,43.452229,249.684708,79.410194,106.820000,157.344238,40.073532,77.364922,167.709564,90.439285,215.750626,44.979004,84.686806,188.406189,110.758369,55.015350,200.652222
2022-04-06,168.356400,289.728973,158.755997,135.428680,221.561310,344.709991,348.586670,24.362646,118.829788,212.415680,162.262924,49.125690,140.570786,344.707550,72.890717,494.650635,269.653900,140.342041,295.371429,35.833645,144.794952,56.042763,56.024094,151.715881,556.811096,77.589478,580.661194,48.384537,42.660572,110.412865,444.329987,119.910400,129.519913,229.458633,43.244537,251.387680,82.199440,103.669998,157.406403,40.392433,77.508286,167.700912,90.118942,220.488052,44.427628,84.246323,184.525330,111.188049,54.899326,200.828735
2022-04-07,168.660126,291.537994,157.784500,134.774582,221.214050,346.510010,352.420013,24.164003,118.468300,209.641785,161.844452,49.616985,142.390320,341.280640,74.110626,499.487976,273.456512,142.292053,297.872711,35.553833,148.541061,56.344746,56.121803,151.856750,578.958435,77.342850,605.176331,48.615921,44.508362,113.570396,452.720001,120.863235,128.835999,232.104874,43.109100,260.363007,82.739029,103.720001,157.717224,40.476952,78.037041,166.904099,92.425446,221.996582,44.446323,86.336502,186.355408,110.466225,54.624561,200.540756
2022-04-08,166.651550,287.281586,154.460495,132.194916,220.598862,353.100006,341.829987,23.076986,120.637230,210.446838,162.165009,49.892746,143.501755,343.936218,75.670387,507.869293,281.007568,144.701920,301.021149,35.806564,149.981216,56.691124,54.628139,152.367157,571.331482,76.773720,601.864929,48.304440,44.516426,113.459938,445.339996,119.714211,128.835999,229.458633,44.003063,260.041473,83.071075,101.000000,154.617935,41.137867,77.149826,164.704071,91.894608,222.331833,43.941673,89.005386,190.052368,109.761559,54.795532,201.590408
2022-04-11,162.399261,275.953583,151.121994,127.767509,214.774582,352.019989,325.309998,21.877169,120.194397,208.283981,160.134857,48.903824,142.955017,339.152222,73.064964,499.943634,277.042450,140.980698,298.384491,35.734356,145.583618,56.673359,54.033466,151.900726,556.696899,75.654472,578.941284,47.058571,43.515888,110.504913,434.440002,116.752876,127.644043,228.537003,44.544857,252.942947,84.042328,97.370003,152.690826,41.422211,75.796654,163.933228,93.459732,221.317291,43.521133,84.626373,188.148697,108.592896,54.752781,200.680115
2022-04-12,164.270660,272.858002,150.787506,126.667587,212.472626,349.739990,328.983337,21.464922,118.874977,205.034851,160.188278,48.567844,142.524780,337.619385,74.589867,496.473816,276.654022,143.918488,297.534698,35.355255,143.423401,57.339478,54.448524,152.516800,553.545410,75.246582,564.380493,46.115257,42.854237,108.985985,426.769989,116.808952,127.829681,227.369003,43.723129,243.924194,83.419724,95.099998,153.632187,41.245453,75.178314,165.422989,93.908211,220.585098,43.455711,86.371056,187.734879,108.257736,54.954285,201.283890
2022-04-13,166.955276,278.236511,155.541000,128.829208,213.316025,346.220001,340.790009,22.162651,115.043221,206.848541,160.864990,49.832516,142.928116,346.738403,75.644241,499.534454,280.384338,146.183624,292.309906,35.039337,137.414978,57.490471,55.143715,152.252762,562.809692,75.644981,570.173218,46.408936,42.846161,110.427788,431.670013,119.097656,129.304947,229.340042,43.831493,246.513367,84.009132,97.739998,155.505936,41.606655,74.873611,168.766266,94.612991,223.646317,43.932320,86.569710,188.994766,108.395226,55.412235,202.742203
2022-04-14,161.948593,270.700684,151.706497,125.691162,208.543457,344.329987,328.333344,21.219364,113.976845,206.382965,160.188278,49.788139,142.130371,349.354950,76.533035,497.506500,275.055267,146.115448,291.527588,33.911083,140.319763,57.748024,53.404358,151.284668,562.143372,75.360428,562.364014,45.536808,42.862301,108.773415,420.440002,124.674690,127.468201,228.591751,41.853928,240.657242,84.482292,93.059998,154.218292,41.368412,74.210457,169.060745,95.436752,224.096237,42.680050,87.554329,185.104691,108.756142,55.461086,211.603500
2022-04-18,161.733032,271.368195,152.785004,126.629913,209.128876,346.649994,334.763336,21.743414,116.091545,206.751556,158.193710,49.407791,140.776917,348.359161,77.160446,496.818146,271.162292,148.073990,288.591736,35.066422,137.769440,57.232895,54.581608,149.982147,554.269043,74.193741,565.556885,45.483425,41.829468,107.479469,425.470001,122.965118,124.830315,229.093643,42.594379,238.997772,83.884598,93.889999,156.793625,41.030285,73.224693,166.358414,95.464195,222.252441,43.586548,89.368134,182.566498,108.421028,55.198536,213.563370
2022-04-19,164.015930,275.992279,158.115494,128.943268,215.617950,348.500000,342.716675,22.157661,118.495415,209.205368,163.019852,49.968803,142.883286,355.261810,76.472069,500.185547,278.017853,146.319855,286.843597,35.716293,135.167236,57.792442,55.616459,152.164764,565.866150,75.464760,567.553711,46.124161,40.490021,110.889908,436.399994,128.028381,128.865295,233.053909,43.190369,237.286072,85.154694,96.930000,159.013748,41.306938,73.332214,170.801682,95.693024,223.522797,44.792099,87.718437,187.478790,110.981804,56.114433,215.644028
2022-04-20,163.849380,277.017700,153.998001,126.990433,198.859467,348.820007,325.733337,21.442963,118.911125,211.232437,163.741089,50.596394,146.683716,356.648315,76.646324,507.915741,284.647705,146.915909,282.893677,35.797535,135.469818,58.582897,55.625778,154.426544,574.654541,76.157211,584.358459,47.183159,40.143055,113.348389,428.109985,126.926018,121.703941,233.464584,43.930820,243.611389,85.544861,94.019997,159.333466,41.814152,73.045464,170.056793,96.077446,225.296005,44.960312,88.677155,192.741913,118.861824,55.809128,218.356308
2022-04-21,163.055740,271.648773,148.296005,123.791367,186.605621,343.600006,336.260010,20.146320,117.989342,209.932800,163.269150,50.672459,146.569290,355.818390,75.835968,499.943634,280.330170,140.146164,279.696960,35.120583,137.043243,58.804943,55.161388,153.872086,563.428650,75.388878,573.761597,46.969578,39.626644,114.023056,417.480011,126.543037,118.860901,232.917038,43.145214,241.752045,87.213417,89.849998,157.388611,42.275249,68.268959,169.710327,93.111931,225.366638,44.390251,85.222305,189.316269,120.176582,56.004520,216.024872
2022-04-22,158.519318,265.089996,144.350006,118.654823,182.676453,335.559998,335.016663,19.479532,114.600395,201.902084,161.648605,49.718410,145.343353,342.872101,74.180344,484.594849,271.071960,137.055069,269.189392,33.902061,133.991501,57.952297,54.623486,151.504684,544.347473,72.287201,554.831665,45.705902,38.835888,110.575676,408.670013,120.573662,115.548889,228.281464,41.844898,229.865952,85.246025,88.139999,153.907486,39.892895,66.270523,165.111176,91.976974,220.858566,43.493099,82.924828,181.957047,118.801666,54.386417,201.875839
2022-04-25,159.587341,271.561707,146.074005,122.065132,185.534042,336.950012,332.673340,19.865829,114.564247,203.628479,165.628830,49.743778,146.515152,346.211182,71.679504,487.692505,275.434570,134.108795,275.437866,33.658344,135.124008,58.565136,54.710033,152.904022,541.024414,73.017563,537.908264,46.222042,39.497543,110.917633,413.950012,119.518044,117.190231,230.754395,41.384373,226.303650,85.113182,90.690002,154.440323,38.640240,66.351204,166.141891,91.171524,222.464157,43.979050,79.167725,185.022659,119.532082,54.881012,202.249176
2022-04-26,153.630219,261.404175,139.391006,117.677399,179.541061,330.649994,292.140015,18.753855,111.175301,195.044952,164.444519,49.223957,144.027420,335.969330,71.705627,477.934448,270.936493,133.291275,273.148956,32.900158,135.020279,57.774685,52.121937,152.516800,527.265686,70.674690,510.506683,45.296543,39.562099,108.107941,399.119995,112.586479,113.106407,226.830658,40.255623,218.066818,85.312424,85.160004,149.582672,37.971634,65.930000,162.547440,90.787102,220.435120,42.539875,78.874031,184.293182,117.031448,49.208504,196.275940
2022-04-27,153.404831,273.980133,138.167007,113.357605,173.587769,329.579987,293.836670,18.381535,109.729347,207.663223,162.147202,48.887974,143.639832,353.016266,73.753365,477.962280,272.417755,133.044357,275.331604,32.719635,136.265152,58.227627,52.072620,153.880905,527.570496,70.911842,514.500366,43.881580,40.134995,107.876900,397.899994,113.259094,112.559296,225.516617,40.255623,219.196411,84.415878,84.910004,150.426361,37.241573,65.661148,161.404129,90.466743,219.482330,42.259518,80.376907,184.274734,116.060417,47.755276,199.691879
2022-04-28,160.331924,280.181061,144.596497,117.550941,204.128098,331.269989,292.503326,19.746046,111.464500,214.016022,163.358215,49.512390,147.290329,369.867920,75.984085,487.832153,281.594727,137.770370,287.094757,33.225098,135.132660,58.787178,53.878052,156.213074,535.982300,72.220810,552.468994,45.056267,40.756302,109.069160,410.529999,118.686646,112.637451,231.949768,40.788387,223.297424,85.013588,89.639999,156.163147,37.195454,65.858315,164.496231,89.771141,210.078125,43.773457,84.254982,189.417847,116.644753,47.462189,198.273239
2022-04-29,154.463013,268.466034,124.281502,113.174110,198.909073,322.829987,290.253326,18.513296,107.867699,206.712738,160.686890,48.491772,144.712463,354.783478,74.284920,473.069366,271.333923,133.410492,282.130676,32.205151,126.980293,57.383892,51.593334,151.117447,507.104004,69.621834,546.567566,43.587914,39.594372,104.900864,395.950012,116.491318,109.061661,227.359879,39.397785,218.197189,83.012970,85.519997,151.190063,35.581604,63.644814,167.605621,86.869675,205.720016,40.736229,82.501602,182.575729,113.611351,45.520470,196.499939
2022-05-02,154.766739,275.189392,124.500000,115.627342,209.486084,318.190002,300.980011,19.497501,108.852753,205.160904,159.066330,48.171638,142.756531,350.546173,75.295700,466.185577,277.268188,136.033249,279.648682,32.620358,127.836121,56.344746,53.637016,147.641159,504.462250,70.190956,539.252625,44.371029,39.005333,104.281609,407.290009,117.780479,110.888634,225.060349,39.433891,217.667160,81.825882,89.839996,154.520248,35.527809,62.614250,170.515839,86.238144,203.717453,42.016533,82.847115,187.571091,114.324577,46.131069,197.927887
2022-05-03,156.256073,272.587128,124.253502,116.372185,210.379074,318.989990,303.083344,19.566376,111.184341,202.280334,158.754669,48.339634,140.800568,349.325745,76.846756,464.762360,275.452698,138.366486,278.209686,33.513927,129.331787,56.025013,54.085571,147.843582,503.632477,69.517502,540.043335,44.424427,39.771889,103.911919,407.579987,114.772430,110.937492,224.357727,39.876362,215.920746,82.174545,91.129997,153.223679,36.250202,63.411808,170.663086,87.318169,204.837845,42.109989,85.446884,186.176849,113.877724,47.419445,199.374542
2022-05-04,162.663818,280.519562,125.928497,121.258804,221.670456,326.799988,317.540009,20.297049,114.862473,208.060913,160.455399,49.008419,141.837128,359.801819,79.905281,472.204163,284.801208,142.709320,284.805847,34.858826,131.052139,57.756901,56.178566,153.009644,519.225525,71.338676,556.511902,45.901676,40.070435,106.934166,423.350006,117.761787,113.516762,232.068436,41.519814,222.975922,83.477829,99.419998,156.500565,37.172394,65.472969,178.293716,89.478249,208.287216,43.493099,89.704964,191.283035,118.071259,49.110813,207.746323
2022-05-05,153.600861,268.301605,116.406998,115.550476,206.658218,318.679993,291.093323,18.809753,111.988647,199.060333,157.392303,48.588516,139.223221,345.010345,78.694069,460.204254,270.168640,141.576782,282.362488,33.884010,131.562195,57.295071,53.975758,149.955734,493.370605,69.052734,544.185181,44.148552,39.094093,104.447968,400.510010,110.820885,110.019112,227.140900,40.639122,218.874863,82.822037,93.870003,151.216705,36.765102,64.379662,171.382019,88.160225,206.743393,42.009579,88.841278,180.904465,116.799446,47.987312,201.530472
2022-05-06,154.326920,265.767120,114.772499,114.797699,202.183365,318.880005,288.549988,18.641062,111.807907,196.713196,157.045074,47.576916,140.611298,338.908081,79.896591,464.762360,265.833130,145.349075,286.737427,33.802769,132.124161,57.499336,53.986008,149.973389,480.056885,68.758698,540.399292,43.899380,39.570171,103.764038,391.010010,106.953407,107.752495,228.838089,40.448452,216.555054,82.133026,95.339996,149.714630,37.095551,64.944229,169.268616,87.226639,208.640106,41.726997,93.012985,177.552658,118.303253,47.767494,200.335831
2022-05-09,149.204926,255.948212,108.789001,111.588722,194.682251,312.959991,262.369995,16.919197,110.126999,187.188873,157.899902,48.133617,140.259781,320.230682,73.596504,452.483246,268.289978,135.607468,279.329987,32.827946,130.507507,57.383892,52.387177,151.108658,475.736694,67.857582,511.445831,43.570107,39.247410,99.253777,376.910004,103.889343,104.518661,225.835983,39.912773,207.979324,82.905060,86.360001,147.470459,37.364529,63.366997,167.995407,83.977394,211.057343,40.568439,83.952644,181.042953,116.929047,44.555717,192.533340
2022-05-10,151.608917,260.707703,108.859001,113.457275,196.111008,312.529999,266.679993,17.563025,107.442940,187.751434,157.686127,47.456036,139.520645,317.633575,74.084473,453.962372,262.987946,136.910324,275.920807,32.277363,131.484390,56.850990,54.106045,150.923874,478.244904,68.796623,520.184204,44.095161,39.933270,98.662254,393.029999,102.282547,105.202545,224.184341,39.113785,208.917740,82.083221,88.730003,150.420975,36.987957,62.721767,168.696960,83.922470,212.354187,41.453846,84.643639,177.404922,112.310684,44.763325,189.453461
2022-05-11,143.749313,252.049713,105.372002,112.671280,187.270401,311.540009,244.666672,16.599775,106.765167,190.796860,156.831360,46.959774,137.555725,318.160828,75.626823,452.232086,255.581360,138.936981,276.876923,32.105862,131.371994,57.117439,52.777107,150.193420,466.438110,67.373833,514.025879,43.294239,39.900993,97.821198,379.329987,100.815910,102.789368,223.043732,38.650745,206.015762,86.018036,87.919998,147.246994,36.795834,62.909958,166.315125,83.290909,212.292404,40.342384,85.541878,173.379089,113.719673,44.232086,191.525391
2022-05-12,139.883301,247.019363,106.930496,111.918991,189.750946,308.059998,242.666672,16.145605,106.674789,188.488937,158.380676,46.915241,136.996872,313.640350,75.970139,445.394897,261.660156,140.256882,281.811981,31.654558,133.386307,57.295071,53.192169,149.964523,463.672272,67.089279,519.759094,42.973869,40.991055,99.789833,388.489990,100.797241,101.910080,222.824738,37.960716,208.135757,85.810509,87.059998,148.328766,36.934162,61.395470,167.951752,83.730263,215.891800,40.351795,86.025566,177.007889,115.589645,44.745003,189.490753
2022-05-13,144.347870,252.601151,113.055000,115.099213,197.073456,310.359985,256.529999,17.673820,107.623688,193.600357,157.472443,47.096573,138.466034,324.926910,78.223724,451.534424,267.386719,142.947708,282.596863,31.744822,132.703369,58.369736,54.743546,152.886414,474.248871,67.506630,535.199646,44.104061,40.608707,101.555115,405.450012,105.570831,104.860596,223.600388,38.714294,216.511566,86.690437,95.120003,151.762115,37.026382,62.551506,168.482864,84.132988,214.727280,41.067654,88.884460,179.131622,116.198471,45.825771,190.704086
2022-05-16,142.807343,252.968689,110.810501,113.506859,198.482422,309.290009,241.456665,17.232622,106.873604,192.220444,158.567688,47.147465,139.818085,321.929565,80.063538,455.087921,267.350586,147.324631,290.106903,31.419884,134.406479,58.582897,54.225174,154.426544,471.635681,66.121773,533.183228,43.605709,41.218815,101.397980,402.859985,105.187836,102.760063,222.687836,38.323891,214.061371,87.919037,94.239998,150.653412,37.687298,62.838280,168.857208,84.645538,216.870453,40.577866,91.530594,179.805664,117.442200,45.569313,193.373322
2022-05-17,146.437881,258.115143,115.368500,115.518250,201.042328,314.600006,253.869995,18.143963,110.416183,198.235550,159.226593,41.784081,139.421524,330.843536,81.084694,458.166992,271.830627,148.193222,292.064209,32.484955,133.809967,58.423035,56.596420,153.537643,467.763672,68.180092,548.228210,45.029568,41.763859,105.862076,409.649994,108.270607,106.140450,220.488693,39.685791,216.320450,88.242798,102.470001,156.447083,37.610443,64.540970,173.297150,86.906288,218.186600,41.821186,92.849327,179.159286,120.347198,46.650085,198.879898
2022-05-18,138.175980,246.363266,107.112503,110.982239,190.743149,306.640015,236.603333,16.907217,108.527412,194.338837,156.270370,38.946522,130.732437,327.953583,79.799469,438.492676,257.586517,144.286835,286.046631,31.483061,131.778305,54.355267,53.099102,144.024048,409.520905,64.784348,535.941101,43.036160,40.999187,104.198441,397.880005,102.170448,101.900307,210.834396,38.233093,211.654678,88.143166,96.279999,152.262772,37.572025,63.626892,168.778824,84.764526,216.950485,39.890266,90.645645,169.731827,115.624435,45.917358,194.073303
2022-05-19,134.771133,245.451797,107.319000,109.479156,189.800537,304.149994,236.473328,17.092882,106.918785,191.792877,154.881332,37.877659,127.721916,324.360657,80.230804,445.162354,259.916901,143.256607,277.402893,31.094936,131.164520,53.289467,50.832085,141.867920,403.350403,63.589211,544.412720,37.127144,41.202557,103.921165,394.380005,99.433327,100.766998,208.963745,38.133224,216.615891,83.428040,96.669998,149.866608,37.733402,63.142967,167.716751,83.097954,217.670853,39.570004,90.758446,173.462173,112.771637,46.247086,192.972015
2022-05-20,135.006622,244.889420,107.591003,108.015251,192.033035,304.049988,221.300003,16.663656,106.042183,193.405960,157.588226,37.919018,127.803017,328.226898,80.864624,451.841370,259.402008,144.080795,289.593231,30.562403,130.550690,54.159874,50.551037,142.756760,397.151337,65.097374,548.771851,38.212841,42.683090,104.660553,399.089996,100.890640,100.063560,213.444168,37.833595,218.779297,83.967613,93.500000,151.824661,38.063862,63.824043,165.192062,82.941422,220.098572,39.230911,91.114151,170.535110,111.745346,45.947887,184.628159
2022-05-23,140.423004,252.733688,107.556999,110.574104,194.702087,310.200012,224.966660,16.867294,112.603172,201.694946,160.805405,39.000603,130.741455,340.187134,82.651642,457.748383,258.354309,147.429077,293.227081,32.376648,127.974480,55.829601,48.984783,145.740204,409.597198,66.434792,548.831360,38.577709,43.016594,106.314934,406.760010,101.479164,103.395111,217.176315,39.785671,219.926208,85.428642,95.070000,151.931976,38.171452,65.015930,165.044067,84.552750,221.468094,39.560581,94.584518,171.975601,114.084976,46.076122,190.536102
2022-05-24,137.724609,251.734985,104.099998,105.101349,179.868469,309.170013,209.386673,16.124640,114.193718,196.904221,162.561844,39.487316,133.066940,332.630188,83.100594,462.846008,260.061432,148.218948,296.483093,32.178074,128.908142,56.859871,48.783764,147.693985,417.446167,65.476768,542.514771,38.951469,43.447742,105.150375,398.410004,100.227379,99.252655,223.125824,39.304455,218.953064,88.508430,91.160004,150.081207,38.947651,66.915779,165.374863,85.823387,224.002533,39.249756,94.983604,170.470490,116.372398,45.502144,191.936035
2022-05-25,137.881668,254.546906,106.775002,104.937698,182.398621,308.640015,219.600006,16.944145,114.988983,198.080048,160.966705,39.245548,130.885666,336.603943,84.773163,463.339050,265.164795,150.597137,297.500519,32.349567,131.371994,56.904285,49.475220,148.706055,419.735046,66.235596,528.131775,39.156155,43.691795,104.614334,402.500000,101.077469,100.884232,222.660477,40.058041,217.493393,90.127167,92.650002,152.003464,39.377998,67.023315,165.792770,86.145660,224.998520,39.748978,96.475838,174.099304,116.885574,45.508259,195.351959
2022-05-26,141.080414,257.824371,111.077499,106.908905,190.137894,312.500000,235.910004,17.818562,116.977173,202.656998,160.823318,40.082188,132.030396,341.612671,85.072479,467.190247,273.510651,151.610245,303.750732,33.098732,130.170349,57.108559,51.246216,149.709351,443.463196,67.971413,533.904724,40.037159,43.919563,106.167068,408.600006,105.505463,103.180168,226.383499,41.401783,218.701141,89.712105,98.750000,155.687164,39.185879,67.247330,168.108475,87.471527,225.034088,40.954620,98.167648,180.544342,119.059929,47.022549,198.786545
2022-05-27,146.830383,264.941345,115.146500,111.395821,193.610672,319.109985,253.210007,18.776812,118.630997,206.864624,162.284073,40.871101,134.049438,349.315948,85.908760,471.729736,278.614044,153.061157,313.460358,33.414642,129.677536,57.446056,54.281937,151.170273,448.966187,69.033737,565.774231,40.597801,43.854488,107.849167,428.220001,108.354691,106.804810,229.832764,41.665085,231.542877,88.798981,102.260002,159.120407,39.500957,69.784393,170.937881,89.046021,226.999420,41.962482,99.425644,184.330109,121.129944,48.091103,202.659790
2022-05-31,146.045380,263.613007,120.209503,112.829468,192.132248,315.980011,252.753326,18.638065,119.498528,206.174698,160.886063,40.918808,133.292267,349.403900,84.509094,462.120422,273.456512,149.953217,303.731384,33.577114,127.403877,56.291451,53.988789,147.632370,444.636322,68.218025,561.049377,40.090561,43.146763,108.560837,416.480011,111.026405,107.899048,230.143005,41.556137,229.223022,88.201279,101.860001,158.038574,39.416424,68.216209,168.561172,87.582024,228.315582,41.840031,97.482262,180.332001,120.755959,47.804127,201.455841
2022-06-01,145.917847,264.146271,121.683998,112.958412,187.171204,312.209991,246.789993,18.286705,117.401917,203.997971,159.255035,39.907223,131.273254,348.612976,86.128838,458.185638,270.129852,151.378418,301.444427,33.098732,126.236778,56.016121,53.382946,146.523468,435.833618,67.914505,549.829651,40.250744,42.601730,106.361153,418.160004,110.867599,106.677803,227.469391,41.002289,226.772842,87.794510,101.220001,155.946396,39.500957,68.648804,167.072464,87.296570,225.363144,41.548038,100.423378,177.026367,121.269081,47.333958,203.061172
2022-06-02,148.370895,266.240692,125.511002,116.658318,197.311600,314.950012,258.333344,19.556395,119.290680,208.973297,158.753220,40.562527,132.688416,354.490540,85.979179,457.915863,278.019409,151.103653,293.062378,33.316612,126.867874,56.602310,53.673313,147.710953,465.035980,69.375221,563.550049,40.749084,42.853905,108.607048,441.279999,115.286247,108.319160,228.473114,41.156651,237.425079,88.168060,108.589996,158.002823,39.416424,70.766739,171.538559,88.613266,220.792221,42.235634,99.737999,181.098373,121.895302,47.627041,205.329086
2022-06-03,142.650360,261.819153,122.349998,113.602081,189.294510,310.940002,234.516663,18.685974,117.627846,206.641098,158.099030,39.865871,131.498596,349.354950,87.229202,451.729767,277.301392,152.477371,292.306458,32.853622,127.230980,55.927299,52.424408,146.089264,454.201965,68.094719,551.688110,40.268539,43.276917,107.738251,429.760010,113.268120,106.169762,227.885910,40.693592,231.160599,87.595276,106.300003,154.077759,39.047535,70.919975,169.605865,88.696136,220.943390,40.869858,102.479576,180.470459,122.791153,46.998127,208.035721
2022-06-06,143.396088,260.587677,124.790001,115.862907,192.737518,312.149994,238.279999,18.751860,117.239235,206.922943,158.081085,39.722725,130.984818,351.620178,87.009140,455.980927,276.219727,151.816269,293.963562,32.817307,126.677689,55.838486,52.229897,146.700729,450.597015,69.213974,546.527954,40.339741,43.325722,107.599617,429.459991,112.593849,105.349098,227.619812,40.965977,229.153519,88.300896,105.650002,149.991806,39.377998,72.271873,169.927994,89.506393,218.266617,40.822758,101.837540,181.689285,124.269722,47.016449,208.717010
2022-06-07,145.917847,264.223816,123.000000,116.189201,194.126587,313.649994,238.886673,18.891603,117.546524,208.438828,159.819626,39.245548,132.445023,355.408295,90.996925,462.418152,274.292694,154.709564,302.432861,32.998867,128.934082,56.175991,53.324318,147.604630,449.938904,68.948395,554.218628,40.553310,43.895157,108.024780,433.420013,113.942390,105.310005,228.418060,41.283756,233.089462,88.226181,105.279999,151.860474,39.693085,71.902351,172.043503,92.544891,219.129257,41.001720,106.461792,180.655151,124.182755,47.627041,211.955627
2022-06-08,145.181931,262.197357,121.180000,116.233322,195.108887,308.739990,241.866669,18.618044,115.675804,207.467072,158.869705,38.905170,130.795532,353.758331,92.070892,459.097198,270.438812,155.508026,303.779785,32.581280,129.029175,55.856255,52.614254,146.869095,446.324371,67.705811,545.717407,39.974873,43.496548,106.000694,428.839996,114.626015,104.870361,225.362640,40.521095,230.769653,85.951614,101.900002,147.854919,39.616238,70.739708,169.344727,91.366325,218.302231,38.835304,105.724350,177.700394,122.486748,47.114143,214.475571
2022-06-09,139.961807,256.747955,116.150002,113.894173,182.567291,300.799988,239.706665,18.019009,113.244812,200.285919,155.670456,38.497986,128.434006,340.743683,90.081413,455.283234,272.556580,152.408691,293.856964,31.328503,125.726715,54.888172,51.763660,144.254822,450.196411,65.657013,533.617981,39.387520,42.121780,104.170692,426.420013,111.067375,100.923317,222.196991,38.741535,224.826599,84.415878,98.800003,144.466339,39.147449,69.703278,167.159576,89.662910,214.985168,37.686169,102.861320,179.390137,119.990570,45.660912,208.754379
2022-06-10,134.555222,245.306396,109.650002,110.250282,174.202927,291.709991,232.229996,16.946735,108.039421,193.872421,154.630920,38.714294,127.947273,326.830811,88.435242,450.818146,262.903625,150.588562,287.810272,30.112040,123.798828,54.541779,50.372353,144.024399,441.860992,63.684074,520.826721,38.702290,40.649395,101.324051,393.839996,107.443161,97.113060,217.811050,36.389988,218.501297,84.947166,94.820000,141.068848,39.055233,68.414482,162.171127,87.922707,213.437805,36.904377,101.360382,172.049469,118.451126,43.493267,200.830505
2022-06-13,129.403870,234.902252,103.669998,105.520378,162.981003,281.559998,215.736664,15.621867,104.822189,186.827255,153.071609,37.985821,124.522102,312.175812,84.377052,436.929840,257.377258,143.660110,282.257721,29.068058,120.530968,54.479618,48.171413,141.560791,431.313080,60.753128,506.028748,38.479816,38.973633,97.885895,371.649994,103.425629,93.507950,218.811188,35.400349,211.845795,81.767761,86.989998,137.268967,38.109962,65.260071,160.551849,84.663231,210.556534,35.576279,96.961716,167.368011,117.511787,41.350040,193.084000
2022-06-14,130.267319,237.064560,102.309998,105.840721,162.455139,277.640015,220.889999,15.810562,103.078011,188.051666,150.723724,38.001724,120.637283,314.519104,84.597099,429.534424,253.296143,143.848999,281.782959,28.559681,118.974831,52.985672,48.408714,138.352783,433.744995,67.079788,501.914124,38.186138,38.981758,95.140907,370.820007,103.687843,92.052216,219.077286,33.983963,210.629364,82.157928,86.989998,137.760666,37.779514,64.421913,159.559433,84.083168,209.604950,35.726978,96.727448,164.302475,118.042313,41.551540,192.906677
2022-06-15,132.887177,244.113724,107.669998,108.864731,168.031372,278.929993,233.000000,16.500452,104.298004,190.617096,152.336761,37.976276,119.438469,317.692230,83.531937,431.934418,254.259552,141.024399,283.914764,29.095293,119.381157,53.379276,49.017353,139.832703,437.550293,66.112282,509.144348,38.978165,39.461712,96.859993,376.920013,106.235092,93.674019,219.205765,34.655838,212.818939,81.527046,89.300003,139.405807,37.771835,66.864311,161.030701,84.967094,209.498245,36.405163,94.853462,165.290466,119.207779,42.192677,192.262680
2022-06-16,127.617996,237.529938,103.660004,105.164322,159.617432,268.559998,213.100006,15.575939,102.508652,183.707993,152.417435,38.370739,120.168564,301.475098,80.450882,425.782318,248.560440,133.486343,279.147186,28.913734,120.297546,52.842529,46.269199,139.159164,430.845825,65.173248,499.382050,38.551014,38.623837,94.336815,365.079987,100.316498,92.110847,215.801575,34.183720,209.265289,81.576828,82.050003,135.337753,37.533600,63.872150,156.599457,82.425812,205.167435,35.171246,88.858414,158.457611,117.998848,39.866283,181.800232
2022-06-17,129.089874,240.128571,106.220001,106.265213,162.465057,268.079987,216.759995,15.854488,102.147163,184.640854,151.861816,37.629543,119.303284,303.339966,75.811691,422.020142,246.079071,127.390686,281.889496,28.977278,119.545425,53.164589,46.406006,139.185791,426.010437,64.234192,495.435516,38.613304,37.851040,94.761971,360.790009,100.522522,92.169456,215.058395,34.937286,207.310364,81.311203,81.570000,134.291656,37.679615,63.818058,156.442764,81.836540,208.733505,34.822742,81.327766,159.251678,117.433502,40.299805,179.793610
2022-06-21,133.318924,246.033585,108.680000,110.629646,155.827148,271.769989,237.036667,16.539389,104.677582,188.897110,155.043152,38.863808,122.917679,309.891235,80.530113,448.402252,244.688370,132.722275,288.130005,29.821537,124.032280,54.300694,47.271152,142.420380,441.670288,64.196274,507.937622,39.280735,39.136326,96.499550,362.989990,101.777390,91.143623,219.838882,35.400349,211.889236,83.095985,83.790001,137.206360,38.924587,65.548470,157.147903,85.556381,212.014923,35.538589,86.134193,159.168594,119.894890,40.147163,183.274872
2022-06-22,132.808701,245.442108,108.949997,110.573616,154.636490,269.790009,236.086670,16.333719,104.090164,188.343216,157.489639,38.393005,124.837578,308.670807,77.343407,457.140289,244.488419,126.952843,297.190399,29.594585,127.568123,54.703259,46.551449,143.590149,438.666138,63.105450,513.555664,38.773487,39.917259,97.451500,365.329987,98.256210,91.348793,223.022797,35.046249,213.661728,82.332260,83.750000,136.437485,39.032169,67.314941,154.727692,85.224884,213.553406,35.208923,80.737801,160.295120,119.225182,39.408333,175.304367
2022-06-23,135.673874,250.998062,112.440002,111.321930,157.513931,267.519989,235.070007,16.198938,102.951477,191.083527,161.002548,39.325077,128.262726,309.266418,75.010612,466.597107,250.342087,122.282349,303.033630,29.122530,129.202103,55.356289,46.596485,145.424606,453.009888,64.148834,534.702393,38.203945,40.747002,98.163162,376.640015,101.140610,92.130386,223.499924,34.410698,221.941696,84.316261,82.430000,135.132095,40.031219,69.577095,151.976715,84.488312,216.176834,35.237179,76.252373,162.815842,120.408066,39.121357,166.755203
2022-06-24,139.000229,259.569641,116.459999,117.007927,168.835083,278.279999,245.706665,17.098488,106.024124,199.702850,163.359406,39.356892,130.110519,322.681366,76.498329,462.704224,257.231812,124.291374,315.534058,29.331324,131.700531,56.393993,47.770351,147.223572,461.946045,67.060822,538.866638,39.245132,41.967220,101.157692,387.720001,105.738747,95.530312,227.463806,37.007381,223.376785,85.835403,87.080002,139.432632,39.162811,70.316139,156.721359,86.734940,218.204361,36.367477,78.872482,168.826920,123.556519,40.959259,173.120422
2022-06-27,139.000229,256.844940,113.220001,114.883995,168.170303,278.399994,244.919998,16.841904,105.174629,197.807968,163.207077,39.484131,129.119003,321.050842,78.373367,472.058411,256.950043,126.695290,317.132904,29.367634,132.392166,56.277702,47.453197,147.418533,459.447418,66.785744,537.709229,38.951469,42.203129,100.815727,381.070007,103.481834,94.387238,226.665512,36.535259,223.011490,85.262634,86.160004,139.137604,39.162811,70.198959,155.215195,87.296570,217.741959,36.386322,80.638603,170.101196,124.200180,40.781979,175.080368
2022-06-28,134.859421,248.690399,107.400002,111.089348,159.428894,273.859985,232.663330,15.956326,104.668549,192.521713,158.565002,38.927429,127.018875,310.760162,80.547722,474.653625,245.551834,128.730042,307.781860,29.285933,131.830215,55.714123,46.771950,145.344833,446.915619,65.049942,529.925232,38.319633,41.210686,98.865601,365.630005,96.252136,93.713104,222.811798,36.480789,219.071533,85.038498,80.779999,137.832199,38.778561,68.892143,153.178101,86.348221,216.550278,35.585682,83.252838,161.329224,123.382607,40.274563,174.940399
2022-06-29,136.615875,252.355576,108.919998,110.785858,162.663513,273.489990,228.490005,15.517035,104.198616,193.862701,158.609833,38.784283,128.172577,314.958435,77.572289,481.440643,248.933151,126.188721,312.995178,28.922810,133.256668,56.116680,46.017525,147.755280,448.088776,65.647514,530.073669,38.159443,41.438457,100.834198,368.500000,96.692284,93.449318,227.317062,36.054047,219.923889,83.735191,77.989998,136.598389,39.147449,68.495583,150.783997,85.906265,218.257767,35.124149,79.965378,162.603500,122.382385,38.935753,171.244507
2022-06-30,134.152954,249.029709,106.209999,108.069809,159.994431,273.019989,224.473328,15.134652,101.767609,191.326462,159.075806,38.676132,129.605728,308.016632,75.389137,479.498718,249.296692,124.299919,314.187195,28.260107,132.409424,56.277702,45.585884,147.693253,457.091766,66.273552,537.353210,37.945866,42.650536,100.418320,366.059998,95.708977,92.228088,226.527893,35.563770,220.497925,82.995499,76.470001,137.376236,39.001431,69.811409,151.315063,88.493576,216.363571,35.237179,78.522743,161.283066,122.799866,38.923527,166.839249
2022-07-01,136.321457,251.696213,109.559998,107.846161,158.783936,277.500000,227.263336,14.499670,103.068954,193.551727,160.877106,39.010139,131.696899,310.711334,77.070511,483.018280,253.668823,125.785225,314.652222,28.650467,132.962753,57.592724,44.838024,150.112564,463.271729,67.222069,542.288879,37.910267,42.552917,101.869354,368.480011,94.753746,93.928055,232.106674,36.244720,224.437866,83.819237,73.669998,132.807465,39.685394,72.605309,152.446838,89.331451,218.364471,34.229324,79.545715,163.766891,122.738968,38.844048,166.400558
2022-07-05,138.902069,254.866959,113.500000,112.334557,166.880402,275.690002,233.066666,14.939964,102.676918,194.873260,159.640396,39.525486,130.425964,311.707153,74.658501,471.666229,257.895355,122.479843,317.045776,28.359966,133.075089,56.608704,44.693512,149.775787,465.655945,68.284424,539.123657,37.676804,42.007885,101.019073,376.489990,97.694328,94.944115,231.491913,36.408146,222.228699,82.440720,75.199997,133.308167,39.516335,71.298515,149.817657,85.556381,219.413818,34.558994,74.002510,166.093796,119.694847,37.920940,162.172638
2022-07-06,140.236542,258.124878,114.330002,113.632820,168.448090,275.649994,231.733337,15.105699,102.011383,195.436935,159.783752,39.805424,131.642822,312.595673,73.311615,481.048401,257.759003,120.865761,319.923737,28.123936,131.864777,56.724991,45.285618,151.273483,469.842773,67.971413,549.974121,38.332287,42.910854,100.455276,382.829987,97.610054,93.869423,230.730331,35.863384,226.168701,79.851852,75.349998,134.837051,39.585491,71.713081,150.792709,86.477127,218.097672,34.841576,72.865898,165.336624,120.094955,37.639725,160.819336
2022-07-07,143.602158,260.248322,116.330002,117.809303,170.849289,279.279999,244.543335,15.832525,104.591522,197.069473,159.963028,39.865871,131.597733,316.888428,75.653236,480.198914,260.585846,123.218147,317.791870,28.922810,131.406601,56.277702,46.780396,150.972183,472.036255,68.132645,547.718933,38.808189,43.455879,101.194649,390.890015,101.262344,95.188377,232.088333,36.426311,229.134506,79.843445,79.300003,138.306107,39.460987,72.443108,151.297653,86.495544,220.027405,35.924778,75.497589,167.654251,122.486748,38.513931,168.257828
2022-07-08,144.279221,259.530823,115.540001,118.375130,169.549484,280.829987,250.763336,15.812558,104.263306,197.817703,159.765854,39.891315,130.714417,315.900848,75.776474,484.166534,260.385834,122.574257,320.233887,28.859261,132.141449,56.483456,46.794472,152.319199,478.321167,68.170593,547.669495,38.960838,43.252518,100.982109,389.440002,101.075073,93.654495,232.363632,36.480789,229.404114,78.918854,79.349998,139.057129,39.289795,72.325928,150.905899,87.582024,220.970093,35.783497,75.593773,167.709671,122.173653,38.666771,167.156570
2022-07-11,142.149948,256.476471,111.750000,114.728264,161.611755,278.510010,234.343338,15.127661,102.895729,199.265579,159.828598,39.907223,131.633789,317.005707,75.389137,482.598145,260.313171,121.492477,320.815308,28.559681,132.469925,56.304535,45.309071,151.069656,475.803406,68.189636,551.942383,38.835133,43.024738,100.640114,384.160004,98.434158,91.485565,232.400299,36.126701,230.743546,78.364082,76.949997,137.295792,39.297577,72.713470,150.470596,87.204514,220.347595,35.039371,74.798157,166.306137,122.634613,37.847580,163.348648
2022-07-12,143.121353,245.965714,109.220001,113.085838,161.998734,277.279999,233.070007,15.057773,102.996025,199.032364,157.588226,39.786335,130.471069,315.705170,74.385605,480.236237,259.158875,119.268883,313.566925,28.468904,131.804276,56.063004,45.169254,150.210022,467.859039,67.084435,525.137939,38.484940,42.333286,100.094826,375.540009,97.169876,91.446480,230.748703,35.954174,219.784760,78.843193,76.360001,138.100464,39.515457,72.055550,151.140945,87.011162,219.627213,35.048794,72.962067,167.127975,121.051651,38.526157,162.853989
2022-07-13,142.758255,245.044556,110.400002,110.440712,162.217010,277.470001,237.039993,15.139642,102.029610,198.381302,157.220825,39.881775,131.327316,316.203979,74.684898,467.932098,261.031189,118.470451,312.471954,27.996840,131.536255,55.803570,45.203033,150.741730,469.432587,66.722382,517.442871,38.341267,42.129917,98.163162,371.940002,98.434158,90.801666,231.840591,35.472977,218.384430,76.195480,77.519997,137.948486,39.305351,72.334946,148.755554,84.534332,219.733932,35.048794,72.664795,168.392944,119.312164,37.908707,162.275330
2022-07-14,145.682343,246.363266,110.629997,109.462791,156.819366,274.410004,238.313339,15.347307,98.464806,200.091599,157.435852,40.661140,130.939758,317.827148,73.188370,469.043030,263.121765,116.710434,316.764740,27.352293,131.274490,55.624668,45.476097,151.521576,488.239685,66.169785,519.895752,38.009041,41.804520,98.135307,372.959991,96.664192,89.726982,231.776352,35.173359,215.749115,75.329712,78.599998,141.131424,39.289795,72.217796,147.571564,82.941422,218.400040,35.519753,71.353333,168.660736,120.947258,37.346291,158.607391
2022-07-15,147.350418,248.923096,113.550003,110.861237,163.417603,278.480011,240.066666,15.736680,102.977791,204.104858,159.721085,41.058788,130.759506,325.200012,74.420815,494.547546,265.785004,118.178505,321.328888,29.276859,134.049377,55.910923,46.397549,151.645645,498.740082,67.398857,532.991394,38.673504,42.097370,101.022453,379.859985,98.050194,93.009682,233.987701,37.343319,222.463547,75.800438,81.110001,143.536514,39.702221,70.937996,150.435760,84.000282,221.156815,36.376900,72.472458,170.821350,121.695267,38.428349,161.818008
2022-07-18,144.308640,246.528122,113.760002,108.136261,165.927887,276.260010,240.546661,16.075138,101.920212,201.354828,156.136429,40.963352,129.173126,323.674591,75.794098,484.857330,266.366669,119.835503,311.803314,29.285933,130.515305,55.150536,46.078506,149.111160,492.397858,66.893890,515.078918,38.251484,41.283901,99.351425,375.230011,97.338463,93.498169,231.611191,37.397797,214.879364,75.237251,81.430000,142.758652,39.126369,69.856483,148.825195,82.683640,216.843796,36.461674,74.378456,171.550827,120.138412,38.929634,161.920639
2022-07-19,148.164841,251.647720,118.209999,112.877075,174.411301,283.549988,245.529999,16.964706,104.445641,207.622604,153.860245,41.214664,129.831070,332.836884,77.704338,498.001770,272.529388,124.153976,316.096100,30.275436,130.663666,55.937767,47.761917,150.706314,496.145996,68.828011,531.013184,39.535507,41.788254,102.052933,387.829987,102.255020,97.318214,235.354843,38.950363,222.437454,76.851112,85.879997,147.202255,39.258663,71.136276,154.292435,86.385040,219.938492,37.883980,77.359909,175.302414,113.832756,40.800316,168.687332
2022-07-20,150.166550,254.304520,122.769997,112.966324,181.664383,286.040009,247.500000,17.778397,104.427414,207.340744,152.982010,41.558224,127.586708,333.707214,78.558220,484.950684,274.774475,125.793846,312.055267,30.284525,128.874847,55.016346,48.021832,149.111160,499.932068,69.161484,532.773804,39.625301,41.340851,100.474747,401.489990,104.053078,100.972160,233.593140,38.786942,222.654861,75.506218,89.430000,147.819168,38.184792,70.586502,155.189148,87.315002,219.324905,38.204224,79.309639,177.391769,112.354172,41.503345,169.138443
2022-07-21,152.433167,256.796448,124.629997,113.402718,181.743759,286.850006,271.706665,18.021008,105.138542,210.081100,153.519684,42.165829,127.707382,339.232025,77.246590,487.741974,277.228607,124.832237,316.793823,30.547785,128.927170,54.891113,48.576393,149.332703,504.948639,71.019379,568.727295,40.029366,41.584881,102.758469,408.910004,104.530685,101.783073,232.574692,39.295383,242.859085,78.666672,91.089996,148.901031,37.087570,71.082199,156.730087,87.370239,218.568970,38.251320,77.753349,179.741135,110.588570,41.650063,170.097031
2022-07-22,151.196793,252.452530,122.419998,107.015526,167.952011,285.929993,272.243347,17.291182,104.627998,207.661438,154.245560,42.057659,129.748611,336.259460,76.656784,486.761749,278.673859,123.793388,318.567139,30.348068,129.555481,55.096863,48.092209,150.307526,505.196533,71.362373,555.413940,39.921616,41.674366,101.375244,401.899994,102.189484,100.356659,233.051773,39.195511,238.171143,80.633560,88.099998,146.540634,34.589642,72.325928,157.983688,86.744133,218.720184,36.923214,77.053894,181.616943,111.545296,41.686749,167.869690
2022-07-25,150.078232,250.969009,121.139999,106.628716,165.352386,287.989990,268.433319,16.996651,105.047379,208.215317,154.550262,41.997227,130.628555,336.582092,79.209671,494.286194,278.273956,127.476578,321.280396,30.620415,131.082504,55.633606,48.147568,150.520203,504.643402,71.324272,561.249634,39.813866,42.113647,100.725403,391.959991,102.339302,100.327347,229.739349,39.495125,237.771042,80.557907,87.540001,145.914764,34.830872,72.983841,157.800858,87.075600,221.183487,36.885532,80.481232,180.892624,111.797516,41.790672,170.867676
2022-07-26,148.753571,244.249466,114.809998,104.159103,157.910797,285.309998,258.859985,16.506443,103.406281,206.485657,155.643585,38.803375,130.882599,333.716980,78.901550,496.265350,271.029633,126.480675,321.290009,30.003099,131.649719,56.546074,47.958027,152.274857,488.230133,70.533463,567.016113,39.355927,42.544781,101.273102,379.260010,98.518448,97.484299,235.896240,38.950363,240.484680,81.137894,85.250000,143.804733,34.955391,72.019508,157.940155,83.088745,223.335571,36.697151,79.641869,175.135284,111.397453,43.716370,170.322601
2022-07-27,153.846146,260.578033,120.970001,112.133224,168.259583,290.299988,274.820007,17.761423,105.065590,204.522720,155.213364,40.269863,132.125473,335.662964,80.609337,499.084503,271.693146,128.146210,318.751282,30.493317,131.894043,56.367153,49.525070,152.062195,498.129669,72.286545,575.581665,40.083233,42.260075,102.108635,392.779999,101.009499,101.118713,237.547867,39.685791,243.572266,81.499321,89.820000,153.371460,34.947598,72.443108,159.890228,83.116379,223.851379,37.846291,81.547905,176.360992,112.301979,43.759159,174.100632
2022-07-28,154.395599,268.015106,122.279999,113.283714,159.468582,293.899994,280.899994,17.955112,104.673561,205.377853,156.109558,41.275101,134.320923,344.639557,81.551270,505.507324,272.347595,129.116379,320.553650,30.248207,130.672379,57.306461,50.071190,154.942307,512.240051,73.401306,591.120361,40.963200,41.579647,102.452126,403.500000,105.101952,102.486504,241.741119,39.331699,251.365204,81.675835,91.669998,157.135529,35.445629,76.192329,165.792770,85.068375,222.099442,37.403591,82.238632,177.178177,112.388954,44.712837,176.534775
2022-07-29,159.458710,272.213531,134.949997,115.366493,157.861176,300.600006,297.149994,18.133827,105.175011,206.116379,156.396347,42.006767,126.019936,345.949829,85.327766,506.300964,273.538300,140.612259,319.477966,30.693033,125.227356,57.404865,50.246658,155.048676,517.131531,74.163513,591.881714,40.738728,41.407494,101.041031,410.119995,107.621071,103.658897,241.658539,39.831055,253.504745,81.659035,94.470001,160.996429,35.943657,76.147270,167.551331,85.823387,220.071869,34.201073,85.185066,177.856079,113.754471,45.183571,186.318253
2022-08-01,158.477478,269.566498,135.389999,113.918465,158.684692,295.859985,297.276672,18.411375,104.126534,205.387558,155.849670,42.162647,129.639709,342.771881,83.171013,499.803406,277.973999,137.804855,314.109589,30.602253,122.356491,57.717972,50.330170,156.812180,522.395447,73.782402,583.118530,40.657913,41.489475,101.672318,411.089996,107.040474,103.776138,242.447647,39.531448,250.399780,82.776955,96.779999,160.915436,35.998131,76.886299,167.142151,85.850998,218.444504,34.813316,83.147903,180.233307,114.841644,46.338985,183.132263
2022-08-02,157.005646,266.473328,134.160004,114.186256,158.942719,292.170013,300.586670,18.496241,102.503685,200.431671,154.962524,42.207165,128.777863,341.275696,82.810089,499.878143,273.329285,136.628632,310.281982,29.994022,122.504814,56.930744,49.845985,155.518341,519.195129,72.743889,579.646729,40.334656,40.735268,100.855370,409.959991,104.671150,102.300880,239.529739,38.932205,248.338516,82.919853,99.290001,159.493500,35.282219,77.210747,164.643585,86.320595,216.906036,33.918491,82.806931,174.531616,114.641617,45.458668,172.465393
2022-08-03,163.010773,273.891052,139.520004,117.112083,167.485672,294.959991,307.396667,18.862648,103.579529,202.588959,156.459030,41.513687,131.436005,346.282288,80.125175,504.723297,278.473877,133.383331,304.109253,30.538708,123.211617,57.181217,51.303234,156.705887,522.586548,73.715714,581.565552,41.044014,40.874634,101.755844,424.540009,107.021751,106.511703,240.484024,39.849213,250.947723,83.054329,98.089996,165.118332,35.274437,77.922737,166.715576,87.038780,219.778427,34.398872,79.842964,181.468384,115.102585,45.690971,171.863876
2022-08-04,162.696762,275.035187,142.570007,117.221176,169.241882,292.910004,308.633331,19.184135,102.439880,207.437958,153.949829,39.945393,131.227310,348.179260,76.753609,498.281799,279.201080,129.760269,296.318329,30.320841,121.222084,56.957577,51.871868,155.855072,519.023071,73.744301,583.563599,40.747704,40.874634,101.857971,430.589996,107.209053,105.632423,239.153595,39.099590,251.313019,82.373497,103.910004,166.414322,34.574085,79.292664,167.533875,85.427475,219.636108,33.927917,78.583946,183.084137,114.493744,45.036846,172.587570
2022-08-05,162.470795,274.317596,140.800003,116.507072,165.808823,292.070007,288.170013,18.958496,105.539703,209.770142,153.340469,40.266685,131.290833,349.587402,77.862785,499.504730,281.491608,131.906631,291.986755,30.829205,120.454193,56.698154,51.744267,154.685333,516.529724,73.696663,583.820801,40.415470,40.390957,101.421661,433.429993,106.637787,104.176697,237.859833,40.004623,252.226242,82.037270,102.309998,165.865311,34.978725,79.292664,167.385910,85.657654,218.986908,33.671024,81.180687,184.867065,115.224319,45.458668,174.232254
2022-08-08,161.999130,271.806335,139.410004,116.338478,168.924347,292.339996,290.423340,17.764416,104.254189,207.292221,152.524994,40.594353,131.789795,344.355865,78.302933,500.942383,283.564026,131.709183,293.130188,30.402540,122.461189,56.331379,51.189705,154.065018,517.704651,72.858208,577.579529,40.424450,40.636890,101.189552,434.339996,106.759537,106.599640,235.630142,39.483551,249.608307,82.070892,100.070000,164.515350,34.659679,78.878075,168.865921,83.972679,219.911819,33.661518,81.862633,187.430023,115.337395,45.959949,174.626953
2022-08-09,162.048233,273.726257,137.830002,115.673950,167.217758,292.769989,283.333344,17.058554,105.193237,204.318680,152.507019,40.995163,131.481369,338.860474,79.746635,501.558563,277.419525,133.426285,293.634064,30.792894,122.382660,56.402943,49.995178,154.641006,511.896240,73.144043,574.533142,40.334656,40.809044,100.177666,426.570007,103.116585,105.642181,238.621399,39.675529,248.086273,81.843971,95.540001,159.934494,34.768627,80.139839,168.970367,84.654037,220.863373,32.843292,83.506378,181.264084,114.025162,45.807125,174.833710
2022-08-10,166.293015,280.377869,142.690002,118.718788,176.951370,295.109985,294.356659,18.067934,107.937500,206.106674,152.946136,41.081055,132.724243,345.548889,80.503700,501.987976,283.209534,133.778259,295.174774,31.836876,122.984756,56.939693,51.647610,155.917145,515.717651,73.877670,585.888062,41.322369,40.948402,102.368568,438.399994,105.954132,109.843262,239.814194,40.525719,253.217789,82.482750,99.050003,164.803314,34.893135,80.914932,171.703964,86.016747,224.180420,33.652000,83.917305,187.049271,115.812988,47.158161,179.241425
2022-08-11,165.556091,278.302795,140.639999,117.865837,176.108002,296.470001,286.630005,17.913179,109.532997,205.478775,149.782730,41.477242,131.780716,342.810913,82.832504,497.450989,282.400513,137.040741,291.841370,32.599438,123.979523,56.555019,51.180305,155.119583,508.437836,73.515640,586.075806,41.214630,39.587559,102.572784,434.890015,106.853180,114.982239,237.905685,41.366768,253.252579,83.609108,98.120003,163.849335,34.846439,80.599480,173.681305,85.768135,220.854492,33.861313,87.746849,187.745712,116.728920,48.234108,182.324020
2022-08-12,169.103241,283.044312,143.550003,120.682564,179.094543,301.549988,300.029999,18.678949,111.347298,205.722153,148.133804,42.244026,133.059860,346.419159,83.552483,507.570587,286.218140,137.238174,299.511993,32.953480,124.433289,56.984421,52.381393,157.148941,513.224182,75.411629,596.629517,41.852142,41.079582,103.491882,445.670013,108.698059,118.772972,240.566620,41.997540,258.966797,83.415779,100.830002,166.837296,35.134373,81.536789,175.746109,87.480743,220.890060,34.356052,89.836464,191.729462,118.023560,48.863785,184.993088
2022-08-15,170.174271,284.556976,143.179993,121.079285,179.481522,302.820007,309.320007,19.001429,111.648148,210.677063,148.841766,42.365433,134.774506,351.973267,82.059189,508.447998,285.963593,134.628204,305.208954,32.908092,124.162750,57.700073,52.449898,158.877029,521.382874,75.373520,597.895447,41.834194,40.784454,103.881775,451.019989,108.932167,121.401070,243.557877,41.823860,262.967621,84.895134,101.010002,166.855286,35.453419,82.014458,176.953506,88.512009,223.282211,34.574883,88.501511,193.187393,118.833809,48.790432,184.156647
2022-08-16,170.017044,283.819946,144.779999,120.702393,178.072601,306.649994,306.563324,18.848679,112.714859,211.377960,150.168060,44.528435,136.017380,351.288757,81.294792,509.829834,297.570892,134.284836,301.679932,33.262142,124.389633,58.174198,51.763958,159.798691,528.328491,75.764153,595.541382,41.995815,40.874634,104.002457,447.559998,110.561653,122.084961,244.337784,42.107250,261.341187,85.500328,100.199997,165.019302,35.640175,81.590866,178.195938,87.517570,225.123001,34.432167,87.913078,198.833282,120.269379,49.560703,185.632172
2022-08-17,171.510574,283.071838,142.100006,118.570023,173.488541,304.260010,303.996674,18.305550,111.766663,208.827515,150.177017,44.576366,135.391403,347.455627,81.952530,508.784149,296.098358,135.392349,308.008972,33.053345,123.421066,58.040009,50.538486,159.710037,531.480957,75.506912,589.537781,41.897049,40.390957,102.628494,437.820007,109.606445,119.984444,244.824127,42.180389,258.549286,85.038025,98.269997,159.034515,35.282219,81.293427,177.417221,87.462326,224.558472,34.042080,89.019684,199.994080,121.352631,48.857674,184.137863
2022-08-18,171.117523,281.954407,142.300003,119.184929,173.300018,304.269989,302.869995,18.742844,110.900551,209.538147,149.451157,44.432587,135.872223,349.440704,83.890236,508.989594,295.598450,137.766098,307.911682,32.935322,123.290138,58.344166,52.402039,159.869537,535.913757,75.573624,588.518982,44.330418,39.825302,102.080788,439.029999,108.641876,119.847649,244.603867,42.180389,255.940018,84.474869,100.440002,160.609497,34.387314,81.329498,178.239655,87.712379,223.769852,34.441692,92.111122,201.015518,122.479950,48.423634,185.472427
2022-08-19,168.533340,278.048187,138.229996,116.249199,166.652206,297.279999,296.666656,17.820333,108.156303,207.172623,151.727417,43.777618,135.835922,346.428894,83.623589,511.883636,292.062622,136.613876,313.793396,32.209080,123.778809,58.299442,51.461819,159.665726,529.770935,74.944786,582.129333,43.728806,40.292576,102.173615,425.059998,105.972893,117.375870,244.567230,41.458179,254.348419,84.163841,95.949997,158.800491,34.566303,80.851845,176.349823,86.499168,224.809387,33.661518,92.339478,196.270355,121.863457,47.512745,183.827728
2022-08-22,164.652115,269.886017,133.220001,113.303551,161.780426,288.690002,289.913330,17.006641,106.369354,203.074310,151.195129,42.994843,135.473068,337.853333,83.561363,508.382843,283.782104,135.929443,314.114258,31.519142,122.461189,57.431702,49.615158,158.141510,521.115479,72.848679,569.825073,42.839859,40.087639,99.750648,411.350006,103.331985,113.272499,241.273148,40.598846,248.729874,82.617249,92.839996,154.291626,34.371754,79.797363,173.095108,84.998871,221.260605,32.196316,92.427307,194.998154,119.379860,45.715427,180.218857
2022-08-23,164.318024,268.613159,133.619995,112.926666,159.855530,289.649994,296.453339,17.153402,105.320885,201.312347,149.877945,42.812737,132.860275,333.335754,87.107910,500.195465,278.955627,140.339172,306.336700,31.237724,121.309341,57.494324,49.711803,158.070602,517.867188,72.801056,566.719177,42.570488,39.358025,98.413834,410.410004,103.650398,112.217346,239.061783,40.562283,247.042603,82.205376,92.489998,155.263596,33.827042,79.292664,172.841400,85.600838,219.082947,32.300972,95.246490,192.658051,118.666466,46.522381,185.340851
2022-08-24,164.612808,267.981567,133.800003,112.758057,161.988800,293.519989,297.096680,17.194338,105.576172,201.185806,149.381744,43.122646,132.288773,332.181824,87.623444,500.811768,280.055420,141.378769,310.001892,31.337582,120.340767,57.574837,49.811268,158.859314,518.965820,72.572380,566.897400,42.265190,38.882542,97.884659,405.649994,104.334015,113.731689,239.355392,40.809113,247.825348,82.070892,92.730003,154.966599,33.889294,79.950584,173.051346,86.415817,219.100861,32.215343,97.064476,193.530975,117.336624,46.913631,182.474380
2022-08-25,167.069290,270.954895,137.279999,115.693794,167.465805,298.130005,296.070007,17.884226,108.083366,204.252213,150.780090,43.410202,132.179901,337.031921,88.076752,505.582123,281.573456,142.617615,314.153198,31.900419,121.579887,57.852158,51.621330,158.868164,526.178711,73.258377,579.082886,42.444778,39.267849,98.302429,403.929993,106.029060,114.757530,240.915283,41.494751,253.069839,82.533195,97.180000,159.574463,34.037148,80.563423,175.361160,89.027458,220.167313,33.195316,98.434555,195.898911,117.997147,47.769501,186.910309
2022-08-26,160.770905,260.499542,130.750000,109.435516,160.520340,289.959991,288.089996,16.233883,104.545921,197.506104,148.199905,42.045940,129.086304,324.603546,86.992348,494.080811,270.956879,141.569366,306.783936,30.892752,118.979507,56.456615,48.874786,155.119583,508.074799,71.124176,557.560364,41.205650,38.382473,94.598320,381.019989,101.402809,111.445518,235.767792,40.196613,243.815796,81.154716,91.180000,152.536682,33.655846,79.364746,168.912949,86.610291,215.659637,31.739630,98.469688,186.640686,114.826607,46.014984,180.369217
2022-08-29,158.569916,257.720459,129.789993,108.523056,157.930634,287.450012,284.820007,15.775619,104.290649,196.960938,147.054123,42.454891,128.541992,322.051422,88.992271,494.566254,269.339020,142.626297,301.524384,30.774744,118.421036,56.116680,48.247982,154.632156,507.348755,70.685890,550.617065,41.044014,37.898796,94.542610,375.260010,101.028214,110.917946,234.584106,40.150898,240.649933,80.894135,88.489998,151.141693,33.718102,78.807793,168.353027,85.313736,214.521561,31.340031,99.611404,186.714981,114.764946,46.491817,180.237640
2022-08-30,156.142929,255.524536,128.729996,108.046989,155.936295,285.420013,277.700012,15.443154,104.308891,196.036163,146.539871,42.327091,127.172142,320.545563,85.605736,488.096802,266.412201,139.152267,298.500916,30.947222,118.281410,55.597828,47.516998,153.302872,500.737793,70.638283,548.243225,40.621998,37.587273,94.876816,375.070007,101.009499,109.843262,232.593018,40.352016,237.762360,80.263718,86.940002,150.061752,33.095554,77.612358,166.848145,84.119041,214.288559,30.693058,97.046921,183.139847,114.122040,45.929394,175.688934
2022-08-31,154.482361,254.066956,126.769997,107.332901,161.661362,280.799988,275.609985,15.069756,103.688934,193.437012,145.556519,42.349464,125.139984,317.181732,84.965752,484.820068,263.868866,136.934448,292.852509,30.511475,117.330299,55.204208,46.833885,152.664825,498.788788,70.647797,539.370911,40.155079,37.079014,95.294579,373.440002,99.689041,109.501312,232.749832,39.958923,234.753067,80.263718,84.870003,148.684784,32.535275,77.032768,165.666992,83.118851,215.345993,30.369576,96.124748,180.279724,113.126823,44.896236,173.593170
2022-09-01,155.209457,253.027313,127.820000,108.840439,164.072464,282.429993,277.160004,13.914613,104.400063,194.819351,149.165237,42.966099,126.682213,318.042267,83.436943,489.179626,268.397491,134.751205,300.532776,30.584576,120.811958,55.463638,46.167660,154.208252,505.543091,71.743477,544.741821,40.666897,38.226715,97.327660,370.529999,99.726509,109.940956,236.615433,39.949776,238.188568,81.095863,82.330002,149.539780,32.535275,78.119514,166.874390,81.525932,220.006012,30.217344,94.438499,181.784088,114.192490,44.676155,171.459763
2022-09-02,153.096909,248.810150,127.510002,106.965927,159.071701,277.670013,270.209991,13.625079,103.670708,192.512177,146.819595,42.493233,124.432365,315.411865,84.965752,482.038025,267.052612,136.752487,292.949677,30.548021,118.918419,54.703259,46.938042,152.254440,495.932343,71.152763,537.620300,40.038342,37.464314,95.155319,368.140015,99.308556,108.641548,234.807190,39.657238,234.326859,79.456810,80.239998,146.695862,32.138412,77.078041,163.514648,81.118439,217.201004,29.703573,96.836151,181.551926,112.545586,44.278790,169.946701
2022-09-06,151.839142,246.079697,126.110001,105.934448,157.305527,276.589996,274.420013,13.443373,103.698044,193.368881,147.216537,42.282372,123.044350,316.898163,84.396896,483.279633,264.893433,136.120102,298.286987,30.209927,120.061539,54.730087,46.748489,151.228424,495.731812,70.342896,539.202820,39.930595,37.513500,95.350281,368.299988,98.754456,107.557091,234.696472,39.200150,236.988312,79.095375,78.720001,146.785843,31.982779,79.124771,162.386047,80.720200,217.066605,28.885347,95.404572,179.183960,111.603218,44.113739,169.786896
2022-09-07,153.244293,250.782654,129.479996,108.552803,159.141144,281.040009,283.700012,13.696039,105.667351,195.101654,148.019440,43.368660,124.904099,321.337585,83.676903,487.013794,272.148468,134.378723,302.934052,30.675957,121.038841,55.740971,47.398769,154.565094,505.992218,70.971741,545.700989,40.424450,37.816826,97.197693,379.720001,101.881927,110.097282,238.414505,40.077763,241.328323,79.524040,79.610001,149.233765,31.967215,81.723923,165.439514,80.988785,219.369720,29.161261,93.762245,186.928558,112.475113,44.981827,169.974884
2022-09-08,151.770401,251.200470,129.820007,107.491585,160.798111,283.339996,289.260010,13.971679,108.128952,195.383957,149.210327,43.589111,125.067406,322.755432,84.361336,492.456421,274.371643,135.106445,306.725616,31.662849,122.618271,55.570980,48.036854,154.047668,505.495361,71.124176,560.379272,40.738728,38.595619,99.323586,383.630005,102.116730,109.745560,239.945984,41.348480,250.573730,80.372978,82.779999,151.564697,32.153973,81.751076,164.328354,80.164536,219.961182,29.256405,95.132317,189.788666,113.144447,45.097984,172.127045
2022-09-09,154.629715,256.972260,133.270004,109.742981,167.832932,285.769989,299.679993,14.368158,108.648636,199.754807,149.499039,43.720116,126.972534,328.407379,85.774628,491.033051,274.252716,138.589142,308.864471,31.927839,123.403625,55.749905,49.019299,154.538345,512.622375,72.324677,563.188354,41.097893,39.218662,100.706841,394.779999,104.220474,112.529984,239.429306,41.439899,252.591553,81.583374,85.449997,153.661667,32.869892,81.416023,167.714279,81.535179,221.968582,29.931915,98.337944,190.968002,113.778549,45.263039,178.085464
2022-09-12,160.584198,259.100372,136.449997,109.951256,167.644409,288.510010,304.420013,14.486002,109.934135,201.146866,149.435867,44.113091,128.006760,330.920441,86.761238,497.504028,272.212463,140.781006,306.453430,32.229397,124.119125,55.910923,49.644238,155.144989,515.431030,73.439407,572.871521,41.663582,39.153076,101.458794,396.359985,105.544708,113.712143,240.213531,41.622738,255.279022,82.087700,84.639999,153.517654,33.274532,82.240128,168.011810,81.312920,212.944275,30.027061,100.463310,191.664444,115.073212,46.045547,180.820312
2022-09-13,151.161179,244.855362,126.820000,103.464874,151.937683,278.290009,292.130005,13.113802,106.114082,194.371552,145.547501,43.202515,125.357704,318.228088,84.734665,481.312347,254.271790,138.103973,297.956482,31.068888,120.881790,54.094940,47.259899,149.354919,487.515656,72.448532,553.712830,39.607338,37.866005,98.256004,368.390015,99.289787,109.188683,234.641129,39.510975,245.076935,79.028122,77.029999,146.380829,32.488590,80.474144,161.843552,77.534378,203.301651,27.867321,98.654121,179.806152,112.069984,43.306774,173.217224
2022-09-14,152.605576,245.078873,128.550003,104.139290,150.290604,278.420013,302.609985,13.110807,105.867928,194.118423,148.551743,43.106670,125.657066,318.628906,86.814583,477.388519,252.817108,141.448105,300.999359,30.950098,121.771828,54.381207,47.926121,150.487946,485.318390,68.713669,552.337280,39.472652,37.833225,98.200294,371.519989,100.491959,109.911652,235.923523,39.565819,245.033447,78.759155,77.449997,148.729782,32.122849,80.492271,157.460190,80.016373,204.430817,27.762665,103.379120,178.654709,112.457504,42.811596,173.536774
2022-09-15,149.716766,238.432526,126.279999,102.066437,148.385529,276.700012,303.750000,12.912067,107.463402,190.185638,148.930649,42.643402,124.686386,309.935974,84.290230,489.693726,248.425720,139.152267,300.863342,31.534918,124.354736,53.642300,46.930534,147.989929,481.019226,66.922470,546.250977,38.871044,37.661064,97.531898,309.130005,99.083176,108.221443,233.847733,40.352016,245.190002,79.044937,76.660004,146.398849,31.928303,77.893127,154.739182,79.284721,204.018600,27.439178,101.490868,177.401031,110.519936,42.126911,171.506760
2022-09-16,148.075851,237.810654,123.529999,101.957336,145.150940,274.809998,303.350006,13.180716,106.743156,188.170609,151.204147,42.553947,125.448410,308.146515,82.850281,487.923920,252.478592,135.539627,300.299469,31.178535,125.707268,53.651314,47.151981,148.962387,481.630737,65.579063,535.662231,38.880024,37.734844,96.547844,299.500000,97.787109,105.759422,235.176254,40.169182,240.971725,80.322556,76.510002,148.729782,32.099503,76.788246,155.167908,78.905014,207.137207,27.819748,99.356720,178.116058,112.087601,40.586338,168.668518
2022-09-19,151.790054,237.596878,124.660004,102.225113,146.867477,278.950012,309.070007,13.364477,107.727829,188.005081,150.013229,42.918163,125.185364,307.070953,82.841400,490.293152,256.549774,135.929443,296.605164,31.699400,124.485649,54.056808,47.090054,150.532547,483.952240,65.807724,534.068909,38.880024,37.251160,96.631401,296.059998,100.689171,106.658264,237.113678,40.516571,242.606888,80.625168,76.769997,149.620743,32.091721,78.644768,156.287781,78.673492,206.796692,28.010033,99.128365,181.171204,112.492729,40.989822,171.149612
2022-09-20,154.167877,235.585480,122.190002,100.310936,144.952469,277.130005,308.730011,13.158743,105.603523,186.973206,148.831421,42.668964,124.740814,306.327698,82.165871,489.590820,250.831848,135.392349,293.338623,31.224237,123.709030,53.975712,46.266182,150.702087,477.217010,64.893066,526.636780,38.233524,36.701916,94.978943,291.059998,96.190498,105.095070,235.628296,39.684666,238.632111,80.700806,75.250000,149.449768,31.585907,77.603317,154.870453,78.858727,204.063416,27.553349,98.425789,176.816055,111.233315,40.708614,167.277588
2022-09-21,151.043289,232.184616,118.540001,98.466187,141.013382,270.739990,300.799988,13.243632,102.558403,182.057251,147.306747,43.058750,123.135040,297.752167,80.841461,479.551819,248.453125,134.292068,288.234558,30.292166,122.435013,53.525162,45.620865,150.273834,471.054993,63.597301,520.233948,37.344574,36.005093,93.437889,286.299988,93.720459,102.085938,231.642746,38.642498,233.509308,81.045441,74.480003,146.965851,30.722139,76.045631,152.499374,78.090027,201.150894,27.087149,97.565086,174.912384,110.026741,39.871082,161.601105
2022-09-22,150.080353,234.157089,117.309998,99.319115,141.707962,268.510010,288.589996,12.544551,101.391411,180.859879,149.923050,42.617844,123.570518,291.748199,80.503700,484.589996,246.229996,134.188095,302.224396,29.698200,124.791046,53.399002,45.192223,150.416595,465.418396,62.911312,514.889832,36.949490,36.537956,93.827789,287.059998,92.555893,99.809540,228.745819,37.956856,231.726318,80.515884,69.500000,146.353867,31.072319,75.656212,151.580688,77.284309,204.099243,26.706577,96.660477,174.689514,110.361420,39.956676,160.285400
2022-09-23,147.810547,231.183746,113.779999,97.930603,139.316711,267.769989,275.329987,12.499610,99.504158,179.078445,150.410217,41.553913,122.998985,287.074066,76.219414,480.984589,247.876770,125.420692,302.797913,28.994583,124.834663,52.804283,44.347252,150.345230,445.575745,61.501205,515.384888,36.509510,36.136257,93.465729,284.559998,91.118935,97.210747,226.909866,36.942120,230.717438,77.153717,67.959999,145.156891,30.753269,74.732460,149.944611,75.969246,203.400223,26.183292,88.343437,174.698807,108.071579,39.461510,154.355164
2022-09-26,148.144638,230.727051,115.150002,97.365273,135.308167,264.320007,276.010010,12.211985,97.361641,175.797867,149.489990,41.953285,123.116882,283.680939,74.646133,476.068085,243.887924,122.119934,298.948120,28.354929,123.220352,52.146484,43.739788,150.282776,458.855164,60.453178,508.972015,36.437675,35.931316,92.685928,276.959991,90.217331,95.862503,224.889435,36.576443,228.447403,75.792015,66.300003,144.409897,30.294151,73.491760,148.798431,75.098709,203.310623,25.660007,87.122650,172.739456,107.455078,39.388042,152.832657
2022-09-27,149.117416,229.716492,114.410004,96.700760,133.353500,265.470001,282.940002,12.396744,96.504631,173.150040,148.804337,41.838268,119.733032,280.131439,76.210533,476.077454,245.818298,122.171913,302.447937,27.934586,123.665390,50.803848,43.975395,148.105911,456.944489,59.471813,503.380676,36.383797,36.144451,91.284134,277.570007,90.433350,93.644714,218.375961,36.594730,226.220840,74.189209,67.169998,144.634888,30.263018,73.428360,148.798431,75.015350,202.522034,25.583893,86.736244,174.271622,107.217293,39.461510,152.663467
2022-09-28,147.230835,234.244553,118.010002,99.229881,140.507355,271.779999,287.809998,12.719321,98.455688,174.425293,150.085403,42.528385,119.733032,283.749451,78.983772,481.293610,258.169128,126.295692,325.080536,28.391481,126.178497,51.344505,44.089890,150.479050,466.488403,60.091129,512.455383,37.120102,36.423187,91.646172,281.399994,92.696777,97.113060,218.597382,37.307796,231.561096,74.470558,68.360001,146.515854,30.652105,74.596634,152.088165,77.145393,206.993835,25.812233,91.760803,180.641876,108.115608,39.455372,157.663269
2022-09-29,139.998978,230.775635,114.800003,96.621414,135.347870,269.579987,268.209991,12.203997,96.787285,175.281937,148.434448,42.253609,116.757393,280.415039,78.823753,476.508148,254.637726,125.420692,320.832184,28.016827,124.538002,50.975060,42.592030,148.641190,457.594086,58.499996,511.248047,36.428692,36.201839,91.247002,278.250000,89.531738,95.207901,216.253998,37.024391,228.218140,73.396347,64.139999,142.600952,30.068480,72.423119,148.798431,76.256332,204.690704,25.098665,92.348770,176.862473,107.120415,38.396450,155.915222
2022-09-30,135.793518,226.305878,113.000000,94.865936,134.623535,267.019989,265.250000,12.123103,95.273819,172.935867,147.378922,41.438892,114.534744,278.038818,77.606033,472.959015,252.451202,124.467743,314.357300,27.596483,117.112152,50.479458,42.012943,145.652481,451.183624,58.185577,501.925934,35.916885,35.873920,89.826630,275.200012,78.064392,92.159691,212.877350,36.768425,224.857758,70.770485,63.360001,139.298050,29.547096,71.010330,146.086151,75.811790,201.993286,24.518293,91.172813,174.401657,104.636818,37.894547,154.204773
2022-10-03,139.969528,233.923920,115.879997,97.831429,137.530731,272.799988,242.399994,12.495614,98.218658,176.829727,147.234558,42.343071,116.585022,284.042786,81.703651,482.763885,259.550598,131.450439,312.607330,28.409756,120.698540,51.047153,43.221272,147.427872,456.399902,60.100651,517.502686,37.075207,36.185440,92.388863,285.239990,80.205711,94.895271,217.121216,38.011707,233.998657,72.492630,66.110001,143.851898,30.473131,73.527977,151.396988,76.969437,206.509872,25.660007,97.970253,180.075455,107.014725,38.928974,160.924454
2022-10-04,143.555984,241.833435,121.089996,100.806839,139.187714,280.489990,249.440002,13.149755,102.813675,180.723602,149.417816,42.892605,118.027496,294.593597,84.681335,489.937286,264.911743,136.561890,320.715424,29.588547,123.900993,51.164288,45.405132,149.087265,464.424835,62.587387,534.326111,37.899899,36.447773,95.693771,294.970001,83.248642,99.106117,220.036591,39.803513,242.930634,74.172165,67.900002,148.630768,30.978939,75.004143,155.902817,79.210640,208.821991,26.354551,103.003723,183.325546,110.528755,41.340618,168.818878
2022-10-05,143.850708,242.144379,120.949997,100.598564,137.897858,279.359985,240.809998,13.191700,101.544266,182.689987,148.957748,42.467674,117.210983,297.458771,88.103416,493.589539,265.177094,137.341614,322.552826,29.168201,125.070274,50.677704,45.872562,148.096970,458.874298,63.492500,540.600464,38.053967,36.169041,95.972267,297.380005,85.559021,98.480843,220.580902,39.593246,245.751266,74.146599,67.940002,151.015747,30.659893,74.053246,155.570374,78.914291,209.538910,26.297464,103.279900,184.820602,110.740112,41.279411,167.644135
2022-10-06,142.897659,239.802612,120.300003,100.588638,137.987152,276.309998,238.130005,13.112805,99.474564,180.665192,146.070770,42.071499,114.743401,293.071014,90.716652,486.153900,265.671143,139.845322,323.690338,28.747856,122.417534,49.587372,45.371067,145.242111,460.947357,62.215797,534.979248,37.628025,35.324665,95.108910,298.410004,84.685593,97.738327,216.576904,38.615074,242.060120,72.867767,67.849998,149.881760,29.942194,71.463150,153.146835,78.053001,206.957962,25.859806,104.812218,185.702789,107.648842,40.532650,168.048233
2022-10-07,137.650620,227.607910,114.559998,97.871086,132.410904,269.040009,223.070007,12.060184,97.487648,178.951889,144.528030,41.074665,112.738480,288.898560,89.801140,472.780975,260.117798,138.641129,317.575256,28.099066,121.082481,49.118797,43.571369,144.180466,447.247681,60.300724,518.175476,36.495193,34.693432,94.496208,288.769989,81.858665,94.924583,215.137650,38.203693,233.728760,72.168663,58.439999,143.347946,29.158819,69.488884,149.970856,77.802963,205.246307,24.470722,105.578377,183.130585,104.645630,39.516582,166.864090
2022-10-10,137.974869,222.759247,113.669998,97.057831,132.748230,266.929993,222.960007,11.654716,96.576981,177.345673,144.717484,41.317486,112.275795,285.774292,87.854538,467.171478,258.416107,136.137390,314.882324,28.016827,120.689796,49.010662,41.415874,144.367828,445.489807,59.614731,505.538055,36.150818,34.226151,93.883492,285.720001,81.417252,92.970604,216.761444,37.892872,227.573944,71.614510,57.810001,141.106995,28.976826,69.497925,150.390823,77.941872,208.042313,23.975981,104.054970,180.985489,103.703278,39.773659,167.916672
2022-10-11,136.559937,219.027924,112.209999,96.383400,127.539124,267.309998,216.500000,11.570827,93.789764,174.386337,146.810516,42.387802,112.702194,280.162231,87.107910,468.061188,258.809631,136.163361,318.489136,27.203552,123.482155,49.091763,40.759209,145.054749,450.944824,59.767960,495.612152,35.869873,34.365517,94.459068,284.829987,82.638191,90.957993,218.698837,36.777561,221.244934,72.995651,57.630001,138.101089,28.438753,68.854942,151.904419,78.340080,219.952209,23.823750,102.968102,182.406250,103.747322,39.173817,168.931656
2022-10-12,135.931061,219.358307,112.900002,96.760277,126.507240,264.000000,217.240005,11.484939,95.307571,173.510193,146.774445,41.908554,112.883636,277.547150,87.490105,468.201599,256.641266,136.570557,315.543365,27.285793,122.147034,49.686481,40.741219,151.121384,445.556702,61.079960,495.473633,35.588928,34.455688,92.908745,286.149994,83.126556,91.260864,218.708084,37.033539,219.103348,73.038277,57.849998,136.391144,28.233021,65.884476,151.178223,76.858315,220.848404,24.099665,103.609528,180.028992,103.544731,39.626762,168.696701
2022-10-13,140.500137,227.607910,112.529999,98.247978,129.275497,275.779999,221.720001,11.944337,100.606018,179.759888,148.993774,42.263203,114.589180,287.909454,90.547791,477.519531,258.754639,143.189423,322.863953,28.958031,125.981514,50.344288,41.441425,155.778397,447.094757,62.439850,505.241150,36.803326,35.234486,95.576332,294.739990,84.112686,94.416550,227.647934,38.743057,223.969788,74.368263,58.939999,138.902069,28.802750,66.192390,155.342880,78.599419,225.526306,25.136723,109.346802,179.369690,107.261330,41.585449,172.117615
2022-10-14,135.970413,222.088760,106.900002,95.768478,125.773010,272.670013,204.990005,11.212295,102.280159,177.773956,148.371323,41.672127,113.473305,282.747833,88.165634,480.535095,252.899460,138.736404,322.173706,28.967163,125.999130,49.542313,40.412891,151.835098,434.350342,61.587517,497.828918,36.431755,35.136120,94.121284,287.940002,82.224953,92.276924,224.335846,39.465263,220.870560,72.688721,55.939999,133.502228,28.786924,64.996956,152.376877,76.487869,225.239532,24.651493,105.088379,175.469543,105.720093,41.358986,167.465591
2022-10-17,139.930222,230.804749,113.790001,99.150528,132.996323,277.019989,219.350006,11.872431,106.575951,180.334213,150.292938,41.972450,115.523590,288.967194,89.436714,488.729248,257.318329,139.750015,323.505554,30.721643,127.294891,50.182087,41.195412,154.101181,443.445343,64.182785,511.861755,37.428642,35.783752,96.555687,293.500000,84.497765,95.090675,227.398834,40.187473,226.285477,72.953026,57.959999,135.887161,29.419945,66.699547,154.896667,78.228935,226.664398,25.136723,105.444733,180.233307,107.023544,42.007797,169.918488
2022-10-18,141.246872,231.747284,116.360001,99.943954,131.765991,281.670013,220.190002,11.951327,109.317146,182.203262,149.769669,42.857464,116.458015,294.197205,89.596687,489.038330,260.794891,140.971603,325.712463,31.873018,127.462395,50.857918,41.144318,156.179871,452.139008,64.192375,518.957336,37.872711,36.144451,97.917473,292.980011,84.225403,96.214211,229.899048,40.836529,231.195435,73.583908,57.919998,136.355133,29.332903,67.976471,157.381485,80.905434,225.938522,24.613440,105.026039,180.382675,108.274147,43.274818,172.502945
2022-10-19,141.354965,229.784515,115.070000,98.813309,132.192627,278.339996,222.039993,12.035216,107.173851,181.463440,148.578812,42.736061,117.537590,291.631195,92.254402,487.268372,252.039429,145.545898,320.132111,30.995783,126.166618,50.425392,41.188793,154.663239,450.381165,63.493286,500.362335,37.954269,35.341061,91.509651,299.829987,83.182899,96.712471,231.338272,39.876648,224.509521,73.720322,57.230000,137.381088,28.937260,66.690483,156.856506,81.155479,222.416656,24.737122,107.894669,171.737030,107.895424,43.170773,173.311203
2022-10-20,140.893173,229.463821,115.250000,99.150528,130.505875,273.529999,207.279999,12.178032,106.824310,182.251953,148.957748,42.841488,116.023666,290.181610,92.378822,487.792816,246.522797,146.377579,319.918243,30.794750,125.990295,49.632427,40.715675,152.968140,443.875183,66.318405,481.806915,37.800205,35.177101,88.804756,302.380005,81.548737,96.321671,230.434128,39.904068,211.616516,72.492630,57.770000,138.344070,29.277517,63.973583,155.421616,80.794289,221.753464,24.813234,108.518280,166.471207,112.994736,42.827999,169.674133
2022-10-21,144.705597,235.264832,119.320000,100.301010,128.997696,282.510010,214.440002,12.449675,112.435524,185.318329,152.205551,43.707329,117.476372,296.146301,94.094307,499.826508,252.076004,150.042221,331.292786,31.936983,129.630829,50.425392,42.554180,154.395569,456.829773,69.622337,491.584442,38.788029,36.849472,88.664833,306.369995,83.117165,99.692307,234.844101,40.982807,212.931046,73.754417,58.820000,143.743912,27.971897,64.888283,159.944992,81.998253,225.777237,25.660007,110.905838,170.271164,114.403854,44.572445,179.967712
2022-10-24,146.847626,240.249573,119.820000,101.679611,128.709961,287.480011,211.250000,12.582499,112.573471,185.649338,154.253479,44.541222,118.198158,299.309875,94.752068,507.196655,259.148071,149.990250,338.224518,32.046642,133.006927,51.876156,43.196655,158.517319,474.780914,69.833031,499.768585,39.458664,37.333141,91.677536,316.220001,82.656967,99.379669,235.554459,41.321049,219.094666,74.334175,58.700001,145.480911,28.462492,66.364456,163.523407,83.100334,234.183182,25.859806,111.484917,175.163544,116.861053,44.902988,180.989532
2022-10-25,149.687317,243.563019,120.599998,103.623558,136.439301,289.239990,222.419998,13.243632,112.867844,189.221939,154.009918,44.752090,119.559509,305.000244,94.112091,505.904297,265.552246,151.549637,341.539673,32.339054,132.063721,53.119675,43.532566,159.043671,476.777466,70.043709,509.278809,40.201813,37.374142,91.360405,323.790009,86.141312,101.958931,235.932755,41.476463,219.268738,75.451004,61.470001,145.939850,28.826483,68.700974,165.929459,81.831551,232.991287,26.078634,110.415863,180.989578,117.072395,44.682632,184.338730
2022-10-26,146.749374,224.770584,115.660004,94.151833,128.809204,288.519989,224.639999,12.879110,114.164871,197.934433,155.363144,45.093945,120.400047,312.933533,95.232056,508.666962,265.451508,153.420990,347.907471,32.622326,134.434937,53.516151,43.637604,159.757401,477.150116,71.652596,497.779419,40.219929,37.759438,91.798813,320.480011,86.770576,102.222710,236.744614,41.778145,220.931488,76.371758,59.730000,142.078995,28.826483,68.465515,166.471924,83.831963,238.968643,25.888350,112.758888,180.709473,118.904259,46.188377,186.344467
2022-10-27,142.278641,220.329987,110.959999,91.464058,97.177399,289.880005,225.089996,13.158743,114.615601,198.868942,155.453339,44.962952,120.491402,312.796417,95.596481,507.383911,266.284149,154.122681,346.420044,32.777676,135.307602,53.642300,43.090691,159.587906,475.226379,71.968628,493.147980,40.256184,37.497112,90.409027,318.649994,85.033089,102.037094,244.586578,41.732437,215.986725,76.337654,58.599998,141.080002,28.628662,68.347778,171.913971,85.017380,239.479431,24.994007,112.821251,180.812164,118.692909,46.518902,200.706329
2022-10-28,153.028137,229.191757,103.410004,95.500694,98.427589,299.630005,228.520004,13.815881,115.976990,203.784927,157.762909,45.531670,123.542961,322.688507,98.396378,516.224182,273.228027,155.924683,349.890808,33.060947,130.115677,54.750645,44.746563,162.576599,488.941315,74.085060,498.610748,41.361828,38.882542,92.796799,325.679993,88.122993,103.512344,253.268127,42.372364,219.207809,78.886787,62.009998,146.377762,29.807674,71.571831,179.298309,88.055038,245.376099,27.658007,113.293404,185.545807,121.986717,47.945072,207.518250
2022-10-31,150.669876,225.557678,102.440002,93.735275,92.434631,295.089996,227.539993,13.479322,115.793007,201.662796,156.950989,45.474155,123.040482,321.425049,98.494141,519.886047,270.922546,156.721741,352.019867,32.933022,129.049057,53.930653,44.483521,161.996704,479.973480,74.765015,508.635559,41.171505,38.161133,92.283829,318.500000,87.042915,104.088776,251.552109,42.043259,219.094666,78.307060,60.060001,145.715546,29.570286,70.186218,178.502136,87.814247,242.275452,27.049091,112.331238,182.016586,121.792976,47.626797,204.793488
2022-11-01,148.026733,221.709793,96.790001,89.728394,94.458733,294.130005,227.820007,13.525263,117.881126,201.438919,156.157028,45.269669,123.232353,326.331970,99.471893,512.544006,270.858459,157.865326,342.774353,33.079227,129.498611,53.741421,44.273453,161.265137,478.499573,73.845657,512.317017,41.198704,39.358025,92.628906,316.019989,88.066612,103.561188,251.819702,42.920876,222.707428,78.196228,59.660000,147.774780,29.570286,70.376381,177.697220,88.490318,243.807846,26.925407,113.836845,180.709473,121.713715,47.871628,206.723541
2022-11-02,142.504593,213.868286,92.120003,86.257072,89.835022,289.459991,214.979996,13.201687,116.795685,195.617599,153.757263,44.969341,121.459900,313.237213,97.427536,508.910431,264.152435,154.642502,345.088165,32.978710,127.391869,52.993511,43.150299,159.016891,462.755737,71.939896,485.884186,40.392124,38.587418,91.444351,301.220001,84.807678,99.477364,249.439392,42.856884,211.146378,76.201241,58.630001,143.774231,29.839329,69.986984,175.396194,87.193764,241.074661,26.088152,112.705444,173.389587,120.507156,47.375828,202.976929
2022-11-03,136.461716,208.183914,89.300003,82.746109,88.217720,283.850006,215.309998,13.403421,117.007256,189.582077,154.018890,44.959759,120.628456,302.806366,98.751930,509.078918,257.537903,156.920990,351.621277,32.795956,127.303741,52.966496,42.023354,158.606522,465.416351,71.853722,481.886108,39.739616,38.504742,89.961319,285.929993,84.901604,96.966492,251.819702,41.900009,210.171371,75.314583,60.110001,141.987167,29.396214,70.802025,178.825882,87.795731,238.269653,26.059605,119.217796,167.890350,118.428688,47.975677,207.442566
2022-11-04,136.195969,215.121735,90.980003,85.870293,90.083076,287.470001,207.470001,14.137463,120.208374,191.752945,154.704575,45.039639,122.830353,311.817047,99.827431,503.984467,259.852478,158.904892,347.470032,33.618362,128.061783,53.399002,44.027431,159.498672,465.531281,72.782646,490.406738,40.346817,39.042171,91.472336,285.750000,89.963753,97.288910,253.360352,43.004101,215.002945,76.712784,62.189999,147.547974,29.467421,71.363541,181.853119,88.184685,241.101471,27.192631,117.881462,170.065781,120.621658,49.622200,215.569595
2022-11-07,136.727417,221.418304,90.529999,87.764626,95.966904,290.190002,197.080002,14.282269,120.843102,194.790161,156.057770,45.512489,124.712448,318.437836,101.009605,510.399323,265.561401,160.802216,354.917053,33.819397,130.547592,53.606255,44.966091,160.774460,467.579315,73.491310,486.992584,40.374001,38.934685,92.806129,299.540009,87.756721,98.119339,255.011826,43.307716,216.805038,77.497116,63.080002,150.305725,29.427856,69.996040,183.532944,89.064507,248.252808,27.395132,120.215561,174.183167,121.837013,51.085094,216.288635
2022-11-08,137.298279,222.389954,89.980003,88.171272,95.718849,292.609985,191.300003,14.582877,120.916695,196.425552,156.833664,45.621124,124.995674,319.045105,101.329597,517.919250,266.357361,160.568298,356.462830,33.910778,130.926620,53.705376,45.618031,161.220535,471.608643,72.437897,487.061859,40.428371,39.149658,92.936714,302.170013,88.047844,97.601540,256.847748,43.408924,220.261215,78.861206,63.849998,152.500992,29.965929,70.883537,184.924088,89.157112,262.026703,27.462629,119.770134,175.863754,123.334229,51.415630,217.423935
2022-11-09,132.741348,218.153412,86.139999,86.604210,100.679924,288.649994,177.589996,13.757959,119.343727,189.205826,155.579651,44.560394,124.694153,309.143188,96.796432,506.316254,262.340973,154.148697,353.167053,33.371635,130.124466,52.957474,44.422012,159.293518,468.938385,72.457047,479.679230,39.793991,38.628769,92.768829,298.869995,86.498207,84.754089,256.285004,42.295635,214.985580,77.556801,59.919998,149.670746,29.768110,70.820152,183.429428,88.101341,259.571289,26.536924,111.591827,174.248566,122.443008,50.895351,213.384094
2022-11-10,144.551926,236.100479,96.629997,93.169945,110.998940,303.200012,190.720001,15.729374,124.255814,200.562271,157.402054,45.483738,128.988327,330.327942,98.218597,509.603363,285.167175,157.068253,358.465546,34.842842,131.975616,54.858780,47.932472,162.103745,491.104187,73.903099,515.176941,41.379948,39.174465,97.217934,329.950012,93.438713,88.378731,254.522812,44.117378,233.197769,79.500626,68.470001,158.470078,30.480270,75.348267,188.854156,90.611115,260.789978,28.696907,115.333534,190.764984,125.865273,52.260319,219.921661
2022-11-11,147.337296,240.113571,100.790001,95.619713,112.139977,309.720001,195.970001,16.305618,124.458191,200.006180,152.692719,45.554031,128.796417,332.306427,101.285149,488.916565,288.131378,161.538589,342.502167,35.098698,132.363449,55.255268,49.022507,158.847427,493.343781,74.448982,533.089233,40.591503,39.356358,97.087341,341.149994,99.637283,92.824051,250.380432,43.749352,235.922607,80.540733,72.370003,162.824402,30.306185,75.447914,187.034180,86.730705,255.422043,29.342974,119.342522,195.153168,127.594193,52.829556,223.743927
2022-11-14,145.939682,234.710983,98.489998,94.915520,113.330643,308.910004,190.949997,16.273659,123.179565,201.820847,155.092484,44.215332,128.805542,332.384766,101.580841,481.115662,280.794067,161.616562,347.123199,34.504738,133.756195,54.723621,48.561710,157.669785,487.802338,75.205536,529.219666,40.546181,40.712334,95.147263,340.369995,98.040688,92.110847,251.192245,43.123699,232.196625,80.080368,73.529999,160.964752,30.314102,73.953629,187.271561,86.082420,255.672943,29.265833,118.966896,191.082397,128.512146,52.535751,223.753372
2022-11-15,147.671890,235.119095,98.940002,97.633064,116.168373,309.980011,194.419998,16.644175,122.287300,204.874603,155.525543,47.106789,128.357895,336.439514,102.261803,471.057892,285.377563,162.916092,341.166534,34.449909,134.902084,54.633514,49.621468,158.080170,503.871674,75.828018,540.422241,40.691189,40.158371,96.201263,345.959991,100.219574,93.312553,247.105225,42.976486,235.339371,80.711243,76.370003,161.082703,29.831413,75.085670,189.408051,88.712570,254.149460,29.612972,119.914825,194.985092,128.636917,53.337601,221.946335
2022-11-16,146.441650,235.547806,97.120003,98.039711,112.348343,308.760010,186.919998,15.889163,122.452873,205.020966,156.490860,47.445457,129.499954,335.704956,101.168686,479.027374,288.103943,160.265091,344.071777,34.139225,133.870773,54.534386,48.420719,159.097214,501.613007,76.507950,530.446838,40.228996,39.728424,96.639641,338.410004,98.829597,91.788429,251.413788,42.516457,231.709061,80.745361,72.699997,157.354279,29.973848,76.362602,188.150787,87.378975,256.053345,28.475121,115.577545,200.857819,128.797333,51.966515,219.893295
2022-11-17,148.341187,235.499115,94.849998,97.553719,110.582199,307.440002,183.169998,15.656469,121.919327,205.850281,157.753906,47.285706,128.705063,334.245544,101.303070,482.576599,284.929291,160.719070,351.714966,33.965599,134.126419,54.705597,48.456688,160.613846,498.942749,75.847176,524.390381,42.222775,39.959934,95.660263,337.829987,98.951683,89.345955,252.197922,42.314037,226.015610,81.129013,73.900002,159.077835,30.195406,74.578514,188.599197,88.059006,259.238647,28.822262,117.321419,194.574280,130.196518,52.266438,218.020035
2022-11-18,148.902161,235.050858,94.139999,96.631340,111.177536,310.760010,180.190002,15.388819,123.115181,205.664886,158.962784,47.998184,130.258255,336.615906,100.424988,496.333435,286.521149,159.758713,352.592438,33.983879,136.612183,55.093067,48.745277,161.773636,501.191833,76.354752,529.684814,43.310295,39.877254,96.882141,330.859985,99.008049,89.687912,252.207153,42.783264,226.912292,82.083855,73.570000,158.914581,30.504004,75.348267,188.616745,88.832184,259.229584,28.802980,114.996254,196.002762,131.577866,52.321518,218.956619
2022-11-21,145.673950,235.859650,92.459999,94.816345,109.004593,311.200012,167.869995,15.296942,122.388481,201.294006,159.779984,48.292118,131.911957,331.287781,99.430420,484.337158,289.814728,158.230881,352.104889,34.093536,138.489731,55.940105,48.961006,164.887283,500.904724,76.440926,530.714111,43.156223,39.835911,96.891472,321.489990,97.514755,95.334923,253.268127,43.096104,226.398682,82.612450,72.459999,156.392715,30.559391,75.710533,190.401535,89.614685,260.014557,27.906199,112.223984,196.320221,130.722366,52.572487,219.656738
2022-11-22,147.809692,238.763428,93.199997,96.254463,110.572281,315.760010,169.910004,16.016998,124.219025,205.206360,160.551819,48.464657,133.044876,337.859680,102.306610,489.862457,297.225250,162.290512,351.822235,34.258011,140.852112,56.183395,50.154186,164.905106,509.116333,78.643578,539.096130,43.844982,40.580044,97.814857,330.880005,99.524597,93.996437,253.489548,43.344513,228.122375,82.834114,75.250000,160.765167,31.018339,76.172424,192.335831,90.220192,259.013000,28.754763,116.239319,200.241577,132.879074,53.435532,224.472412
2022-11-23,148.685684,241.248215,94.129997,97.652901,111.366051,316.179993,183.199997,16.497362,125.543625,206.572205,160.724319,48.697887,133.803207,341.463928,101.795891,496.061981,294.142120,160.850021,352.641083,34.367672,140.499542,56.435696,50.493877,165.119217,511.547424,79.064941,541.609802,44.017174,40.389874,98.887527,335.779999,100.163231,96.605003,252.114883,43.546932,229.262787,83.644043,76.400002,162.361771,30.796782,77.296539,192.467712,90.481018,255.719574,28.610123,113.341827,197.020493,132.567154,53.784420,224.150772
2022-11-25,145.772369,241.160492,93.410004,96.661102,110.542526,317.429993,182.860001,16.248693,125.782806,208.582031,160.933182,48.905560,134.049911,344.059387,101.437492,503.469421,298.597534,160.378525,356.082520,34.449909,140.702271,56.489769,50.140938,164.253876,510.753021,79.218163,545.528564,43.863117,40.687534,99.764259,334.299988,99.515190,96.595245,253.710999,43.648132,232.475174,83.763405,75.139999,160.629089,30.875910,77.678848,193.470001,90.797752,256.026367,28.291910,113.404434,196.973770,132.228470,53.949692,222.996490
2022-11-28,141.943787,235.577026,93.949997,95.262657,107.932999,313.269989,182.919998,15.806273,123.584312,206.113678,161.014908,49.046131,133.940216,337.497223,98.391029,498.459320,291.772583,155.716476,356.589508,33.682331,139.653336,56.498775,49.412361,164.057541,508.130554,77.944466,534.425110,43.573105,40.985180,98.299889,328.970001,98.576012,93.488403,251.755081,43.224903,227.356262,83.234810,73.190002,156.936996,30.258709,76.213394,189.706970,90.266785,255.015717,27.703699,110.748405,195.171799,130.276749,52.315403,219.779770
2022-11-29,138.941910,234.183624,92.419998,94.409706,108.607697,315.130005,180.830002,15.618519,125.617210,203.967285,159.888947,48.873611,132.916977,336.067413,99.045128,494.460510,289.064545,158.047516,354.815186,33.810268,139.450546,56.300541,49.334766,162.897766,506.254761,77.427338,534.147949,43.754360,40.919044,97.936119,326.779999,99.787552,92.511414,250.398895,43.767750,225.493271,83.371231,73.389999,156.918854,30.337839,75.084702,190.542221,90.760490,254.447266,27.867628,111.115059,193.705978,130.553040,52.431698,222.447739
2022-11-30,145.693649,248.614853,96.540001,100.162148,117.180428,318.600006,194.699997,16.905157,127.107391,211.713837,161.623215,48.697887,136.279175,349.064209,99.761925,512.965454,298.204193,160.038086,361.766235,34.586979,142.077377,57.725296,52.139347,165.502838,516.103210,79.515030,554.405518,45.059383,41.448200,100.342552,344.929993,103.018326,95.618248,253.089447,44.117378,238.020630,84.974030,77.629997,163.704315,30.844257,77.096306,193.030411,91.962173,258.426514,28.995831,110.453300,198.448975,132.700836,52.621449,223.668243
2022-12-01,145.969223,248.176361,95.500000,100.162148,119.502205,315.839996,194.699997,17.116940,125.322868,211.713837,162.295181,49.001408,136.361389,353.373718,99.278091,502.804504,301.039154,159.322174,361.034943,33.594315,142.474045,57.888645,52.112858,166.885315,482.232117,80.549309,558.700500,45.285946,42.233681,100.668991,344.109985,104.351959,96.321671,253.655426,43.123699,239.004395,87.352638,77.480003,161.019180,30.329926,77.214630,191.131302,92.688774,258.011505,28.764408,110.050850,201.184570,132.932541,52.186867,222.987030
2022-12-02,145.477112,248.497955,94.129997,99.616661,122.528465,316.149994,194.860001,16.858210,124.329430,212.357773,162.422318,48.953484,137.603973,352.648834,98.435844,503.649811,301.885834,158.047516,365.353821,33.162323,144.263443,58.396832,51.171371,166.696823,473.302673,79.821487,557.156738,45.041248,42.093109,100.818237,341.529999,105.699081,97.142357,253.655426,42.268032,238.734543,88.921349,74.980003,161.164307,30.211229,77.551407,192.617172,94.095413,257.623505,28.359407,109.263908,200.587021,132.495834,53.178455,223.403351
2022-12-05,144.315750,243.801208,91.010002,98.664551,121.476707,310.570007,182.449997,16.592491,120.843102,208.474701,162.331467,48.451878,136.215210,348.760559,95.738838,502.597809,294.605377,154.145020,360.021149,31.682522,144.510315,57.598255,50.210011,164.389679,467.684631,76.067451,551.426819,44.705929,41.944283,98.318550,334.089996,103.268578,93.722885,251.976135,40.170277,233.284821,88.222244,73.620003,160.919373,29.332903,77.505898,189.557526,93.788010,257.082031,28.127981,106.750954,192.501556,131.372910,51.819603,220.035217
2022-12-06,140.654449,238.851105,88.250000,96.185036,113.231430,307.779999,179.820007,15.970147,121.045456,203.986755,159.898071,47.889561,136.388824,340.376831,93.077698,506.618347,292.184692,150.172653,359.289948,30.331394,144.316345,57.571014,49.753937,163.052078,460.506592,75.569466,544.816162,44.035294,41.100937,96.872818,331.149994,101.676529,90.166634,252.143112,39.931061,231.003922,86.645027,70.269997,158.152573,29.190472,77.533211,187.438599,91.971497,255.620300,27.578344,103.388420,188.514847,131.453125,52.199108,215.985886
2022-12-07,138.715561,238.120270,88.459999,94.161758,113.042908,305.820007,174.039993,16.103010,120.962677,202.747711,160.869598,47.640350,137.265915,340.269135,92.871620,509.990631,294.669861,150.617905,362.633881,30.092421,145.797211,57.661770,49.061298,163.545792,461.281799,75.444954,552.347107,43.663727,41.539158,97.758911,326.679993,102.053337,90.029854,250.816376,39.056988,233.519867,86.858170,70.139999,157.617355,29.412033,77.633324,187.667221,92.260269,257.848969,27.317987,102.735588,193.164474,131.248169,52.027721,216.638718
2022-12-08,140.398544,241.072815,90.349998,92.941826,114.431984,305.989990,173.440002,17.150902,122.232094,204.006287,160.896835,47.714111,138.252640,343.941895,93.561531,514.696960,298.296295,151.508392,362.458435,29.816679,146.317307,57.906803,50.251648,164.982208,460.755371,76.680351,562.055237,44.397800,42.812443,99.726944,332.579987,104.907776,90.420647,253.646164,39.176601,236.636475,87.011627,70.470001,159.985016,29.356649,78.061142,187.579300,92.679466,257.677582,27.424063,100.696648,190.055389,131.702698,51.189163,218.474136
2022-12-09,139.916290,239.143433,89.089996,92.069054,114.997566,306.390015,179.050003,16.983078,121.569809,203.616043,159.571198,46.601276,137.887177,341.650024,92.773048,506.505646,294.973602,146.671738,351.929474,29.761534,143.734558,57.298779,51.542286,164.371750,462.286682,76.479240,554.415344,43.917484,42.762829,100.277267,330.640015,103.080177,91.231544,252.393570,39.102993,234.477478,87.037193,68.589996,158.080002,29.594030,76.923347,186.067062,91.542976,251.433472,27.231205,98.389374,188.384140,131.052078,49.854805,215.039780
2022-12-12,142.209549,246.052109,90.550003,92.545105,113.816826,311.450012,167.820007,17.516516,123.455536,209.362549,161.477936,47.470371,139.303360,350.797729,95.057877,512.761841,301.876678,148.199570,358.032410,30.083227,145.726730,58.051991,52.669231,165.152771,466.746735,77.839127,561.708862,44.678741,43.126629,102.124046,338.170013,105.576614,92.482109,256.642822,39.434216,238.090302,87.472000,70.669998,161.001022,30.029236,78.780228,188.590393,92.744667,249.746170,27.665133,99.963310,191.474518,132.977097,50.932079,220.498795
2022-12-13,143.174072,250.349335,92.489998,94.846085,119.214478,312.329987,160.949997,18.052948,123.335953,207.850296,162.721924,47.300407,139.093231,349.798767,96.097252,505.585144,306.395874,151.499680,349.657928,30.101610,145.259537,58.070152,54.032734,165.062958,467.244415,77.149605,565.449829,44.986870,43.879032,104.026825,342.459991,106.311432,92.521187,254.471817,39.213406,240.867432,87.233307,71.650002,161.019180,29.958019,79.326355,188.994843,93.052094,245.667618,27.703699,101.421005,197.207199,134.189163,50.730087,222.797836
2022-12-14,140.949738,250.641663,91.580002,94.290688,120.643250,309.290009,156.800003,17.655375,122.719604,208.123520,163.221313,47.037434,139.641388,350.151367,95.389404,505.716553,306.892883,150.452057,354.376404,29.669617,145.321243,58.070152,54.354435,164.605133,462.765259,78.356255,561.637695,44.678741,45.044846,103.774986,339.920013,104.992554,91.983833,254.703735,38.808571,238.734543,87.352638,68.930000,159.495163,29.633596,79.235336,188.783813,93.107956,244.647980,27.250490,100.938080,198.038132,133.556366,49.915230,221.842239
2022-12-15,134.345612,242.641632,88.449997,90.115204,115.245613,301.910004,157.669998,16.934132,119.674881,202.845276,161.160202,46.617317,138.060806,339.123077,94.475464,495.684113,301.526917,149.325806,350.974060,29.200861,143.769821,57.271553,52.798862,161.813217,443.996979,76.680351,548.330200,43.636543,44.325504,101.219307,328.709991,102.222900,88.408043,252.106018,38.063305,235.121689,86.338104,66.529999,154.224594,29.886803,78.106651,183.728363,91.747925,240.145386,26.180141,100.651917,194.219452,126.872330,48.285484,218.228149
2022-12-16,132.387054,238.432129,87.860001,89.520126,118.500076,300.000000,150.229996,16.553535,118.929771,201.850113,159.507614,45.780281,137.448639,338.721558,93.812416,491.945526,297.605957,147.300339,350.837616,29.136517,141.460327,56.944851,52.601101,161.894012,441.642578,76.211105,531.151184,43.328415,42.498253,99.717621,338.540009,99.811234,88.007477,246.901123,37.897697,228.113647,85.494072,65.410004,153.807327,29.372469,76.586571,184.405365,91.608185,241.291336,25.958355,98.764969,192.464233,124.911682,47.574764,220.177124
2022-12-19,130.280807,234.300552,84.919998,87.715034,113.588631,300.029999,149.869995,16.236866,119.638077,199.830551,159.335083,45.796314,137.412079,334.235901,94.233551,491.851471,292.074280,148.313065,348.800110,29.467411,142.350647,57.026527,52.440815,162.791763,438.943695,77.092148,524.943054,42.956844,42.465183,99.419144,328.760010,97.079239,83.806404,246.632065,38.477341,225.232117,85.775429,64.589996,152.047455,29.301252,76.022240,184.115189,90.862961,239.748367,25.833004,98.764969,189.691254,123.762009,47.825974,219.770309
2022-12-20,130.211899,235.616058,85.190002,88.290276,116.178291,302.000000,137.800003,16.068045,120.217590,200.357407,159.507614,46.197186,137.466934,335.891052,95.595482,488.667084,289.782471,150.748871,350.613373,29.586895,141.548523,56.981152,51.905552,162.693008,438.168427,77.513519,523.289429,42.929661,42.432102,99.325874,338.220001,97.229980,85.017883,247.949585,37.704483,222.515915,86.039711,65.050003,150.668564,29.269600,76.022240,185.943985,91.459160,238.891129,25.495501,100.741356,187.534531,125.909821,49.216770,222.466690
2022-12-21,133.312210,238.178757,86.769997,88.845688,118.827507,307.820007,137.570007,16.483608,121.569809,201.772079,161.332657,46.559586,138.727753,338.574585,96.823021,495.552643,293.942688,152.521133,358.773315,30.037271,142.985306,57.897717,53.547581,163.833115,442.226410,78.049820,534.567322,43.192474,42.713226,100.864876,341.380005,109.071686,84.920174,248.793823,37.833294,227.199554,86.790878,67.680000,153.063461,29.894714,77.050781,189.117920,92.930992,240.253677,25.871576,103.987587,189.000336,126.676247,50.840374,228.701477
2022-12-22,130.143005,232.098328,83.790001,87.040611,116.208061,302.690002,125.349998,15.322829,120.190002,200.064697,160.742493,46.014389,139.047516,334.490387,94.869713,495.130005,290.960571,150.233765,356.141083,29.770720,143.919678,57.480278,52.770935,162.567322,439.020203,77.082565,533.824585,42.884335,42.696682,100.762283,336.519989,109.947800,84.675934,246.576401,37.428467,225.188583,87.084465,63.860001,149.407639,30.314102,75.858383,186.664948,91.766556,239.351334,25.042292,100.964920,185.937958,125.553352,50.099022,224.737305
2022-12-23,129.778854,232.624527,85.250000,88.498558,117.120903,306.489990,123.150002,15.189973,120.760323,200.815933,161.151077,46.107391,139.440399,336.527740,97.378555,499.094086,293.362885,154.878357,358.666016,29.844257,143.769821,57.915871,52.707966,163.617630,442.791046,77.427338,535.349304,43.029339,42.853786,100.902184,338.450012,109.514442,85.985100,248.246475,37.704483,226.224533,87.801094,64.519997,149.117355,30.393225,76.613884,188.036499,92.502487,238.142212,25.158007,105.329277,188.486847,126.239571,50.111279,226.941742
2022-12-27,127.977737,230.899811,83.040001,86.673637,115.969925,305.549988,109.099998,14.106115,121.183456,201.264694,161.105652,46.120220,140.655533,339.035034,98.731529,499.732788,294.117554,156.825287,355.721863,29.899401,143.672852,58.269787,52.813877,164.344803,438.819183,77.551834,540.062500,43.074654,42.275017,101.265938,335.089996,110.748535,84.382835,247.569153,37.759693,227.112549,88.655876,63.270000,148.573074,31.057905,76.459129,188.933273,92.837837,237.663986,25.013367,106.607063,188.328140,126.925804,50.754597,230.035507
2022-12-28,124.050713,228.531937,81.820000,85.314865,114.719727,303.429993,112.709999,14.021204,121.845764,199.996414,160.406509,45.312042,138.837387,334.911652,97.109756,496.407471,290.601593,154.511673,356.053314,30.119991,143.002930,57.688992,51.988556,163.159805,433.545746,76.929337,538.052490,42.657784,42.002159,100.575714,328.329987,108.318039,82.233452,245.964066,37.833294,225.771835,87.153526,62.570000,146.223557,30.709736,75.694557,186.559402,92.353432,235.886398,24.627653,103.763504,186.787598,124.786911,50.221561,226.478165
2022-12-29,127.564392,234.846237,84.180000,87.724953,119.323608,309.059998,121.820000,14.587605,122.544861,202.991638,161.223694,45.587856,139.412994,341.042786,97.844475,497.750732,294.909149,155.681610,357.808105,30.460072,143.293823,58.033848,53.221272,163.366287,436.933777,77.954041,551.518372,43.047470,42.440369,102.888878,337.579987,110.550713,85.174202,246.724838,38.026508,232.533936,87.369377,64.820000,149.697937,31.065817,76.531975,188.810181,93.461990,237.456451,25.273720,104.735344,188.841644,125.713753,51.312138,227.253937
2022-12-30,127.879303,233.686646,84.000000,87.506760,119.402977,308.899994,123.180000,14.598598,123.354370,202.698914,160.397430,45.472401,138.471924,340.572693,98.830086,498.032593,290.721252,156.703033,356.657745,30.441692,142.456406,57.725296,53.347214,162.181305,436.905029,78.279655,545.260742,43.174351,42.365963,102.403885,336.529999,110.230408,84.881096,244.498199,37.989697,231.287857,87.386650,64.769997,149.879364,31.176601,76.095047,188.414536,94.011574,236.987244,25.485865,106.184143,186.021973,125.562256,51.336639,226.648468
2023-01-03,123.096001,233.452789,85.820000,88.389473,123.768723,309.910004,108.099998,14.299911,124.292587,202.337936,161.795761,46.052876,138.481079,339.661804,95.434196,487.192291,290.767273,151.901276,355.829071,30.800152,143.135162,57.126354,52.808144,161.059158,433.823242,80.175842,547.726257,43.446220,42.382496,102.208008,336.920013,111.869591,86.923019,245.240402,38.449749,228.542908,87.464348,64.019997,148.056000,31.746321,76.304420,188.414536,93.909111,236.093918,25.775145,101.792801,185.835251,126.150444,52.065735,226.005112
2023-01-04,124.365662,223.240845,85.139999,87.357979,126.378258,314.549988,113.639999,14.733452,125.451637,207.430786,163.557236,46.104183,139.084076,347.839935,95.711983,473.909698,294.283325,150.286148,353.986511,31.379202,144.289886,57.099129,53.453121,160.664154,436.962585,80.903671,556.380005,43.437099,41.448200,103.728340,341.410004,114.187057,89.863762,245.296112,39.241005,232.115646,87.403923,64.660004,153.462570,32.545525,76.905159,184.669113,93.937042,238.566330,26.691206,101.990753,188.029312,127.086220,55.096188,228.351425
2023-01-05,123.046814,216.624496,83.120003,85.493385,125.951599,312.899994,110.339996,14.249963,125.423851,205.967346,162.349655,45.947048,137.357285,344.529541,97.853432,460.251343,290.362305,152.992584,349.911438,31.314861,144.113571,56.445736,52.955074,158.985428,430.865906,80.740860,551.449097,42.825047,41.059593,103.345932,328.440002,113.631248,89.805138,243.227127,39.029385,222.408234,87.049919,62.330002,151.430588,32.996548,75.212135,179.771912,93.974304,240.795059,26.575493,105.077309,187.450516,125.758324,55.951675,227.329681
2023-01-06,127.574219,219.177460,86.080002,86.624054,129.007614,318.690002,113.059998,14.843338,127.823898,212.445557,163.666199,47.072704,140.628113,360.686646,99.036171,460.288879,292.258392,154.145020,353.830597,31.627371,146.810959,57.534721,56.142769,162.576309,462.143158,82.033699,529.725403,44.140491,42.101376,104.772987,332.750000,117.314690,91.759125,250.009186,39.379013,220.020584,89.355225,63.959999,158.896439,33.384281,76.140564,184.871338,95.446144,248.320496,27.703699,106.391113,187.637222,128.066544,56.461815,235.447220
2023-01-09,128.095886,221.311462,87.360001,87.298470,128.461899,315.529999,119.769997,15.611526,127.295708,213.274872,159.425888,46.485821,138.910507,363.924011,97.190376,460.345276,292.516022,152.940216,341.049530,31.149422,142.500473,56.817806,55.041721,160.987335,458.200073,83.071854,540.706177,44.377995,40.009544,104.605103,341.980011,117.616150,92.589561,247.949585,39.001785,222.251373,88.327782,67.239998,160.275284,33.250057,76.522858,185.223038,92.781937,243.736633,28.262980,105.608231,186.208725,127.932838,57.034752,233.327927
2023-01-10,128.666702,222.997208,89.870003,87.695198,131.954498,316.350006,118.849998,15.892229,128.435516,215.704208,159.044510,46.456951,138.773438,363.963257,98.641922,456.531403,295.111664,153.691040,343.896301,31.360817,140.719910,56.382217,54.854713,159.658707,460.736237,83.148773,562.429810,44.588112,39.372898,106.190742,338.700012,118.548782,93.361397,249.489670,38.974190,232.568771,88.232796,68.050003,161.835571,33.716221,76.950661,185.812088,93.080040,247.129410,28.388338,106.256134,188.038681,129.046875,59.075359,237.008270
2023-01-11,131.383118,229.740265,95.089996,90.769775,131.855270,320.369995,123.220001,15.984133,129.389954,216.689636,158.790298,46.864254,137.649658,370.683136,99.788811,463.482666,302.815491,152.957657,351.363983,31.599791,138.542648,56.273308,55.160984,159.838272,463.521362,85.167404,576.816528,44.953506,39.232330,105.537834,342.929993,120.527130,94.113693,249.396912,39.323811,238.598892,88.120552,69.059998,162.261948,33.097351,77.369370,186.656158,92.772621,246.254074,28.783689,106.400101,194.751694,129.456818,60.974678,237.216385
2023-01-12,131.304398,232.410172,95.269997,90.382988,135.645569,318.929993,123.559998,16.493593,129.260254,218.172577,157.991257,46.440926,136.872986,372.596069,101.446442,465.615082,303.616211,154.598969,350.106445,31.682522,135.454819,55.547325,55.523548,157.800461,461.722015,85.340424,575.806641,44.761665,39.447311,104.338539,344.540009,120.480011,97.513611,247.430054,39.406620,237.291779,87.585236,70.800003,161.590714,33.603695,77.433075,189.891632,93.788010,244.458450,29.207973,108.127853,196.310867,129.715302,61.892952,241.322556
2023-01-13,132.633057,233.111740,98.120003,91.364876,135.913406,317.640015,122.400002,16.881187,132.522095,217.626205,157.473709,46.594852,137.850647,368.387543,101.383728,459.884979,304.849518,155.018066,352.543579,32.381058,136.682831,55.746975,55.243034,157.315674,464.421021,85.744156,578.083984,44.652054,39.563057,106.352982,344.380005,121.384407,97.113060,249.471115,40.685516,238.433334,87.809731,71.000000,162.388977,33.643883,77.078094,190.445526,91.924911,245.189392,29.034405,109.306671,198.084839,130.018295,62.944641,244.529770
2023-01-17,133.794449,234.203125,96.050003,90.541672,134.306046,314.859985,131.490005,17.683340,130.474182,217.567703,156.502167,46.312641,137.448639,367.877472,101.186592,455.667175,301.462433,157.576080,348.761017,31.728481,135.997650,55.973843,55.265938,158.051804,465.875793,85.167404,582.064270,43.921249,38.099602,106.240547,344.380005,120.715538,97.611320,254.314102,40.593502,239.566193,87.403923,71.589996,159.114151,32.832119,78.042931,186.603378,91.692024,243.104996,28.542624,108.199844,195.619995,129.394470,63.172249,242.448364
2023-01-18,133.075989,229.779221,95.459999,90.373062,131.984268,308.299988,128.779999,17.358685,126.554337,214.113907,154.141342,45.167736,133.766663,361.912933,99.107841,447.363220,297.928131,154.729965,343.174835,30.993172,132.767441,54.276836,54.793652,154.065933,458.889099,83.350632,574.331299,42.843315,37.206642,104.479088,341.309998,119.104614,96.761330,246.826920,39.912659,235.819122,85.702972,70.529999,157.626419,32.124847,76.277107,179.569717,89.186172,238.566330,27.780842,106.679070,194.667664,125.134476,62.214729,239.193802
2023-01-19,133.135056,225.998428,93.680000,92.287254,135.089905,305.230011,127.169998,16.747328,124.867836,215.040771,153.932541,44.523121,130.937729,360.951538,99.744011,454.990875,286.137604,156.275269,342.268158,30.542795,132.331406,54.195164,53.737446,152.279510,449.337524,82.610451,578.103638,42.441368,37.173565,104.750778,342.529999,117.314690,96.800407,244.544586,39.517025,235.958542,87.369377,67.709999,155.059189,32.197182,75.175720,176.422165,87.788864,236.436813,27.404776,107.659920,188.720245,125.321648,60.323257,233.613663
2023-01-20,135.693985,234.076431,97.250000,97.216499,138.284805,309.869995,133.419998,17.820198,125.173630,218.845734,153.215195,45.071529,131.443375,369.133087,101.562912,457.207733,289.929718,157.934021,337.383911,31.112654,133.114471,54.521866,54.458767,152.503922,459.501648,83.869705,587.807068,42.733700,37.297592,105.706482,356.380005,119.283600,101.099174,249.183487,40.409500,239.113022,87.913338,70.070000,156.936996,32.148949,74.474854,177.626648,87.900650,237.528625,28.176195,109.603622,190.961014,125.838501,60.966827,237.378113
2023-01-23,138.882889,236.376083,97.519997,98.971992,142.154449,310.420013,143.750000,19.172768,127.203003,218.718948,152.824753,45.744995,129.678177,371.379639,101.034271,456.352966,290.371552,157.724503,333.620880,31.544651,132.189026,54.657986,55.493965,151.821640,471.465057,85.523064,598.857056,43.391415,37.190105,106.821457,364.980011,120.856827,103.258324,249.842255,41.430767,241.378677,87.334839,76.529999,161.626938,31.851580,75.248535,179.763138,89.661263,235.480316,29.188688,108.100838,191.502548,126.426720,62.607166,240.220444
2023-01-24,140.280441,235.849884,96.320000,96.899139,142.025467,311.299988,143.889999,19.244690,128.296509,218.435989,152.824753,45.866871,130.386108,372.792297,101.975082,461.791870,292.405609,157.872940,337.695953,31.774427,131.423782,54.948387,55.818367,153.231094,470.986481,86.224792,574.994629,43.674606,36.966866,105.434784,361.320007,119.481438,103.561188,250.092773,40.897125,236.655670,87.464348,74.699997,160.601883,32.486519,76.368118,181.934784,92.660843,234.334381,28.851191,106.913025,193.707932,126.097015,63.337070,244.887924
2023-01-25,139.621033,234.456421,97.180000,94.439461,140.398224,311.899994,144.429993,19.302629,128.917343,219.421371,153.914337,45.648788,130.294189,375.127045,101.437492,462.637299,292.009857,156.345093,340.952118,32.050171,131.512711,55.293232,55.880386,154.344269,469.809326,86.167114,569.647827,43.829891,37.264515,104.001244,358.170013,119.471992,105.632423,253.284286,41.715992,229.135483,89.294800,74.910004,158.787582,32.414185,69.714340,181.706192,93.163864,231.483032,28.639050,108.316811,193.426407,125.446365,63.407703,245.677002
2023-01-26,141.687881,241.657486,99.220001,96.720604,146.153076,310.950012,160.270004,19.781124,129.714279,219.236023,153.351395,45.607090,129.770111,370.074890,105.514336,462.618439,288.834412,163.949341,339.275269,32.482174,131.165665,55.184326,57.111187,152.809143,476.910889,86.349754,571.677673,44.158764,36.922413,104.066818,365.820007,120.140877,107.176071,254.880081,42.148426,231.671265,90.071869,75.160004,157.934860,32.365955,69.541420,184.062454,93.387436,229.985184,29.015118,112.168259,189.391022,119.822868,63.682396,249.175186
2023-01-27,143.626755,241.813370,102.239998,98.555443,150.558517,309.170013,177.899994,20.343533,130.029388,225.802048,152.752136,45.956669,129.236877,366.925903,103.587906,456.578369,291.485229,156.668121,333.513580,32.583271,130.169022,54.893932,56.387020,152.270523,481.686646,85.542290,567.974548,44.314056,36.538589,103.017441,370.709991,120.140877,107.019745,252.783279,42.433651,231.775803,89.588364,75.400002,158.968994,32.663342,68.795021,182.989838,92.781937,228.875320,27.154062,111.232391,190.029190,119.769394,65.322716,251.475739
2023-01-30,140.743027,236.502777,100.550003,96.145363,145.914948,307.329987,166.660004,19.141800,128.926620,223.519119,147.095322,45.587856,129.641388,364.071167,101.751083,456.334167,289.230194,152.084625,331.953766,32.445400,129.608429,55.030048,55.476799,152.144852,481.677094,83.965843,558.726685,44.049149,36.338326,102.886253,363.420013,119.048088,105.114601,251.326691,42.590065,228.961182,89.648804,72.449997,158.174149,32.992870,68.312599,180.923676,91.952858,227.016510,26.951565,108.460785,189.484879,120.580406,63.439098,248.585846
2023-01-31,142.012665,241.472321,103.129997,98.029770,147.810043,311.519989,173.220001,19.516407,129.695786,224.602036,148.384674,46.139462,130.900970,363.561005,103.946297,468.921631,298.369904,151.927490,335.512115,32.610844,131.477142,55.647144,55.816452,153.527313,489.199707,85.032837,564.707153,44.460220,36.847317,103.579605,370.339996,119.952469,105.993904,248.088669,43.123699,230.381592,90.002815,75.150002,161.901733,33.410805,67.930298,183.297562,93.014824,227.747406,27.250490,109.666618,195.434677,120.072411,63.164413,239.830688
2023-02-01,143.134674,246.285965,105.150002,99.606758,151.927734,310.570007,181.410004,20.920921,129.352890,225.275238,149.746628,46.396027,131.645660,366.974915,102.808380,466.864471,301.977966,149.605179,333.971832,33.015266,130.453781,55.656219,57.509052,154.012054,495.679077,86.561241,581.569092,44.368866,36.688782,104.769531,383.920013,121.996712,106.873207,247.040329,43.546932,233.100342,90.995728,84.639999,166.369293,33.507252,67.575310,181.750168,91.682716,222.342453,28.031557,105.914177,200.417938,120.393242,64.608528,237.216492
2023-02-02,148.439636,257.832916,112.910004,106.856834,187.300156,311.859985,188.270004,21.686117,128.750549,223.967880,150.309616,46.059284,130.707870,367.818604,99.591690,442.281219,312.746735,147.553513,322.399719,33.208282,128.887604,54.703358,57.797192,152.584717,501.834198,85.917175,581.282166,45.053997,36.997513,105.172417,392.230011,121.582230,110.605301,244.201309,43.732121,235.871414,89.372520,88.309998,168.762985,33.619770,68.813217,182.330444,90.322647,222.450775,29.111546,100.155037,207.925644,121.551804,65.879974,232.805649
2023-02-03,152.061539,251.742752,103.389999,103.921082,185.077591,308.510010,189.979996,21.077761,130.742905,224.524002,149.465210,45.446747,131.112427,366.808136,100.281624,443.399139,305.116608,147.937668,330.569366,33.484016,129.207993,54.294983,57.019592,151.821640,493.560303,86.147888,581.965210,44.423679,36.763874,104.741425,379.329987,120.216240,108.162827,245.147675,44.056202,235.148163,88.578163,86.089996,166.542847,33.362576,67.966721,178.206924,89.875526,221.223587,29.236900,97.284470,202.679626,122.041977,64.325966,235.524384
2023-02-06,149.335266,250.203140,102.180000,102.056503,184.611252,308.429993,194.759995,21.066767,131.511993,223.850815,148.330185,45.116428,129.999954,365.886047,100.111389,446.423828,303.063965,148.103561,329.185028,33.428875,129.047806,54.603539,57.370705,154.245514,494.317719,85.100113,570.489563,43.455357,36.513554,103.767006,375.230011,118.445168,107.342155,248.571121,44.148796,229.832581,87.904709,83.680000,165.364304,33.177723,68.731300,179.393875,90.956123,220.032486,28.002228,96.726547,202.585800,121.364647,64.632057,239.003677
2023-02-07,152.209152,260.717224,102.110001,106.757645,190.127975,312.970001,196.809998,22.149628,133.115158,225.685013,148.366501,45.212627,128.731247,367.936340,102.969666,447.964417,299.317902,151.988586,331.154327,33.796520,129.154602,54.512791,58.625362,154.012054,495.219025,84.340729,577.400818,43.702011,36.371704,104.928810,383.820007,118.068344,109.061661,248.033020,44.565472,231.793198,88.241440,85.910004,167.639206,32.591007,69.250122,180.651123,91.170357,220.167862,28.353594,100.802940,201.515945,121.061630,64.443687,237.330582
2023-02-08,149.522278,259.908478,100.050003,98.555443,182.001755,308.480011,201.289993,22.181589,132.179199,224.592316,148.557190,44.968906,127.398148,363.315765,102.073647,453.919922,295.258850,148.417847,332.178009,33.548367,128.682968,54.195164,57.409824,153.653015,483.023712,83.331406,573.519409,42.898125,36.697124,103.251671,378.359985,115.788574,109.208206,243.839478,44.676582,228.255341,87.455727,84.690002,161.253036,32.566891,68.294403,177.793732,90.965431,216.738998,27.563015,99.696098,199.667160,121.186440,64.325966,236.579575
2023-02-09,148.488800,256.878021,98.239998,94.231194,176.534637,307.209991,207.320007,22.313452,130.122009,224.201263,146.550507,45.385815,126.000679,363.384491,102.458931,456.277832,290.435913,147.055893,333.211365,32.831436,132.322479,54.104416,57.190380,155.107300,479.974945,83.292946,563.320984,42.688026,36.163105,101.255974,375.809998,115.100861,107.820885,241.835434,44.046944,222.303635,88.086014,83.209999,159.873505,31.996246,66.692406,175.156052,91.151726,216.558563,27.065241,98.922211,195.800720,120.663177,63.407703,234.117493
2023-02-10,148.853546,256.371246,97.610001,93.794777,172.793991,309.890015,196.889999,21.242586,130.696548,222.099533,147.231522,46.091351,127.113106,359.862610,106.777718,464.281128,291.347137,150.137741,336.457825,32.702759,135.303528,54.104416,56.602646,158.177490,479.361328,83.763954,565.776428,43.172176,36.613686,101.340302,370.989990,115.147964,105.573792,243.468353,43.991386,225.553970,88.379585,81.480003,160.604385,32.156986,68.030411,176.255112,93.722809,218.814362,27.133562,103.538521,195.932083,122.332169,63.800117,235.438858
2023-02-13,151.652985,264.381073,99.540001,93.834465,178.032883,313.739990,194.639999,21.765032,132.114349,223.741806,147.776321,46.793690,128.777206,363.786652,106.362381,465.314484,297.780792,149.299591,341.605194,32.767097,136.798477,54.993759,57.353535,159.586929,485.554779,85.955627,569.331177,43.720280,36.705467,101.677597,375.000000,117.898781,105.183006,246.975403,44.565472,226.460266,89.545189,83.129997,161.444931,32.406147,68.831436,178.804779,93.676231,219.861069,27.865582,101.513863,200.962250,123.910950,64.891060,235.895157
2023-02-14,151.012253,265.209320,99.699997,93.903885,178.082489,310.790009,209.250000,22.946785,132.698120,224.240372,147.131622,46.659000,128.050888,362.933136,105.116356,462.947235,293.086670,150.443283,339.932831,32.739521,135.784073,54.077198,57.467072,157.791458,482.458038,85.638412,565.845886,43.574116,36.480179,100.497063,377.899994,118.887939,105.183006,247.355759,44.908066,223.288361,87.818359,85.949997,161.106873,32.414185,69.204628,176.721069,94.430779,219.405930,27.953424,102.634666,200.605637,122.702011,65.566032,232.292297
2023-02-15,153.111847,263.089539,101.160004,96.145363,175.780579,309.630005,214.240005,22.740004,133.254166,223.780914,144.707275,47.005360,127.756676,362.619263,104.800331,461.463074,295.166809,148.857925,327.658203,32.684380,134.422577,54.077198,57.980385,158.006927,490.185547,84.917480,561.241760,44.259247,36.146416,100.515793,375.940002,120.093788,106.726654,247.309387,44.417320,224.046478,87.300308,85.180000,163.080292,32.454372,70.032936,177.345291,94.514610,218.532059,28.158392,100.917320,201.797485,123.053879,66.531395,236.417999
2023-02-16,151.514954,256.085388,98.150002,94.727081,171.097351,308.179993,202.039993,21.978806,131.419327,220.760284,143.681229,46.267746,126.083405,360.568939,104.493362,457.799530,295.673065,146.708893,318.914459,32.427013,133.061111,53.741428,57.298191,157.558075,483.301788,84.321503,552.082703,46.579544,35.837688,99.391457,365.160004,117.173393,103.395111,246.632065,43.722858,222.861374,86.600952,80.080002,160.869339,32.020367,68.895142,175.279175,94.058159,213.206894,27.523972,97.943565,200.840225,121.790878,65.966301,234.345657
2023-02-17,150.371552,252.089996,97.199997,93.576591,171.533890,308.239990,208.309998,21.365456,131.808563,218.541214,146.680878,46.963676,128.722031,354.270874,100.475418,468.818329,292.644897,143.432419,321.193237,32.491348,134.645035,54.558159,56.825905,158.249268,486.542328,83.898544,554.181824,46.378582,36.054630,100.009834,356.850006,117.606720,102.799133,250.491623,43.972870,223.331924,87.913338,78.500000,160.174988,32.325775,69.241043,177.090317,94.561180,218.950775,26.948114,94.111145,199.657791,121.808922,65.173615,235.552933
2023-02-21,146.359695,246.824707,94.580002,91.037575,170.740128,302.720001,197.369995,20.633230,129.389954,215.667236,144.495132,47.249092,128.630096,349.199097,100.376091,461.519470,271.981659,141.803009,320.322784,31.728481,135.259033,54.267769,55.485382,158.159515,481.039093,82.860382,545.339966,45.391983,35.629089,97.114677,346.700012,114.083435,99.741150,249.155640,42.815445,218.539185,86.324646,76.769997,156.008896,31.505976,67.047371,172.993225,93.760078,216.866211,25.435274,95.186768,189.428528,118.822784,64.561424,228.822571
2023-02-22,146.783539,245.691559,95.790001,90.898720,169.787598,303.160004,200.860001,20.732124,128.398453,215.080750,144.293976,46.258129,129.172531,348.227905,99.075920,459.246216,272.717987,141.230515,321.848572,31.517075,134.075531,54.431118,54.973026,158.105698,476.868622,82.975739,542.993225,45.044857,35.362080,96.215195,348.720001,112.952950,99.340591,249.239151,42.602474,217.946640,85.987907,76.610001,155.131836,31.570276,67.065582,171.876633,93.629646,214.972839,24.859419,94.074989,190.160583,118.155182,65.291328,226.141846
2023-02-23,147.266556,248.876144,95.820000,90.144951,170.700409,303.070007,202.070007,23.639055,129.427032,216.165802,144.248245,45.568611,128.758789,348.777222,99.987839,461.876373,275.488403,142.622101,320.332611,31.489500,135.321335,54.530941,55.701012,158.276245,472.793945,85.148178,545.518127,44.953506,35.295322,96.084023,347.019989,113.009483,99.389435,247.513504,42.824699,220.038010,86.195129,79.750000,156.977341,30.967480,66.328308,172.371582,93.329910,216.301819,24.996061,95.295235,189.766403,117.992783,65.095123,226.198868
2023-02-24,144.614944,243.454529,93.500000,88.399368,169.063263,304.019989,196.880005,23.261454,130.594620,214.621262,142.638702,45.690479,128.032501,346.413025,99.996880,454.962646,273.049408,143.044876,314.581635,31.443544,135.890854,54.304070,55.123775,157.962021,468.450836,85.225082,537.438538,44.286652,34.836399,94.125801,320.540009,111.200729,97.992340,244.637344,43.167297,217.083954,85.115852,78.089996,154.528839,31.136259,66.373817,169.737671,93.311180,212.697113,24.537331,95.132538,189.137619,117.794304,65.573875,224.506760
2023-02-27,145.807648,244.372787,93.760002,89.133316,168.219894,304.660004,207.630005,23.476225,131.734421,215.403305,142.327774,45.360165,127.922211,348.728271,99.816307,454.013916,272.451080,143.406006,309.671783,31.443544,137.287933,54.285919,55.858440,157.917160,466.936035,84.552200,536.012756,44.515026,34.027031,93.479301,322.320007,111.662338,98.138885,245.657883,43.315445,216.064407,84.761856,78.769997,155.990631,31.248787,65.831467,170.100021,92.880318,213.416229,24.303083,95.683891,191.671478,117.722137,65.801491,228.128601
2023-02-28,145.304962,243.649872,94.230003,89.321754,173.577850,305.179993,205.710007,23.191528,132.837143,215.002502,140.160324,45.581432,126.469536,348.541840,99.238441,447.081421,272.938904,141.600449,304.390350,31.526262,136.949768,54.004597,56.701881,155.780594,464.203644,84.013901,536.418762,44.231831,33.851799,95.306351,323.950012,111.907272,97.318214,246.264481,43.306190,215.698425,84.010681,78.580002,156.639282,31.192524,65.071106,169.242706,91.878059,210.876572,24.332361,93.415176,193.088547,116.648590,66.484291,227.719849
2023-03-01,143.234924,240.572769,92.169998,89.619301,172.069656,304.619995,202.770004,22.674072,132.095825,213.457993,139.529297,44.946449,126.561493,346.785889,100.123291,446.405029,267.646515,142.727814,307.275543,31.379202,138.168915,53.414730,56.633179,153.805588,458.920959,82.994949,533.210754,44.158764,33.526386,94.472488,323.380005,111.709435,96.272835,245.153992,43.222855,213.807465,84.191986,78.290001,157.297089,30.782627,64.008430,170.480103,91.831230,215.000168,24.722775,96.036400,182.352539,115.647194,66.036934,236.389450
2023-03-02,143.826401,245.300797,92.129997,91.245850,173.171021,307.750000,190.899994,23.289421,130.724365,214.142273,139.419556,45.058697,128.648514,348.816528,100.583771,448.734680,269.699066,143.177017,308.136261,30.981417,137.376923,54.195164,57.117867,156.643478,465.651306,83.600571,543.339966,44.332329,33.893517,96.158974,333.500000,112.651497,96.644081,249.679764,42.408024,217.615524,84.925911,80.440002,159.042068,30.871033,66.152115,171.867767,92.730453,213.680237,25.571917,97.916443,183.093918,116.314774,67.276993,239.726120
2023-03-03,148.873245,249.384109,94.900002,92.882332,183.807571,312.450012,197.789993,23.864815,133.124420,218.746536,140.855316,45.113216,129.586243,354.633850,101.856873,449.542511,274.696869,145.290863,311.442047,31.601233,138.871857,53.941067,60.372341,156.489853,455.651672,85.792221,553.924561,45.017452,34.335754,97.864227,344.040009,114.257568,98.813011,251.079514,43.380260,220.586990,85.651176,81.519997,160.503906,30.750475,67.636215,173.962555,92.749176,213.743958,25.767122,98.196648,187.439026,116.955315,67.794991,242.701538
2023-03-06,151.633270,250.927567,93.750000,94.350189,183.460281,316.970001,193.809998,23.529171,132.346039,221.659607,142.263733,45.106808,129.034622,359.960663,102.759766,451.627930,274.476013,146.356567,311.960388,31.536472,138.177795,54.775963,60.387596,156.806183,463.148987,86.263245,553.013611,45.145340,34.302380,96.271416,347.019989,113.530106,98.344055,252.544510,43.176559,217.720078,86.428238,81.160004,158.101089,30.662069,68.158401,174.156982,93.208138,214.017014,25.366953,99.028206,189.165817,117.451508,68.392029,241.437210
2023-03-07,149.435089,248.270477,93.550003,93.090599,183.073334,311.119995,187.710007,23.267401,128.454025,218.159988,140.919373,44.657814,126.469536,353.103546,100.773369,445.146271,267.563751,144.471725,303.813232,30.528120,136.086639,54.458328,59.646255,156.028931,465.133575,84.936714,543.419128,44.679462,33.659893,93.676064,344.799988,112.982155,96.780861,249.269211,41.158009,213.711639,85.694351,82.110001,157.196609,30.469168,67.562927,172.901901,91.962364,208.200348,24.917980,97.301826,185.261810,115.701324,67.865692,233.984390
2023-03-08,150.686966,247.830841,93.919998,93.477417,183.529739,311.369995,182.000000,24.159615,127.694160,217.201996,139.885971,44.289001,126.487930,352.210754,99.301643,442.065155,270.233673,143.555740,305.681335,30.121078,133.123413,54.485573,60.324635,156.453690,465.986938,85.061661,549.280884,44.862160,33.476318,93.132637,345.839996,113.237236,97.015350,247.589523,40.593185,215.898849,86.126053,85.370003,160.997223,30.163757,68.020973,172.857712,91.231750,207.936310,25.357191,96.922195,188.762207,115.520905,68.329185,236.436996
2023-03-09,148.439545,246.482819,92.250000,91.563225,180.275314,304.820007,172.919998,23.415270,120.781265,215.070938,138.312973,43.990753,125.559380,347.707977,98.534164,436.720184,266.998108,141.371429,309.896667,28.252384,131.121155,53.959225,59.395325,155.269745,459.735931,83.504440,547.755920,44.588112,32.925617,91.680367,338.369995,111.357201,93.928055,244.136948,38.083885,212.299927,85.443962,84.029999,158.457397,29.376110,67.572083,170.480103,89.854851,205.533142,25.806164,95.638702,186.800873,113.815826,71.927109,229.060211
2023-03-10,146.379379,242.839096,90.730003,89.887077,178.112244,303.630005,173.440002,22.944687,123.848511,211.287811,138.651337,43.926617,126.129395,340.517120,97.315239,433.958008,265.431458,140.631592,308.106842,28.002609,133.221268,53.732353,58.661617,155.477615,451.701691,80.812889,538.468384,44.359734,32.867203,90.846481,329.299988,110.998199,91.417183,244.510162,38.296856,208.918900,84.917274,82.669998,156.812897,29.480597,66.885002,170.877838,89.920418,207.426559,26.567465,94.201546,184.557922,113.175270,71.487175,215.799118
2023-03-13,148.321274,248.045776,92.430000,90.363152,179.491440,302.880005,174.479996,22.945686,121.624519,209.655319,139.977417,44.054901,127.002792,338.162750,96.195648,437.116119,265.626129,139.786057,317.369049,26.374443,135.214539,54.276836,58.818085,156.996002,452.526215,81.639603,536.220825,44.222706,33.259369,91.998947,324.269989,110.403000,90.469498,245.489929,35.565334,209.476624,84.071114,82.010002,158.868515,29.368074,67.141502,170.674561,91.287956,212.260193,26.303940,91.001823,185.393173,113.292572,69.892471,213.603241
2023-03-14,150.410965,254.756836,94.879997,93.199699,192.509293,305.329987,183.259995,24.041716,124.747398,213.751251,140.763885,44.289001,128.574936,346.118744,96.556801,437.964600,264.745422,141.591614,319.892426,26.605719,136.905273,54.476482,60.343719,156.833298,462.036957,81.283913,550.834717,44.807350,33.292755,92.336227,333.329987,112.424759,91.212006,248.121368,37.194981,213.363052,84.053856,87.449997,160.549545,29.641336,68.295815,170.559692,92.093506,209.893463,27.338528,91.616463,184.717484,112.453568,71.620728,214.525330
2023-03-15,150.805252,259.299286,96.199997,95.322159,196.210251,297.880005,180.449997,24.206573,118.853798,211.512634,141.157135,44.782887,130.395309,341.468719,91.753342,438.765869,266.970367,135.461533,322.239746,26.355942,137.092194,54.839485,59.731178,159.635025,465.622559,79.765129,537.697021,44.816479,33.609833,91.633522,333.609985,111.640617,90.957993,248.532013,35.972752,210.975418,83.043640,89.680000,159.325302,29.786009,69.184433,166.272934,89.761192,213.825851,27.728939,86.084770,186.369156,111.217606,70.513077,206.530624
2023-03-16,153.624435,269.810394,100.040001,99.497650,203.334335,302.010010,184.130005,25.518410,121.161186,212.568405,140.864502,44.528492,131.369843,341.390259,91.220634,444.978424,265.820770,135.893066,322.298462,26.799986,138.195602,55.141258,60.729179,159.526535,467.156525,81.533844,551.954407,45.784790,33.684929,92.785965,353.290009,113.983597,92.120613,252.479126,36.389420,217.275665,82.361549,96.599998,161.828613,29.400225,69.834885,167.174469,91.868713,213.525497,29.456507,87.133263,187.382721,112.498657,72.249184,207.909027
2023-03-17,152.786591,272.965698,98.949997,100.786995,194.086914,293.510010,180.130005,25.702250,116.583450,212.509781,139.355515,44.889160,131.406601,343.018768,90.146172,442.602692,267.359802,134.175598,321.956207,25.736130,137.234543,54.885208,60.201553,158.279343,466.955170,81.956818,542.294250,45.848740,33.459633,90.893341,358.140015,113.737961,91.055687,249.334488,34.963474,211.716125,81.843483,97.839996,160.531311,29.569002,69.321838,163.197052,89.686249,209.174332,29.095375,85.316490,185.214890,111.587509,70.929420,204.391769
2023-03-20,155.152298,265.932159,97.709999,100.390274,196.269775,301.059998,183.250000,25.877096,117.815941,213.252701,140.736450,45.372189,133.429260,342.685181,92.502747,449.635345,268.166290,136.148483,326.279144,25.671373,138.925262,55.415588,61.417091,160.502625,469.102814,83.590935,545.494446,46.533867,34.052063,91.699104,362.880005,114.503197,92.052216,252.637833,34.704208,213.319489,83.147263,96.809998,163.683243,30.083387,69.596687,167.828537,91.353539,213.662033,28.460960,86.916336,184.679932,113.617348,70.638763,209.430023
2023-03-21,157.005432,267.446320,100.610001,104.059929,200.585907,303.850006,197.580002,26.175827,120.975845,216.967392,140.736450,45.217613,132.463882,347.835541,96.647110,452.595490,268.323914,140.314545,323.814453,26.448448,139.503677,55.159542,61.190304,160.882233,470.598419,84.186928,551.567993,46.287228,33.926899,92.130096,374.220001,118.669533,94.318848,252.143234,35.630142,216.439117,82.629204,95.930000,162.998062,30.332539,69.037842,168.959839,91.803123,212.050827,27.777740,90.125069,184.679932,114.185692,72.414154,213.812332
2023-03-22,155.576141,265.990845,98.699997,102.522644,198.254227,299.730011,191.149994,26.444592,117.853004,215.100281,138.139206,44.927799,132.381134,344.362793,94.434975,448.277863,262.001190,137.460861,323.706848,25.569611,136.745132,54.912636,60.630051,159.526535,467.405731,84.494514,549.209961,45.181881,33.384541,90.752800,361.709991,112.897133,92.716583,249.959686,34.444950,214.635300,80.826637,97.580002,161.088593,29.986944,67.911041,165.424377,90.576096,209.210693,27.455648,88.913887,179.781143,111.912285,70.379524,209.087784
2023-03-23,156.660446,271.236542,98.709999,104.734375,202.689392,298.369995,192.220001,27.166950,117.537933,217.593033,138.212387,45.291683,132.197296,347.639252,93.369545,442.989258,263.206482,136.095642,325.340302,24.949800,138.195602,54.793755,61.428627,158.749283,467.635925,84.379173,550.071899,45.428532,33.526386,90.921440,369.000000,114.285912,93.625191,251.592682,33.898643,215.175598,78.989082,100.279999,164.706512,30.035158,67.617889,165.212250,89.920418,212.187363,28.334076,87.151337,178.016861,111.298813,71.950668,208.602982
2023-03-24,157.961594,274.079254,98.129997,104.575684,204.405930,298.920013,190.410004,26.755314,115.749474,216.077820,139.602448,45.661995,134.891052,344.951355,93.477890,448.720917,262.381317,137.452026,328.753601,25.107065,140.616013,55.689919,61.134563,161.858322,474.836060,84.600258,553.113647,46.141064,33.701611,91.867752,374.959991,114.040276,91.915451,253.188354,33.546787,216.256104,79.409081,97.949997,164.003021,30.268246,69.340164,166.308273,90.332565,216.675049,28.656168,86.256500,177.800995,113.030937,71.777832,206.292999
2023-03-27,156.019730,269.986145,98.040001,101.620110,201.260620,302.140015,191.809998,26.507532,119.066940,216.830536,140.196899,46.425179,134.183121,347.884521,95.527496,454.292358,260.758972,138.852463,327.257202,26.355942,140.188873,56.101418,60.237972,162.219849,472.870667,86.647720,556.512024,46.168472,33.559757,92.251892,373.149994,111.300514,93.420013,255.530487,34.694950,216.081848,81.027893,96.610001,161.755508,30.581690,69.111137,166.157990,90.772804,215.519012,28.480482,88.109451,178.805161,116.657608,73.301857,207.234070
2023-03-28,155.398712,268.862854,97.239998,100.201836,199.117416,302.320007,189.190002,26.386642,119.428329,215.383759,138.843414,46.244843,134.560074,347.600067,96.719337,445.506317,260.341736,140.473053,330.240295,26.013657,140.820663,56.165432,60.032322,162.165588,466.686798,86.368965,549.120667,46.031441,33.367855,90.987038,373.399994,111.357201,92.638420,257.406158,34.426426,215.105881,82.454193,94.559998,162.157547,30.541508,68.927910,166.096146,90.669762,217.084717,28.587847,89.064384,178.448563,116.684669,73.168289,209.287445
2023-03-29,158.474152,274.020630,100.250000,100.558884,203.751068,305.299988,193.880005,26.960133,119.669266,218.287079,140.206070,46.444504,134.973801,352.701324,98.380676,439.859406,262.696594,141.679703,328.499329,26.522461,140.598221,56.567799,60.109200,163.286270,470.617615,87.109154,550.032227,46.743973,33.584793,92.401810,379.160004,113.832436,94.641258,258.889862,35.157913,215.654846,82.882965,96.089996,165.400848,30.927292,69.724937,167.112595,91.512756,219.405930,30.764385,90.719643,180.128387,117.018471,73.891037,211.987167
2023-03-30,160.041473,277.478699,102.000000,100.062981,206.221680,305.079987,195.279999,27.358780,119.307854,217.368195,140.315781,46.908195,135.562195,352.436462,98.859222,443.130646,264.550659,143.027267,333.213562,26.180172,140.527023,56.558651,60.902008,163.430878,471.202454,87.003387,557.780090,46.981487,33.693264,92.832809,381.899994,113.463989,95.842957,259.216492,34.611618,217.914261,84.545532,97.879997,168.324417,31.071970,70.164658,167.156769,91.203682,219.833740,31.320719,90.264893,180.794693,116.576431,73.883179,213.451111
2023-03-31,162.545166,281.630402,103.290001,102.879707,210.289764,308.769989,207.460007,27.752432,120.753464,220.398605,141.751572,47.481392,136.702225,356.507599,99.012711,445.515686,273.598999,143.705460,335.883698,26.457705,141.817307,56.723248,61.650604,164.759460,476.369995,89.320045,571.056702,47.757961,34.043716,94.875366,385.369995,115.863632,97.826248,260.914734,34.611618,219.868286,85.096794,98.010002,169.941528,31.256817,70.613556,168.924515,91.728195,220.061325,31.886808,90.228508,187.664246,118.263451,75.100830,217.538757
2023-04-03,163.797058,280.585236,102.410004,103.504532,211.410965,310.309998,194.770004,27.940268,120.614471,223.859131,143.443466,47.880692,137.456131,359.509491,104.854515,465.878265,276.018677,149.685852,343.042999,26.448448,142.751678,57.061596,61.739983,164.940216,476.523407,90.281281,564.814697,47.785374,34.502644,95.184563,380.079987,114.947220,97.464760,263.275574,34.926441,218.167221,85.665558,96.559998,168.251358,31.522049,70.237961,170.833633,94.210373,222.509979,32.101543,98.604729,191.436859,119.138550,76.137779,218.517883
2023-04-04,163.264786,280.536285,103.949997,103.861588,213.048096,309.070007,192.580002,27.428715,119.002060,222.549194,144.943298,47.410549,138.118057,356.988281,103.852295,464.992126,273.450623,148.884369,346.837860,25.884144,142.182175,56.887852,60.965431,164.352753,477.194550,90.358208,570.868469,47.693336,34.127159,96.318268,385.149994,116.855614,97.279129,263.406189,34.083839,217.198944,85.350563,95.870003,164.816147,31.867657,70.686844,168.765411,93.208138,225.322769,32.306511,96.676666,190.507751,118.723549,74.668755,206.711273
2023-04-05,161.421432,277.762024,101.099998,103.613640,209.833344,310.390015,185.520004,26.857224,119.179504,223.047729,151.454712,48.196266,139.065048,357.440247,105.631020,480.056641,267.619324,149.624191,354.290619,25.569611,143.089859,57.427372,60.446495,165.970520,476.619385,91.213715,574.514465,47.693336,34.669514,97.639366,382.019989,114.219772,97.611320,263.163605,34.157909,216.082306,86.400574,92.559998,161.892578,32.237366,71.758690,167.430756,92.505646,230.638840,32.042980,97.995377,187.157455,119.210701,74.040298,202.984833
2023-04-06,162.308640,284.854095,102.059998,107.531258,214.417389,312.510010,185.059998,27.013086,119.048752,220.916702,151.034027,48.560150,139.947647,355.160767,103.879387,483.431549,267.563721,147.660126,360.207855,25.754629,143.757233,57.463955,59.834362,166.621262,465.929321,92.203796,570.046143,47.187126,34.627804,98.313972,380.600006,113.577347,97.669930,263.975464,35.093105,215.436798,86.654358,92.470001,162.733109,32.256157,72.345009,168.341187,91.990471,230.593338,32.023460,96.640274,186.350403,117.731194,73.529678,198.840164
2023-04-10,159.716187,282.695221,102.169998,105.567482,213.077881,312.619995,184.509995,27.554607,119.441017,221.346802,150.274979,48.466759,138.789215,353.853973,103.418892,485.665741,269.937073,148.223770,358.946198,25.847143,143.516968,57.326778,60.290825,165.572845,473.455414,90.504913,569.065125,47.242359,34.819714,97.161514,376.250000,115.173981,98.490601,264.805969,35.769043,217.687439,86.251846,95.480003,163.920822,32.149940,71.850311,169.419464,93.311180,228.390442,31.740412,96.358322,187.485947,118.209312,74.126717,204.886093
2023-04-11,158.503738,276.286957,99.919998,104.486420,212.184906,313.700012,186.789993,27.144970,120.029396,223.321472,150.229263,48.325081,138.513412,357.774353,104.150253,491.124023,272.347473,149.042908,356.051208,26.559464,143.605972,57.226192,59.731537,165.319809,478.076569,90.707611,571.066467,46.588890,34.869781,96.777351,371.109985,116.487167,98.109573,265.459076,36.454239,217.984039,86.313080,94.029999,164.331894,32.231647,71.767845,169.870239,93.404839,228.872864,31.574484,97.085922,188.949905,117.658997,73.773201,209.705688
2023-04-12,157.813766,276.931732,97.830002,103.782234,212.333725,314.549988,180.539993,26.471563,120.010704,222.695831,149.909164,48.090004,138.890366,355.465363,104.041908,491.331451,269.260223,149.571350,360.951172,26.346689,144.478012,57.326778,59.263538,164.994431,469.160339,90.640038,574.009094,46.119511,34.519325,96.093384,369.890015,116.827271,95.686638,266.224274,36.287563,218.062531,86.444351,92.330002,162.212341,32.027390,71.996880,170.789444,95.090843,227.116028,31.252399,97.795303,187.476562,115.962936,73.922462,209.610626
2023-04-13,163.195755,283.134827,102.400002,106.549377,218.634262,318.049988,185.899994,26.439590,120.468346,227.466293,151.911987,48.138309,139.533890,363.197937,104.529465,496.082672,270.845551,151.570694,366.917328,26.420700,146.103470,57.747433,59.988117,166.639297,477.348053,92.232765,585.680603,46.754562,34.602772,97.562347,378.799988,119.444221,98.519913,269.742249,36.722767,221.935791,87.284370,92.089996,163.637604,32.125439,72.235069,173.149368,95.240707,228.881973,31.359758,99.168602,189.071945,115.385574,74.079582,210.722824
2023-04-14,162.850769,279.520386,102.510002,107.977570,219.765396,319.739990,185.000000,26.734333,129.564880,228.766418,151.665085,47.813068,138.825989,365.929474,104.782288,482.469971,270.882629,151.878967,366.506622,27.308788,145.115646,57.655987,59.536453,165.853043,471.029846,92.387215,583.411743,46.515270,34.369133,97.891899,379.380005,118.990738,97.601540,269.658264,36.704243,219.545578,87.048111,91.750000,163.518814,32.043732,71.474693,173.723877,95.240707,227.571152,31.125513,98.677475,189.738235,115.602097,74.975136,212.633591
2023-04-17,162.870483,282.118866,102.739998,105.101349,217.155869,323.790009,187.039993,26.978117,130.592194,228.238525,151.509567,48.147968,138.871964,366.253632,103.563354,476.398895,273.858551,150.540192,364.178772,28.095118,144.747421,58.030910,60.287945,166.702576,473.560883,92.271378,583.173889,46.275963,34.360786,98.419228,377.920013,119.217484,97.992340,269.966156,38.241306,223.104767,87.450630,89.870003,164.496368,32.239815,71.951073,174.881775,96.580162,225.814316,31.369522,96.049110,192.384720,115.313400,76.019943,214.116547
2023-04-18,164.092758,281.698792,102.300003,103.643379,216.193420,324.630005,184.309998,27.642527,132.058472,228.355850,147.247894,48.254230,139.019058,365.821381,105.585884,475.578796,277.149658,150.187912,361.792328,28.270887,143.319534,58.122360,60.764587,167.046021,476.398834,93.120827,579.468384,46.303581,33.835114,98.070824,377.549988,119.236389,98.607841,271.459198,38.769081,223.444962,88.666916,89.779999,164.743042,31.814962,71.731209,174.059738,98.031998,224.011932,31.066952,95.448875,195.293961,115.277290,77.355408,214.078537
2023-04-19,165.236237,281.776947,104.300003,103.326019,214.020462,323.089996,180.589996,27.906294,131.890396,227.348999,148.637970,48.305759,139.046646,366.292999,105.251801,458.346008,275.258423,150.328812,362.340027,27.808340,144.774368,58.232090,60.974083,166.946564,475.564728,92.483749,574.573975,44.214352,33.576450,105.735695,380.109985,118.726212,96.477997,271.795074,39.111691,222.241135,88.824432,89.940002,161.782944,31.537174,72.317520,174.837570,97.498100,224.121201,30.403255,95.730804,195.979050,113.960152,77.795334,213.555695
2023-04-20,164.270187,279.491028,103.809998,104.426918,211.410965,323.820007,162.990005,27.080025,131.507462,229.333435,149.598236,48.614895,139.556381,368.454590,104.412086,459.533813,276.797394,149.597794,366.584778,27.660324,145.250336,58.488129,60.831860,167.497910,484.720703,91.537773,560.712830,42.870621,33.251034,103.908928,380.260010,117.573631,95.813644,271.543213,38.583893,216.640610,84.624268,90.110001,161.362671,30.385166,72.143471,173.900665,96.327248,221.617905,30.120207,94.384789,196.851776,113.996262,78.368828,211.293228
2023-04-21,162.663483,279.149200,106.959999,104.545937,211.232376,324.329987,165.080002,27.095013,131.255280,228.795761,148.784317,48.859631,144.385605,368.690338,104.746178,456.102356,278.160248,148.954803,376.785889,27.632572,145.852036,58.570435,60.820324,167.570206,485.458984,91.846642,566.409851,43.284782,33.551418,105.142471,377.670013,118.593956,97.279129,272.532349,38.185749,220.540054,85.551811,88.430000,161.728104,30.491375,72.363327,173.308517,95.774597,221.982040,29.573629,93.002388,198.053040,113.427902,78.172424,210.528595
2023-04-24,162.969040,275.251495,106.209999,105.101349,211.133102,326.049988,162.550003,27.018080,131.432755,227.534683,149.689697,49.191303,144.644638,368.189331,106.723541,460.929016,279.643524,151.033417,374.937408,27.530815,147.351746,58.478989,60.977924,167.651535,490.319763,92.126587,569.005737,43.616119,33.301094,103.956009,377.339996,120.067741,97.386597,273.596100,38.380192,221.883484,86.059326,87.570000,160.704865,30.311634,72.409134,173.927200,95.971313,222.519089,28.948973,94.266541,198.053040,113.130180,78.675194,213.548859
2023-04-25,161.431335,269.048401,102.570000,102.998718,205.933960,324.339996,160.669998,26.217787,128.574905,224.435852,151.061462,48.808102,144.681641,362.097504,105.206650,463.738281,274.720764,148.840317,376.394684,26.679720,148.088150,58.387539,59.774776,171.456482,482.410065,90.794495,543.324768,43.340004,32.817142,103.551102,369.589996,117.772034,95.755028,272.019043,37.546848,202.377594,86.356834,83.800003,154.757248,30.475044,71.291481,173.202408,94.688087,222.901382,28.187672,92.847771,194.176651,113.572235,77.331848,208.961136
2023-04-26,161.421432,288.536865,104.980003,102.859863,207.769531,320.529999,153.750000,26.932158,126.296089,223.028183,148.720276,48.595570,143.007111,360.358368,104.240540,455.282196,267.063080,146.189209,368.012695,26.309690,145.304199,58.113213,59.214531,170.399033,474.251190,90.456642,528.215149,42.833813,32.233067,102.402321,363.059998,116.997337,94.387238,270.386078,36.537567,202.796356,85.928070,85.940002,150.253128,30.164572,67.856064,168.730057,91.494049,217.376022,28.353594,91.374443,189.385437,113.536156,75.580025,206.629028
2023-04-27,166.005051,297.777985,109.820000,106.708061,236.702484,326.230011,160.190002,27.201918,127.995888,223.868896,149.067795,48.746918,144.755615,367.147858,105.486549,462.371429,272.495728,147.043549,381.783783,26.725981,133.692444,58.232090,59.427864,171.438400,480.588501,91.740463,538.014160,42.852215,32.324844,103.108551,371.420013,118.754555,97.630859,275.014404,36.722767,201.880402,86.470589,87.440002,150.993149,31.692410,69.486755,175.544662,93.095749,218.777802,29.144178,92.065643,192.903412,114.546570,77.033333,204.851303
2023-04-28,167.256912,300.151794,105.449997,106.460098,238.448792,328.549988,164.309998,27.724457,129.107254,227.505386,149.707962,48.614895,144.672363,373.396820,106.849930,463.898560,278.623779,148.479233,387.172791,27.086771,135.713043,58.661880,60.205296,172.522934,482.458038,91.431587,549.784485,43.487259,32.450005,104.021912,377.559998,119.718201,100.141716,275.975616,36.806095,206.669617,87.476883,89.370003,152.756409,31.725092,70.201317,176.631851,93.573441,218.231659,30.315409,93.575363,196.015793,114.041351,77.748207,209.123596
2023-05-01,167.168213,298.491119,102.050003,106.321251,241.286499,330.170013,161.830002,28.884430,131.871689,227.290329,149.616516,48.814537,144.848175,373.229736,103.536270,467.301697,275.990875,147.298965,396.904480,26.864748,138.039047,58.799053,61.305614,173.236938,473.225372,91.576378,543.443542,43.570095,32.717010,104.624565,374.149994,120.851891,99.858398,277.683258,37.398685,210.874390,86.934349,89.690002,152.281342,31.627048,70.357056,177.197510,93.976219,217.467010,29.573629,93.247963,196.383652,113.752663,79.484322,207.661301
2023-05-02,166.133224,298.344635,103.629997,104.456673,237.377197,325.859985,160.309998,28.185049,129.742310,221.884460,150.924286,48.682514,144.718628,369.466614,99.409988,465.124084,272.820251,140.957474,395.329865,26.050659,136.162079,58.533859,58.844551,173.752075,474.395050,91.508797,538.806702,42.668137,32.591846,104.991798,368.660004,120.228363,98.285439,278.140503,35.963493,211.799026,84.799286,89.910004,149.778061,30.777342,69.569206,175.235321,92.608665,214.799881,29.056335,89.710098,194.261536,112.913673,79.743561,205.635056
2023-05-03,165.058777,297.358002,103.650002,104.545937,235.184433,323.220001,160.610001,27.777407,126.996552,220.906906,148.948898,48.502186,144.533600,368.356323,97.450676,461.400421,271.707703,138.130219,421.727539,25.773136,134.033722,58.204659,58.927197,173.688812,469.841003,91.489494,545.345764,42.299988,32.082870,105.236633,345.250000,119.737091,98.539452,275.480988,35.787560,214.224182,83.880486,81.620003,149.239029,31.030619,69.065331,174.970169,91.006950,208.737396,29.915241,87.390968,193.639038,111.370979,79.947807,206.103363
2023-05-04,163.422440,298.344635,104.000000,103.831841,231.701736,320.000000,161.199997,27.537621,125.259407,220.535461,148.272171,48.637943,143.867523,369.555084,95.744186,459.364136,264.912262,137.592941,419.037903,24.968302,132.336411,58.268665,58.635052,174.773346,471.090057,91.672905,540.609924,42.060696,31.899294,104.389168,335.829987,116.836723,95.207901,275.425079,34.266472,211.397766,82.585457,86.610001,148.279739,30.515888,69.175270,173.432236,89.845482,211.085907,30.615957,88.545967,191.271759,110.577087,78.023163,201.075989
2023-05-05,171.091370,303.463409,105.660004,104.704613,230.967468,323.880005,170.059998,28.654634,127.706367,226.576721,148.775162,49.058159,144.348587,377.945953,98.127869,465.963043,268.500000,141.107208,418.421692,25.634369,132.938110,58.542995,60.553181,175.577713,479.467651,93.603462,541.343140,42.566895,32.116245,104.765823,348.399994,119.595375,98.207268,276.768829,35.404953,211.493713,83.617989,89.839996,152.662003,30.908066,69.175270,175.376724,90.463699,215.309647,30.370951,91.283508,194.110626,111.551414,78.745880,205.577698
2023-05-08,171.022385,301.509674,105.830002,106.886574,231.453674,326.140015,171.789993,29.125214,128.014542,227.016602,148.436783,49.365242,143.673233,378.781158,98.516121,464.398193,266.933289,140.552338,423.224030,25.615870,132.417191,58.451546,60.451309,174.746231,479.467651,93.429710,537.578186,42.649738,32.266438,104.426819,344.059998,119.869362,100.600906,276.852692,35.815556,208.702179,83.617989,95.040001,151.188950,30.908066,69.679123,174.077438,89.489555,213.570938,30.155350,91.765518,192.450699,111.325859,79.280083,205.290955
2023-05-09,169.317108,299.897797,106.620003,106.470016,231.552856,324.869995,169.149994,28.545729,127.398148,228.023483,147.284485,49.449280,142.202255,376.255981,98.543205,462.286530,269.390045,140.147186,418.979248,25.588114,131.860428,57.966904,59.437481,175.460236,481.129700,92.802284,529.731140,42.769371,32.107895,103.814766,342.649994,118.187706,99.829079,276.824738,35.964867,205.142975,83.696739,95.059998,150.065765,30.695633,69.239395,174.236542,90.173317,213.398026,29.498732,92.338486,195.346161,110.804619,79.342918,204.048447
2023-05-10,171.081528,305.084991,110.190002,110.833946,231.265137,322.989990,168.539993,28.859453,127.463531,226.078156,147.833206,49.310280,142.498337,375.862946,97.279129,461.994293,267.953033,138.359222,426.353729,25.273581,131.492233,58.067486,60.183197,175.577713,480.044159,94.134377,528.581787,42.990265,31.957706,104.229088,344.019989,116.685562,98.813011,276.740753,35.722233,203.633789,83.215485,97.019997,150.111801,30.744665,70.439499,174.422150,90.201424,213.106750,29.371326,91.374443,192.705353,111.581924,78.195984,203.742599
2023-05-11,171.268814,302.935883,112.180000,115.614449,233.954041,322.640015,172.080002,28.552721,127.061920,226.264252,147.229645,49.494537,142.831375,376.698120,95.518463,460.759369,266.710785,137.592941,425.991852,25.338339,131.644913,58.396690,60.317730,176.544754,482.186554,94.057144,524.906006,42.677334,31.696245,103.626450,341.579987,115.466835,90.186165,275.079742,35.768906,201.348236,83.162987,97.099998,148.381012,30.720146,69.715782,172.351929,89.489555,211.450027,28.283503,90.846954,191.743317,110.557724,78.172424,200.741470
2023-05-12,170.340958,301.822266,110.260002,116.546745,231.989471,322.489990,167.979996,28.314934,125.240730,226.626663,147.037552,49.478371,144.283813,375.253784,95.509445,463.087860,269.288025,137.945267,426.001648,25.060810,132.147781,58.625301,60.652153,177.249725,484.281006,94.452919,519.813538,42.990265,31.502241,104.040749,335.450012,113.567909,89.873535,276.339508,34.985023,198.321167,83.232986,95.260002,149.034668,30.711981,71.419731,172.032074,89.911057,212.050827,28.371704,90.428589,191.705566,112.331772,77.614677,200.273148
2023-05-15,169.847427,302.300964,111.199997,115.554939,237.000153,323.529999,166.350006,28.927393,126.296089,228.027267,145.912689,49.093719,144.330078,376.717712,95.691582,458.968170,267.498810,138.456116,426.080078,25.578863,131.644913,58.469845,61.483398,175.577713,482.330658,93.883408,518.852478,43.349205,31.342001,103.428688,345.670013,113.208900,90.723518,276.115540,36.179497,197.972214,83.127975,97.400002,152.146454,30.042019,71.034966,172.645157,90.576096,212.578766,29.204721,91.680992,190.092819,112.807281,80.128502,201.945740
2023-05-16,169.847427,304.528168,113.400002,118.530334,236.960464,323.750000,166.520004,29.187159,125.446220,225.735367,145.720596,48.414913,144.080292,373.603119,93.369194,452.237244,261.741638,135.206085,428.178558,25.310589,128.681305,57.811440,61.640999,174.818542,476.671844,94.839027,514.958496,43.183537,31.215485,103.004959,345.109985,110.044014,88.886772,274.482544,35.824890,196.271133,82.130432,101.480003,150.415634,29.453760,69.477585,170.246185,89.414635,207.435669,28.636307,89.651550,187.895233,112.898735,79.445038,198.036606
2023-05-17,170.459366,307.406433,115.500000,119.849434,240.601898,327.390015,173.860001,30.151310,129.303360,227.870560,145.400558,48.334099,143.469727,380.245148,95.463890,457.035645,271.068085,137.143768,428.982727,26.429951,128.735229,57.747433,63.181458,173.580353,475.567047,96.306252,516.860779,43.837006,30.996193,102.468231,356.630005,110.516373,90.635590,273.838715,37.756577,196.497925,81.806664,103.750000,152.220108,29.559980,69.019539,174.164490,90.454338,206.764893,28.293301,92.064926,195.421600,114.956253,81.283287,202.719940
2023-05-18,172.788925,311.831512,118.150002,121.823135,244.927917,329.760010,176.889999,31.649981,130.283981,228.801041,144.934113,48.961182,141.110580,385.177490,96.329086,451.775299,273.636078,136.974777,429.394562,26.337437,128.816055,57.427372,65.144730,173.128479,478.545380,98.787033,518.713623,44.361610,30.768463,102.138664,360.429993,112.301933,91.602806,274.389191,37.523277,197.527328,81.027893,107.930000,156.335373,29.519127,68.799652,176.145874,90.595688,206.038971,29.087122,92.092361,197.270187,115.358627,81.707497,205.224030
2023-05-19,172.897507,311.655273,116.250000,121.753716,243.727341,330.390015,180.139999,31.236349,129.985138,228.516998,145.327347,48.456932,141.702667,378.840088,96.775360,451.388794,269.668213,138.059845,433.797424,26.004410,130.315781,57.454803,65.562752,173.381516,477.027374,99.269661,522.518311,45.217552,31.013058,102.571815,371.250000,108.419044,89.248245,275.788940,37.355301,199.184799,81.544167,105.820000,156.611588,29.453760,68.231682,175.346207,90.595688,205.294708,29.332127,93.792694,194.544510,116.373665,81.903893,205.281372
2023-05-22,171.949890,314.435638,115.010002,124.024940,246.386490,329.130005,188.869995,31.148426,128.911102,226.528732,144.544159,48.030251,137.992920,377.818237,95.600517,453.085754,269.464233,135.578461,425.570221,26.217178,130.127213,56.247730,65.189896,168.681839,472.559937,98.236816,524.143188,44.932232,32.683052,101.931496,372.049988,104.092094,89.707451,270.003510,38.241825,201.758224,81.439163,108.000000,157.302063,29.380226,68.323288,174.973038,90.152763,205.818451,29.675137,94.825706,191.601837,116.593140,82.131706,204.784393
2023-05-23,169.343979,308.639923,114.989998,121.555336,244.818802,323.109985,185.770004,30.660854,127.566246,219.966370,144.488892,47.939751,136.503448,367.226440,96.902870,451.973236,273.432129,139.500641,414.999329,26.439203,127.989868,56.147144,65.971169,168.166718,465.834778,95.118973,520.259277,45.015072,33.433704,99.568008,370.420013,102.769455,87.753464,267.222717,38.456459,200.650345,81.325409,108.120003,156.270981,29.608997,67.938522,173.231567,88.663712,206.231934,28.920519,95.429039,194.902878,117.214951,79.892830,203.302933
2023-05-24,169.620392,307.259521,116.750000,119.908951,247.269577,320.200012,182.899994,30.510988,126.398842,217.684204,144.350693,47.719940,135.374771,362.068024,97.986656,453.283630,269.872162,139.874207,417.509705,25.995155,126.759521,55.671631,65.301376,167.100250,463.807587,94.906593,506.011871,44.554882,32.581852,97.967239,365.760010,102.306541,87.020714,266.802887,38.139179,198.643936,80.809135,108.269997,153.812820,29.306694,68.011810,170.468323,88.267891,203.365067,28.420704,95.054245,192.054581,114.928825,79.327209,200.426071
2023-05-25,170.755508,319.076141,115.000000,122.467812,250.722458,319.019989,184.470001,37.946400,126.707039,218.791000,142.277451,47.244781,134.505157,363.581146,96.228928,450.332947,265.839355,137.463928,419.019775,26.059914,124.487465,55.241837,70.036102,166.115143,467.448700,100.669334,515.840454,45.125507,31.907095,96.178139,392.059998,101.541290,86.112106,266.429596,38.167179,201.034210,79.417839,120.349998,156.160477,28.448818,67.233124,170.832596,87.758972,199.818237,26.852665,92.960815,189.611786,115.916451,79.751411,200.693649
2023-05-26,173.164001,325.899841,120.110001,123.588547,259.999695,320.600006,193.169998,38.911552,127.893127,220.387497,142.222168,47.328827,134.514435,367.835541,95.600517,453.934113,271.475983,137.037033,417.529358,26.189425,123.535530,55.104675,78.101593,165.916290,487.345795,100.466629,517.207764,45.889416,31.713108,96.865524,415.390015,101.569641,86.258659,266.914856,38.475128,202.569519,79.487831,127.029999,162.301193,28.595884,68.153252,172.147583,87.890938,199.331192,28.420704,93.107071,194.780258,117.864227,80.709824,202.433212
2023-05-30,175.009857,324.255005,121.660004,122.656242,260.475891,322.190002,201.160004,40.075523,128.378784,217.086731,142.240585,47.212456,132.460617,361.085480,94.753517,452.359802,271.077332,136.183228,418.951141,26.143171,122.529709,54.665745,77.199226,164.135834,488.085480,101.499466,509.479553,46.174725,31.215485,95.773232,417.209991,100.634331,85.799477,265.869720,38.241825,198.181595,78.936577,125.269997,162.540573,28.514183,67.019234,172.858368,87.476257,200.801392,29.390926,92.512886,194.006851,118.403763,80.442719,200.617188
2023-05-31,174.960495,321.494324,120.580002,121.862816,262.658752,321.079987,203.929993,37.800537,126.744400,216.489288,142.876389,47.474281,131.831528,358.648743,93.059555,459.326416,264.671783,133.959747,421.128082,25.708376,123.894745,54.556000,77.643211,164.804657,491.476868,102.262047,503.772675,45.714542,32.067348,96.046326,417.790009,99.443962,85.936249,266.046997,37.150009,200.310120,78.761574,118.209999,160.082443,29.110611,67.729149,170.237274,86.835396,202.749420,30.811964,90.775978,189.696671,117.589882,79.759277,196.650742
2023-06-01,177.763840,325.596222,122.769997,122.705841,270.487335,323.119995,207.520004,39.734825,128.490860,221.846893,142.397232,47.648827,133.182220,364.406494,94.134209,465.350342,269.284546,135.329407,428.021729,25.904196,119.835571,54.866920,75.912476,165.810303,492.476044,102.310310,514.591980,45.778973,32.067348,96.818443,426.750000,97.904015,86.551750,268.622437,37.383301,202.988266,78.892822,119.470001,161.859283,29.184143,67.268150,172.245316,88.673134,196.887009,30.508156,90.986221,192.328079,118.714691,82.225983,199.823914
2023-06-02,178.612717,328.357056,124.250000,123.648056,270.487335,329.480011,213.970001,39.292217,131.189926,224.089859,144.636322,48.104595,135.550568,367.206818,96.319992,470.959442,276.334381,138.975906,433.748413,26.771400,122.915871,55.927681,78.031441,167.512177,492.466461,102.213799,515.344971,46.036671,32.354115,98.117905,436.369995,102.159889,88.681595,271.962097,38.484463,204.671921,80.310356,117.860001,161.325317,28.252729,68.088730,176.678970,90.548569,200.378754,30.684563,93.564163,197.883240,121.092262,83.113663,216.607346
2023-06-05,177.260376,328.885742,125.300003,124.977074,269.276886,328.579987,217.610001,39.136356,129.901077,222.111374,145.880249,48.421375,135.013992,364.052795,95.891945,469.649078,273.682434,138.308853,435.640961,26.612877,122.906891,55.552753,77.099304,167.630508,497.904297,103.217682,513.799194,46.211544,32.598717,97.703575,434.179993,99.714417,88.906303,270.573700,37.747250,203.363358,78.796585,117.930000,156.749680,28.154690,67.849007,175.195145,90.237564,203.879639,29.263525,93.308197,195.025497,121.293442,81.778206,212.631302
2023-06-06,176.895187,326.673157,126.610001,126.266411,269.008942,333.410004,221.309998,38.619812,130.134567,223.531586,145.751221,48.414913,133.672531,373.328064,96.675186,459.637512,276.390320,138.557877,434.473999,27.256287,121.622673,55.150394,75.917290,165.236954,495.992462,103.381790,511.500763,45.843403,32.362549,96.630119,432.890015,100.652794,90.039619,266.924530,38.503120,204.698105,80.170372,124.230003,156.841751,28.350777,67.655396,174.448807,91.830276,203.273163,30.341553,93.189354,195.383926,121.339180,82.846581,216.655106
2023-06-07,175.523148,316.589447,121.230003,121.495834,261.547546,335.420013,224.570007,37.445724,131.395386,220.642197,146.064529,48.486027,133.959335,364.907562,98.842751,454.509216,281.712738,142.151016,427.903992,27.489407,122.583603,55.068100,76.170036,163.917297,491.159912,101.595993,515.979126,45.815784,32.801136,95.726166,418.320007,101.505859,90.391335,264.448029,39.258999,207.201782,80.721634,117.830002,158.351624,28.808308,68.383759,176.270248,92.914078,203.300766,30.655157,95.812981,199.203690,122.884598,83.333633,225.132828
2023-06-08,178.237610,318.430023,124.250000,121.138794,262.519867,335.950012,234.860001,38.479923,131.432755,218.467804,147.667801,49.187458,135.476562,361.173889,98.533104,462.145142,281.143127,141.626282,437.013824,27.256287,123.607353,55.205261,77.281891,165.728394,499.672058,103.748581,510.500031,45.723747,32.969818,94.897522,439.029999,100.662277,90.401115,268.087769,39.538956,205.361053,80.651642,121.050003,158.563370,28.947206,69.056808,176.057007,93.375854,202.850464,31.184372,95.566162,198.496323,122.912056,83.325783,224.081482
2023-06-09,178.622589,319.927826,123.430000,121.228050,262.887024,335.290009,244.399994,38.739719,131.694229,218.967300,147.437469,49.484837,135.587585,362.775513,97.804504,465.340912,277.650940,141.288315,437.386475,27.293587,124.092308,55.296715,77.322235,165.955933,496.972443,106.036301,513.403076,45.705345,32.868610,95.754417,454.000000,100.339996,89.814911,269.035217,39.315002,205.326172,81.019142,124.919998,157.053497,28.979885,68.291573,175.826004,93.620880,201.012741,30.713961,94.971954,197.232468,123.725899,83.506470,224.635864
2023-06-12,181.416016,324.881622,126.570000,122.626495,268.939484,333.600006,249.830002,39.451160,131.684937,221.523712,147.336090,49.811317,134.523666,368.759186,96.921082,464.369904,280.928345,139.927551,436.670563,27.163040,123.688171,55.058952,82.198235,165.546356,500.517517,112.387863,518.862305,46.460045,33.653008,95.481346,474.630005,101.259422,90.997070,270.705048,39.035042,207.664078,81.071648,129.190002,160.229752,29.094271,68.208580,176.367966,93.696289,199.726318,32.409409,93.993797,201.231445,124.750076,83.451462,227.378922
2023-06-13,180.942230,327.270355,126.660004,122.814934,269.207397,336.390015,258.709991,40.989956,132.637527,218.810577,148.110123,50.199196,134.199860,364.897766,96.939301,463.163269,280.200043,140.977051,437.072632,27.414810,124.209068,55.278423,81.790794,165.218689,501.526276,112.629181,521.200500,46.754562,33.973515,95.914482,478.989990,101.212036,91.690742,270.686218,39.800251,210.473099,81.640434,124.529999,163.332321,28.988054,68.549721,178.686981,93.950737,203.980728,33.232620,94.533165,204.994629,125.829155,83.852119,234.585480
2023-06-14,181.573959,330.256409,126.419998,122.656242,271.221619,335.899994,256.790009,42.963425,132.142532,218.849762,148.865646,50.706692,135.458038,368.218781,95.773552,433.514954,279.854614,139.714111,439.033875,27.153715,122.341110,55.653347,85.159973,166.702194,506.502930,118.025108,515.668274,46.901814,33.197556,97.223366,479.529999,106.975006,90.322945,270.583069,39.268326,208.013016,81.430412,127.330002,163.065338,29.192308,67.673843,178.162750,91.283661,204.247162,34.869267,93.856674,202.646179,125.463364,82.249542,232.559235
2023-06-15,183.607346,340.790436,127.110001,124.064598,279.635529,339.820007,255.899994,42.619686,133.636810,221.523712,150.865173,50.984669,137.336090,372.424042,96.438393,441.002472,282.011597,140.772476,445.123383,27.386833,122.035789,56.418118,84.895721,169.013840,508.405182,122.156532,530.529907,47.794567,33.526489,98.890030,490.910004,106.548462,90.801666,274.494873,39.529629,212.427124,82.891724,124.239998,163.958359,29.772398,68.558952,181.014862,92.358032,209.907425,35.104473,95.209641,206.484818,126.560699,82.807289,236.716858
2023-06-16,182.531418,335.141541,125.489998,122.517395,278.811981,338.309998,260.540009,42.658649,133.795624,224.207428,151.325867,50.273544,138.344467,369.957886,95.746223,433.997742,280.480225,139.865295,439.023987,27.218988,124.505402,56.823540,83.423500,169.314148,503.092285,121.104370,532.701294,47.923428,33.787964,100.001160,495.179993,107.666916,89.218948,275.517426,39.361649,210.935394,83.031715,120.080002,162.733887,29.788746,69.692978,180.339569,92.112984,211.028473,35.643482,95.913544,204.740021,125.719391,83.498611,234.422989
2023-06-20,182.620255,330.951416,125.779999,122.090919,282.116119,338.670013,274.450012,43.773781,133.113815,221.817505,151.233734,49.830700,137.067764,368.081146,93.551346,444.315552,281.441986,136.681274,443.181793,26.920597,123.769020,56.445755,83.415810,168.649780,499.297333,117.803108,522.885864,47.444828,33.180679,100.471977,485.859985,103.828110,87.685066,274.898254,39.091019,206.399185,82.970467,118.930000,160.524368,29.257675,68.927742,178.056137,92.075302,210.045258,34.300850,93.271622,203.212082,124.329453,81.715363,230.485153
2023-06-21,181.583847,326.555664,124.830002,119.561821,279.447083,338.609985,259.459991,43.011372,132.917709,222.581497,151.003387,49.927673,138.251938,369.574738,94.598686,451.282349,280.779053,137.748535,444.211365,26.640852,122.906891,56.602398,81.892265,168.759033,499.220459,117.861015,521.448364,46.800579,32.809566,100.048241,477.480011,104.245163,86.600609,276.286621,38.867062,207.367462,84.309273,112.110001,156.952209,29.274017,69.868156,179.300049,93.366425,208.621002,32.242805,94.798256,202.070847,122.253624,82.524498,230.800583
2023-06-22,184.584549,332.576538,130.149994,122.140511,282.661865,336.959991,264.609985,42.991390,130.358749,223.698105,152.606674,50.344658,138.723755,371.205780,94.079567,453.459442,281.227203,135.756302,448.800598,26.072042,123.400826,56.989388,81.387009,170.506393,503.620667,116.393799,523.788086,47.049068,32.666183,101.931496,477.579987,104.700142,86.454056,275.142181,38.316486,206.207245,84.850166,110.699997,158.931625,29.290354,69.268875,178.278275,91.340210,211.028473,32.056595,92.723122,202.608459,119.949188,82.343826,226.843658
2023-06-23,184.268692,327.985016,129.330002,121.337143,286.481873,335.250000,256.600006,42.176029,129.676956,224.834259,152.477661,50.250919,137.345306,373.180603,93.259911,451.518982,280.881653,134.608978,449.938080,25.876221,122.062721,56.390480,79.427765,169.341461,503.851288,114.521141,519.723328,46.321987,32.303513,101.743187,484.720001,103.809151,86.073029,271.962097,37.896553,207.777481,85.391060,110.010002,154.374405,29.012564,68.383759,177.780685,91.330803,208.685364,32.340801,91.836403,202.985733,118.358032,81.526794,224.071915
2023-06-26,182.876923,321.699829,127.330002,117.369942,276.301727,334.119995,241.050003,40.600262,129.994476,221.651031,150.773010,50.118393,137.484100,370.832336,94.981216,453.468933,287.492645,136.974777,443.976074,26.193266,121.191643,56.408901,79.377518,168.267548,502.871307,112.725708,517.561951,46.211544,31.114265,102.176323,479.510010,105.913399,86.659225,271.192871,37.877888,207.515808,85.807823,107.510002,155.359482,29.502779,68.494400,179.993073,90.991508,206.498428,32.674011,93.169884,205.569977,120.104637,82.053154,226.470932
2023-06-27,185.630844,327.544464,129.179993,117.360023,284.814880,335.339996,250.210007,41.843285,130.003799,222.669647,150.459717,49.937370,138.788544,375.126007,95.217995,456.781952,292.955078,136.547897,455.488281,26.333134,119.081223,56.289120,81.963753,169.477982,509.510071,113.748901,505.258148,46.809780,30.717852,101.498360,489.269989,107.685867,87.010948,273.265991,38.176506,203.956589,85.621597,110.389999,162.319626,29.862272,68.144043,180.668335,90.972664,204.550430,33.418827,92.691673,210.851608,121.019104,82.422356,230.045517
2023-06-28,186.805466,328.797638,129.039993,119.194847,283.068634,334.149994,256.239990,41.084888,129.434128,223.276917,150.155685,50.208904,138.760788,373.593353,95.992126,449.105225,286.204132,137.784088,449.800812,26.174616,119.000374,55.763916,81.919312,167.184525,511.883057,112.484398,505.783600,46.818977,30.608213,101.328865,482.429993,107.136131,86.786232,273.678772,37.905891,204.802795,85.302376,110.169998,161.076752,30.082872,67.710716,179.921997,90.350670,203.355896,32.899418,94.273476,209.870773,120.488724,84.095642,231.173340
2023-06-29,187.141083,328.014404,127.900002,118.123711,279.337921,336.910004,257.500000,40.790115,133.954361,229.506271,151.206100,49.869492,138.196426,380.903412,97.176086,450.988861,287.427277,138.958130,455.478424,26.724773,119.646965,55.303207,83.332726,167.348373,510.816742,113.690994,509.987305,47.131908,30.464825,101.375931,483.769989,107.458389,86.903481,276.239777,39.613613,207.658646,86.623611,111.239998,162.761505,30.221760,67.129868,183.449356,92.169563,203.218048,32.252598,94.779274,210.153702,122.591957,84.637680,233.438538
2023-06-30,191.464523,333.389130,130.360001,118.718788,284.745483,341.000000,261.769989,42.268955,135.831573,232.601364,152.514511,50.806889,140.379761,386.435211,97.677002,454.964508,290.060486,139.945358,459.881378,26.752748,120.994049,55.487492,83.802231,168.567886,517.244019,114.955521,517.284302,47.619705,30.937151,102.656555,488.989990,104.614830,87.225883,279.935791,39.828239,209.606247,86.561539,113.910004,165.735199,30.385166,68.411415,184.364532,92.320343,204.008286,32.772011,95.285088,212.869995,122.363335,86.295242,235.168472
2023-07-03,189.974045,330.892670,130.220001,118.917152,283.792938,342.000000,279.820007,42.379868,136.924301,233.081299,150.515015,51.136593,141.082840,387.083618,97.868256,452.351959,289.481537,139.820831,452.467957,27.228312,121.245514,55.819199,84.672707,168.913712,519.799561,113.082870,514.667053,47.693336,30.911846,100.961647,485.209991,103.420525,88.417816,276.586853,40.500134,206.820236,87.324112,115.820000,165.495850,30.458702,68.577377,185.075317,92.725578,206.755692,32.948414,95.855270,211.823105,122.235329,85.061890,236.391891
2023-07-05,188.858643,331.049347,130.380005,120.751984,292.077972,341.559998,282.480011,42.283947,136.012177,234.530884,150.017441,51.107506,140.842346,387.840240,97.367355,446.047760,290.209839,139.020370,456.665009,27.116417,123.589409,56.233837,83.264130,169.805634,519.886108,111.934189,516.144165,47.767517,30.751596,101.102875,487.260010,101.515343,87.724144,278.519287,40.574787,207.318039,86.410782,113.949997,162.522186,30.622099,69.102905,183.413834,92.584221,207.555115,31.860586,95.662148,212.671921,122.756584,85.352570,234.002441
2023-07-06,189.332413,334.103821,128.360001,119.125427,289.716492,341.459991,276.540009,42.070118,134.667450,233.972580,148.902527,50.784260,140.611053,386.836609,93.733482,444.287109,282.011597,135.969757,454.223267,26.370434,123.257118,55.800781,81.925133,169.823807,516.273743,111.441872,512.892273,47.396584,30.051544,100.942787,481.290009,99.619637,86.698296,276.661926,40.024212,204.715439,86.455116,113.480003,160.947861,30.336147,67.323471,181.263626,92.405151,204.890411,31.331377,92.277809,208.833282,120.854507,84.347031,229.940384
2023-07-07,188.217026,330.138916,129.779999,118.500595,288.267853,340.899994,274.429993,42.469799,135.730026,231.592484,146.737167,49.614136,137.659866,382.448059,93.952057,436.922668,282.749207,137.161545,443.309265,26.603554,121.685562,55.063641,81.804359,166.620285,504.437286,110.631058,509.332947,47.285309,29.967199,100.142403,485.269989,99.013008,86.600609,274.016510,39.912228,203.562592,86.632462,113.169998,159.916718,29.856283,66.429161,180.597260,91.811424,200.911682,31.213774,94.935616,209.323715,120.781349,85.054047,234.336960
2023-07-10,186.173782,324.861938,127.129997,115.495430,291.809998,341.130005,269.609985,42.147053,136.491684,233.267380,146.976761,50.063438,137.715378,385.872314,95.345490,438.314209,289.724304,138.077621,444.368286,26.724773,120.778526,54.649014,84.797333,167.730591,506.320312,110.409027,512.426208,47.665512,30.093712,100.773285,496.350006,100.264183,86.073029,276.258514,39.492298,204.776566,86.676804,113.580002,165.201248,29.224228,66.115677,184.577759,91.867973,206.498428,32.085999,95.965637,216.095551,121.531189,86.893646,237.806412
2023-07-11,185.650620,325.488586,128.779999,116.179756,295.967438,343.369995,269.790009,42.371880,138.626297,235.608261,146.165863,49.989094,136.993759,391.421814,96.511253,438.162781,292.880402,140.630173,430.865479,27.060469,121.748405,54.842495,85.214676,167.439377,508.847076,111.280838,514.815674,48.333191,30.380476,101.225288,504.739990,101.790222,87.431053,276.493042,39.884235,207.571274,87.430511,111.320000,164.630447,29.099485,66.558235,185.457367,92.386299,205.699005,32.634808,98.807358,216.387939,122.939453,87.436089,241.667755
2023-07-12,187.318787,330.119263,130.800003,117.955101,306.931396,345.350006,271.989990,43.867714,139.312744,237.234177,145.659103,50.115158,137.706131,394.265533,96.984840,427.570526,296.484680,141.982040,432.052002,27.377512,121.218536,55.137352,85.977898,166.702194,516.878845,112.385132,521.418640,47.053459,30.355177,100.613228,507.359985,102.140930,88.075874,277.309204,40.369484,207.955582,87.785187,114.580002,167.898743,28.991367,67.738373,185.270767,91.245979,207.371353,33.301228,100.527100,218.915604,121.476326,87.420372,242.384613
2023-07-13,188.078827,335.464630,134.300003,123.519112,310.969696,343.540009,277.899994,45.941090,139.989822,238.311584,146.331757,49.821011,137.798660,394.137604,95.208893,423.831512,293.758148,140.087646,426.266418,27.666576,121.300262,55.607265,86.017502,170.670227,517.311279,113.770317,522.142456,47.786064,30.414219,101.937820,517.280029,102.216743,88.388512,276.943329,40.789421,208.566925,89.106415,115.919998,168.589233,28.808405,67.959648,185.439590,91.575821,209.190720,33.193420,101.667473,216.491669,122.463959,87.483246,244.544632
2023-07-14,188.226898,337.990448,134.679993,124.391899,306.464996,341.089996,281.380005,45.433487,140.836121,238.164658,147.308456,49.992325,138.816284,396.056305,91.930206,454.519653,295.532288,136.592346,440.740112,27.144392,123.497650,56.114048,85.845551,171.289062,525.237427,115.533310,524.829224,46.719616,30.633516,102.117592,514.830017,102.321014,86.581078,276.680603,40.649441,210.069122,88.228561,115.940002,166.499359,28.284462,67.489433,183.156158,90.633400,208.979370,32.487808,98.485458,215.737152,121.988426,86.697105,244.315231
2023-07-17,191.484268,338.470154,133.559998,123.628220,308.201385,344.250000,290.380005,46.424709,144.230804,238.977615,146.571335,50.053738,137.835648,395.751312,92.330933,458.220734,295.112061,136.467834,438.465088,27.414810,122.426186,56.031124,87.948738,168.941040,531.251648,115.165215,520.764221,47.118382,30.245537,101.237686,522.000000,103.041382,83.591461,276.436737,41.750599,207.649902,87.740868,118.320000,168.846985,26.163754,66.991562,184.959793,90.774750,209.356125,33.683434,97.887718,215.010925,122.756584,87.373199,246.073868
2023-07-18,191.227615,351.941193,132.830002,122.745506,309.620270,345.339996,293.339996,47.456898,144.494110,235.823761,146.562088,49.963226,138.094681,391.776123,91.911987,473.290314,295.775024,136.743546,442.446350,28.627028,124.015228,55.809986,87.280205,167.867111,531.856812,116.986305,519.197815,47.517136,30.566044,101.190369,532.229980,103.998726,83.972496,275.629974,42.553139,210.296204,87.208847,117.930000,169.104782,26.837393,66.429161,182.365372,90.246986,213.702423,33.810837,100.012085,216.840652,123.780746,87.310310,252.143021
2023-07-19,192.579926,347.623810,135.360001,121.029686,313.549438,342.429993,291.260010,47.040237,145.048920,236.460403,146.267258,49.979389,139.038284,391.884338,92.549530,476.792694,298.314850,137.579559,444.760498,29.400984,125.014030,56.795895,87.081177,169.514374,532.356567,114.971497,530.966248,48.620678,30.734724,101.502609,527.169983,104.150383,85.037415,275.920807,43.169033,212.994888,87.581245,116.430000,169.095596,28.251198,66.475250,182.294281,90.067932,213.224594,33.771633,100.683441,217.764954,123.890495,86.390495,252.373581
2023-07-20,190.635361,339.586182,129.960007,118.222893,300.164490,346.609985,262.899994,45.484447,146.835571,234.697372,155.149811,50.903862,140.165726,391.677704,94.179749,477.303833,297.950653,139.100388,454.821472,29.550179,129.109131,57.486958,85.822350,172.281067,535.094666,112.249504,533.662964,48.565033,31.013058,105.807564,516.880005,101.922920,84.226517,278.735077,43.980907,213.431549,87.058090,110.250000,165.643143,27.976751,68.319221,184.773224,91.566399,214.308853,32.703407,102.715858,217.859253,126.542419,87.451797,250.779144
2023-07-21,189.460770,336.551331,130.000000,119.036163,291.968750,345.760010,260.019989,44.274391,145.707138,234.334976,156.817566,51.191547,142.372116,391.116760,94.616905,479.471527,299.239258,141.137131,453.076019,29.820599,130.516525,57.533028,86.634857,173.063782,535.959229,113.964058,557.378235,48.806145,31.544426,108.135078,520.229980,103.373138,85.174202,277.309204,42.889076,223.475174,86.472855,110.949997,169.694031,28.176348,69.978806,185.341888,90.840721,215.769867,33.340431,103.819443,220.490662,127.054504,86.736397,247.474976
2023-07-24,190.260284,337.863129,128.800003,120.533783,289.339447,349.630005,269.059998,44.577152,148.575226,235.794388,157.637650,51.492149,142.828262,398.299774,96.101402,481.506653,303.571808,143.920898,450.408722,30.445354,130.008026,57.551453,87.102432,173.755432,541.790955,114.370903,566.628357,49.251270,31.637199,108.447311,523.859985,103.098267,84.607544,277.027740,43.318344,225.309219,86.561539,110.610001,169.298126,28.259514,69.610001,185.981583,91.425041,216.321182,32.958218,105.502403,220.698135,127.603172,86.673523,249.127060
2023-07-25,191.119034,343.609894,129.130005,121.208214,292.177185,347.579987,265.279999,45.643326,147.465591,233.786514,158.844696,51.450142,143.163422,394.846008,96.247131,483.636475,303.590515,144.579056,448.663330,29.979118,128.600616,57.357956,88.686836,174.155884,543.001404,114.254662,566.023560,49.705666,31.257652,106.848328,525.340027,102.652771,83.659859,274.260376,42.441154,223.317993,86.180244,113.000000,171.314346,28.475744,69.554680,186.301453,82.085548,216.220123,33.418827,106.845108,221.683685,128.325577,92.105843,251.710831
2023-07-26,191.987686,330.677338,128.149994,128.210327,296.245270,349.799988,264.350006,45.416496,148.349518,232.229172,159.148804,51.634388,143.312408,395.957916,95.709793,480.863007,307.755035,143.494003,444.789948,30.221560,128.845795,58.095089,86.281250,174.374298,543.942993,111.881416,569.493530,49.353275,31.384167,107.936409,514.549988,103.600624,83.884567,273.688171,43.337013,231.326675,87.102440,110.089996,162.034195,28.558908,68.568161,185.039749,81.331619,216.128235,33.673634,107.442879,221.806870,129.002304,90.187630,248.118530
2023-07-27,190.724228,323.775330,128.250000,128.339279,309.282928,349.309998,255.710007,45.864151,146.713318,229.623779,160.042572,51.446903,141.608688,388.174713,96.010338,478.240936,307.867157,141.999832,446.162811,29.792624,135.156433,57.533028,86.323769,171.580322,539.773438,112.753220,555.226868,49.149265,30.872469,106.583397,513.969971,102.055626,83.396065,276.915131,42.711777,222.942413,87.412773,111.099998,163.617737,27.901897,67.553963,174.510986,80.266663,216.900085,33.859840,106.477242,222.593399,130.739792,90.737930,248.099304
2023-07-28,193.300491,331.264740,132.210007,131.493210,322.945709,349.809998,266.440002,46.713486,147.550232,230.906876,160.770477,51.689327,145.611847,386.659454,94.862816,476.044830,309.417114,141.297195,449.585052,29.745998,136.972458,57.569885,86.928535,173.200256,541.204773,112.356071,557.041199,48.305382,30.761604,106.659088,528.869995,102.956093,84.148354,275.826965,43.057060,227.134583,88.547783,112.959999,165.369995,28.301098,67.166733,173.427032,82.311729,217.194092,36.094296,106.615204,222.773438,131.178696,89.928200,250.145187
2023-07-31,193.912476,328.866150,133.679993,131.632065,316.119232,351.959991,267.429993,46.692497,148.537613,232.846222,154.366592,51.673176,145.509430,387.958282,97.667892,479.320068,311.723541,145.557404,445.731354,29.839249,135.819290,57.063107,86.818413,170.606522,538.658936,113.557213,543.963989,48.259010,30.753073,105.334488,546.169983,104.633789,86.844856,275.048401,43.075722,222.759064,88.423645,114.400002,166.881165,28.342680,67.581635,172.485199,82.867790,215.154190,35.055470,108.261368,221.996368,131.846268,89.810287,254.698029
2023-08-01,193.083344,329.277313,131.690002,130.471649,320.197235,352.260010,261.070007,46.470676,147.804123,234.854095,155.619705,51.430737,145.462875,390.703552,97.103226,477.777100,310.070740,144.347809,444.299683,29.484905,134.874924,56.915680,88.881020,170.024048,533.663086,114.215912,541.168213,48.833973,30.369301,104.577576,549.099976,103.695419,86.981636,273.050262,42.655788,222.706635,87.120163,117.599998,165.369995,27.802105,66.539795,171.907684,82.905472,213.288895,35.084866,107.948692,220.176987,131.068970,89.008408,277.250732
2023-08-02,190.092484,320.622925,128.210007,127.327629,311.862671,351.190002,254.110001,44.234425,146.130280,232.679703,156.559570,51.466297,145.779419,383.766571,95.891945,477.833923,306.737244,142.062103,445.662689,29.083942,135.637680,57.090740,86.204933,171.380066,530.665527,112.084846,549.020325,48.759777,30.147562,102.770439,530.299988,101.903954,84.314445,271.690033,42.086540,225.213150,86.845284,109.349998,159.872177,27.710623,66.300064,171.392349,80.539970,211.717636,33.703037,106.302513,217.466797,131.837128,88.025719,276.213348
2023-08-03,188.700653,319.800598,128.910004,127.397049,310.751404,353.809998,259.320007,44.480228,147.023636,233.855042,157.232239,51.479225,146.161118,386.708588,97.558609,477.890656,307.997864,142.008713,440.445953,29.289083,135.338028,56.795895,85.497734,170.297058,535.795837,110.961182,543.686523,49.288357,29.849070,101.748589,523.760010,102.975044,83.523079,273.003326,42.462742,224.855057,86.384186,113.150002,159.278824,27.494398,64.631279,169.268845,79.795471,211.984116,34.173447,105.750725,214.841919,132.093155,88.332298,270.335083
2023-08-04,179.639297,320.897064,139.570007,127.059853,308.310516,349.989990,253.860001,44.645096,146.713318,234.080307,155.757935,51.181847,144.559860,385.075256,97.831818,475.874481,304.804413,141.688553,440.769501,29.186512,134.139465,55.938980,85.176048,168.003632,530.367676,110.854637,543.944092,48.806145,29.866135,101.852661,526.880005,103.136177,84.314445,269.250977,42.180584,222.488266,85.311256,115.820000,156.163696,27.128469,63.773827,168.113770,79.682365,223.543518,34.561947,104.573563,211.430527,131.901154,88.882614,265.522949
2023-08-07,176.539841,323.178131,142.220001,130.451813,314.095123,362.579987,251.449997,45.381531,147.409180,236.548538,159.498932,51.876812,146.086624,390.506744,97.631447,483.456635,307.362885,142.204376,445.270416,29.727346,136.500275,56.381256,86.664795,170.087753,536.487549,112.462616,547.067139,49.158535,30.428995,102.609573,529.729980,104.719109,84.832253,273.359833,42.378090,223.248123,86.197983,116.809998,156.645798,27.053617,63.285175,168.460281,80.549393,232.419846,34.650467,105.281708,211.601105,133.675186,90.195503,270.527191
2023-08-08,177.477554,319.203369,139.940002,130.322876,310.205688,363.730011,249.699997,44.629116,146.581680,234.374161,159.572647,51.928524,146.244888,386.885742,98.114151,478.837280,306.093018,141.990921,511.480408,29.158541,135.855576,56.132481,85.321922,167.858017,534.287659,111.619896,551.023071,49.204903,30.394884,99.894157,520.599976,103.970291,86.102341,271.652496,41.832615,226.261185,86.144775,113.230003,154.578339,27.086887,63.349716,166.727737,81.246796,239.642197,34.443920,106.302513,209.336334,133.428253,89.267822,271.718262
2023-08-09,175.888351,315.463623,137.850006,128.597153,302.833496,358.019989,242.190002,42.520760,144.616333,234.834473,159.471313,52.012573,146.058701,387.358124,99.780807,475.287598,306.466461,142.177704,516.020630,28.776230,136.899796,56.261478,82.188843,167.439377,537.727051,109.556602,542.893250,49.139988,30.565445,99.629227,513.780029,103.970291,85.477066,270.386047,41.117847,223.632370,86.118172,110.470001,155.078964,27.203316,63.543324,168.140442,82.716980,238.282272,33.716095,107.084213,208.132858,131.800293,88.182945,273.293457
2023-08-10,175.671188,316.148926,138.559998,128.626892,303.359375,356.980011,245.339996,42.354900,144.400070,235.668610,158.641998,51.986618,145.332535,390.772430,100.290833,476.584412,307.577637,143.040421,511.225555,28.850822,137.508163,56.132481,81.432411,167.230026,539.446655,109.450058,542.595886,49.492382,30.463112,99.099388,515.830017,103.344704,89.648827,269.795044,41.070827,224.785233,85.869896,110.230003,155.347839,27.461126,62.962482,168.613922,81.256226,240.799973,34.109516,106.523224,209.288956,132.503296,89.283562,272.611511
2023-08-11,175.730484,314.269196,138.410004,128.497986,299.291321,358.350006,242.649994,40.823090,145.236969,235.550858,160.190002,52.291538,146.179749,388.647034,101.848190,480.872467,309.174377,145.993179,518.030884,29.177187,138.180069,56.362827,80.162949,167.493958,540.859009,109.517860,539.125732,49.881866,30.736015,99.638687,508.450012,102.453705,86.971863,270.751923,41.127251,223.073456,85.266930,107.570000,154.086945,27.743889,63.543324,170.338104,81.840515,241.213486,34.316063,108.344139,211.970688,132.383057,90.093285,273.956177
2023-08-14,177.381149,317.235657,140.570007,130.253448,303.805908,358.480011,239.759995,43.718819,145.537888,238.357361,159.812225,51.902287,145.034653,392.189362,101.930153,483.636475,308.091217,145.886475,528.693237,28.841499,138.261795,56.095627,82.514442,167.111710,539.427551,111.949234,535.715271,49.965324,30.761604,100.386154,522.250000,102.027191,86.766693,270.930145,41.136662,224.610565,84.992020,111.980003,158.055008,27.910221,63.211414,169.301788,81.463570,239.798370,35.093063,108.233788,214.055420,131.263840,90.840141,273.303131
2023-08-15,175.394440,315.101349,137.669998,128.716156,299.598907,354.500000,232.960007,43.905682,141.832916,235.344788,159.351517,51.636292,144.103668,388.125580,99.313271,479.622925,310.136169,141.626282,537.164062,27.918346,138.125580,55.717846,81.395691,165.045837,536.583679,113.615341,529.855652,49.473827,30.181675,99.288612,518.700012,100.994034,85.056953,270.451721,40.186768,222.907516,83.910240,111.349998,155.904099,27.660721,62.095795,167.774124,80.728455,244.429504,34.198036,106.691284,212.112823,131.226807,89.503685,266.416199
2023-08-16,174.524643,314.336151,135.070007,127.645027,291.998535,354.109985,225.600006,43.452038,141.231079,234.814880,158.844696,51.662231,142.632767,388.046844,97.642136,476.660156,310.967194,141.083755,536.790588,27.312235,137.608063,55.727062,80.474998,164.918396,537.102600,111.726425,524.343384,49.112171,30.258430,98.900688,514.489990,100.975052,84.363297,267.731232,39.707130,220.776520,83.342735,107.190002,153.641922,27.669041,62.289421,166.603836,80.238388,243.519852,32.978428,105.887695,210.511322,130.089096,89.283562,263.669098
2023-08-17,171.984421,310.882843,133.979996,128.855011,282.870209,353.190002,219.220001,43.310143,139.764145,232.930771,160.337418,50.504162,141.608688,386.324890,99.533646,467.572937,305.598083,143.445343,528.359070,27.302916,136.218811,55.846844,79.905975,162.406570,525.631287,111.280838,531.372742,50.753567,31.136843,99.279160,511.670013,99.572250,83.943192,264.410400,39.942245,220.802704,82.819572,104.440002,153.678986,27.494398,62.243328,166.148224,80.807800,244.409058,32.044064,107.818138,206.720917,130.107605,87.231674,264.303131
2023-08-18,172.468719,310.490326,133.220001,126.415169,281.044525,352.559998,215.490005,43.265175,140.083847,233.715805,158.936874,51.230793,142.009018,385.882111,101.039497,471.813660,305.682159,144.477936,536.977417,27.144392,136.327744,56.160126,79.784248,162.160797,523.546509,112.811340,527.823364,51.041046,31.264772,98.124855,508.130005,99.344742,83.982269,264.297852,39.970459,219.571274,83.670837,105.449997,154.355835,27.594193,62.538368,166.684235,81.424652,242.528671,32.211266,108.335373,207.858078,130.801331,87.884193,262.987152
2023-08-21,173.803085,315.788177,134.679993,127.317719,287.642731,352.089996,231.279999,46.930317,140.563431,234.981689,154.200745,51.094551,141.292175,386.895660,99.818283,471.094269,302.591400,143.993073,540.534790,27.181690,136.345917,55.680992,83.581017,161.132431,521.884399,112.937279,527.704346,51.411987,31.563263,98.276245,520.469971,97.496445,83.904106,262.703156,39.961056,218.488312,83.644226,108.220001,155.709442,27.444498,61.846882,167.014771,81.158920,241.491226,32.594849,108.261482,206.190247,131.606064,88.065002,261.978699
2023-08-22,175.176987,316.357147,134.250000,128.021912,285.360657,350.570007,233.190002,45.632324,137.648361,236.070969,152.975204,50.932354,141.348038,391.461151,99.258179,466.039490,302.983612,142.807785,544.082275,26.519630,134.602554,55.340065,82.677711,159.903763,517.234375,112.888832,522.538879,51.430527,31.418283,99.487305,519.479980,96.169449,83.816177,262.956329,39.029976,218.077805,83.378212,105.660004,154.930634,27.610825,62.252556,166.175018,80.978638,238.638123,32.348957,107.282402,213.913269,130.875351,87.782005,259.529388
2023-08-23,179.021927,320.811249,135.520004,131.284927,291.948975,354.260010,236.860001,47.079205,138.579300,237.768600,151.602310,51.285942,142.669998,394.629517,98.385880,463.294464,304.486908,142.996368,543.787415,26.528954,133.549255,55.533562,84.686234,162.106201,519.626770,114.148094,540.573303,51.912754,31.264772,99.468361,530.710022,93.600754,83.855263,264.419769,39.133438,222.584366,83.635361,109.430000,157.452408,27.602507,62.593685,167.130936,81.652428,238.397293,33.421032,106.968384,215.287323,132.651291,89.204918,262.247559
2023-08-24,174.336823,313.914337,131.839996,128.716156,284.517242,354.299988,230.039993,47.126160,138.447632,234.991516,152.118301,50.893429,142.009018,391.294006,97.651321,462.026031,301.218781,141.820068,538.520142,26.687475,133.140656,55.386139,82.549217,161.250717,511.801086,109.372559,533.405151,51.226521,30.838358,98.162712,512.429993,92.539146,80.572563,264.870087,38.964138,221.448990,83.422562,101.800003,153.521408,27.760525,61.975948,165.415680,80.807800,237.711823,32.053894,106.035492,211.288422,132.780762,87.294579,258.664886
2023-08-25,176.540985,316.867371,133.259995,128.815353,283.277039,355.929993,238.589996,45.982059,138.278381,238.033524,154.299377,51.195114,142.939957,396.430267,99.395912,462.991486,301.470886,142.879623,544.072449,26.575579,133.195114,55.644131,82.294159,163.289322,514.015015,112.423866,536.954468,51.653091,31.025974,98.597939,525.059998,93.686050,81.442085,266.961975,38.776051,223.169510,84.300392,102.250000,155.579636,27.735573,62.658218,166.434097,80.371262,237.489517,32.703037,107.624176,211.383148,134.445740,88.025719,261.796173
2023-08-28,178.102722,317.573730,133.139999,129.936081,287.999939,355.549988,238.820007,46.798416,138.757980,239.269958,152.480270,51.487061,143.163422,400.907318,100.231476,465.036163,304.318848,143.858368,544.337891,26.818022,133.867050,55.800781,83.188774,164.044678,516.113403,113.179443,540.523743,52.116772,30.880993,97.254402,529.919983,94.434853,82.223679,266.117737,39.387367,228.383469,85.018631,102.610001,156.404755,27.901897,62.713539,167.845627,81.367714,237.646957,33.066952,108.547821,211.051498,135.065491,89.590172,263.938141
2023-08-29,181.987198,322.194611,134.910004,133.466904,295.669769,358.290009,257.179993,48.745895,139.886383,240.751740,152.498825,51.918495,143.247177,405.049774,100.828293,466.503326,307.558990,143.633911,544.318054,27.200336,134.012329,55.745483,85.975967,164.663559,522.447083,116.870071,550.656006,52.450619,30.829830,98.276245,540.570007,96.463264,82.458160,266.033264,39.500217,230.566849,85.346725,105.919998,158.249695,28.849989,62.674545,169.310745,80.997589,240.509293,33.745602,108.677132,214.548187,135.463211,90.667198,268.971161
2023-08-30,185.476288,322.567352,135.070007,134.766174,292.802246,361.059998,256.899994,49.225525,139.322189,241.625092,151.960526,52.291538,143.405441,407.273560,101.810791,465.272736,310.697632,143.831436,538.510315,27.079119,134.675186,55.717846,86.203003,164.800110,521.956055,117.325340,554.215454,52.682446,30.616621,98.787148,545.359985,96.776054,82.340927,266.643066,39.067600,230.715347,85.798958,106.589996,156.896118,28.808405,62.284626,168.453110,82.022530,238.878983,33.961983,109.637733,218.243820,135.842453,89.865303,271.180328
2023-08-31,185.693741,321.556885,138.009995,135.053772,293.586060,360.200012,258.079987,49.316452,137.601334,241.085373,150.057861,52.748943,143.684738,406.023895,102.095444,451.121399,310.387512,144.657562,544.612976,26.956886,133.440308,55.128136,89.160233,163.063324,528.713135,116.618217,552.331726,53.183208,30.173151,97.358490,559.340027,96.406395,81.754723,265.162384,38.832470,231.440231,85.178246,105.720001,155.811401,29.091166,62.015404,167.899216,81.652428,237.452454,34.561947,109.942535,218.404953,135.814728,89.983223,270.027710
2023-09-01,187.265320,322.439819,138.119995,134.547943,294.072296,362.459991,245.009995,48.471111,138.062134,243.469940,148.944122,52.411579,143.842972,408.906921,104.234848,450.799530,312.999939,147.530914,547.472595,27.248360,134.566223,54.649014,84.293991,160.680420,523.871582,117.141304,552.450684,53.637611,30.514280,97.311157,563.210022,97.347931,79.761665,264.964294,39.171047,231.955505,84.841301,109.449997,157.452408,28.991367,62.080391,168.301239,81.880173,237.795166,36.007767,112.815102,220.328583,136.841431,89.810287,274.945526
2023-09-05,187.502563,327.237213,137.270004,134.657074,297.812866,360.470001,256.489990,48.510082,136.538742,240.751740,149.129730,51.989864,141.915939,404.902191,104.244034,455.125427,308.019470,149.470490,548.533875,26.938078,132.659409,54.197517,84.260170,159.617325,524.333557,120.095749,537.371033,53.099751,30.173151,95.447266,564.880005,95.407814,79.322014,263.285492,39.067600,227.815765,83.803833,110.779999,157.368973,28.525644,61.458378,165.898102,80.712906,235.294128,36.106121,113.452423,218.357529,137.017212,88.741104,270.507996
2023-09-06,180.791214,326.580017,135.360001,133.357788,296.840546,361.670013,251.919998,47.028118,136.313065,241.556381,146.651688,52.379131,141.636612,406.555237,105.143890,451.462189,306.346741,149.623138,550.263428,26.693615,132.214508,54.160652,84.269829,160.139709,526.220215,120.434776,532.106384,53.007023,29.311787,96.090637,561.940002,95.274666,79.116852,259.777039,38.578548,224.444626,82.952599,109.279999,155.802109,28.425844,60.984913,164.834991,79.251427,230.662521,36.371681,113.674103,217.580536,136.952423,88.583870,271.727814
2023-09-07,175.503174,323.666199,137.850006,134.151215,296.344482,361.799988,251.490005,46.208694,135.147034,242.518051,148.526474,53.027924,142.986511,407.972137,104.629677,458.911774,308.620880,149.632080,563.313721,26.449152,135.210892,53.746021,82.797508,161.670242,528.077942,121.170967,527.109436,52.663902,29.235033,95.248558,560.460022,93.134842,78.716278,262.502747,38.023663,222.636765,82.713165,106.589996,152.705551,28.118135,61.504791,164.486557,80.029617,235.646149,37.551941,112.417931,221.370941,136.452972,87.884193,270.315887
2023-09-08,176.115982,327.943634,138.229996,135.262070,295.570557,363.149994,248.500000,45.540150,135.250473,242.665253,149.018372,53.125225,142.372116,408.188660,106.153908,456.859161,308.893372,150.143936,576.314941,26.665411,135.310776,53.746021,82.847733,161.551102,530.551697,122.362434,513.834106,52.552612,29.209452,95.305344,560.359985,92.887573,79.703041,263.342102,38.559738,216.907516,83.058983,106.089996,152.659210,27.818739,62.043255,164.843918,79.222969,240.314789,37.384731,113.350822,219.172485,136.600952,87.829155,271.132294
2023-09-11,177.282303,331.544189,143.100006,135.797638,305.165253,365.519989,273.579987,45.146431,135.842896,242.596573,150.967422,53.310127,144.066437,410.008972,104.822517,455.538330,308.573853,147.046036,585.257446,26.778236,135.328949,54.252796,83.001343,163.988983,537.857422,122.740219,510.532562,52.710266,28.945072,96.932693,564.500000,92.050667,80.621407,263.851440,38.870098,218.488312,83.821571,105.320000,153.753204,28.226248,62.693115,166.353699,72.978500,242.436081,37.955200,111.244881,219.760040,137.248444,89.825996,270.911377
2023-09-12,174.257782,325.490936,141.229996,134.230576,299.311188,367.779999,267.480011,44.838646,137.610733,242.675095,151.821304,53.368523,141.534210,409.595703,107.880135,456.032471,306.609833,149.784760,588.932739,27.238956,135.537781,53.718376,81.588921,163.384079,537.867065,106.175957,506.616425,52.292965,29.124168,96.885406,542.210022,91.584663,81.754723,264.747375,40.008080,216.881317,83.750618,105.309998,151.574448,28.309418,62.878792,169.033783,71.706841,241.129913,38.220753,113.683342,218.367050,135.324509,90.407761,270.680878
2023-09-13,172.191986,329.699829,144.850006,135.589355,302.684662,367.820007,271.299988,45.453217,137.676559,243.195175,152.201813,53.381500,142.521011,409.625214,106.916031,455.975494,306.233978,149.237030,588.520081,27.154335,137.253937,53.847374,82.401405,164.676331,538.800720,108.336090,506.527191,52.190948,29.064466,97.159790,553.559998,91.422981,81.559326,265.747131,39.735336,220.479553,84.460007,107.709999,152.381073,28.159716,63.528648,171.160034,71.706841,238.276855,38.073223,112.972130,216.831909,135.555725,89.307129,265.023499
2023-09-14,173.704269,332.289825,144.720001,136.967987,309.292877,369.500000,276.040009,45.549152,140.347168,236.983566,151.969803,53.605328,144.085052,406.712738,108.825897,459.548462,309.757935,150.161896,581.375793,27.455214,139.505753,54.293159,84.208969,166.096939,543.623230,110.099075,511.577148,52.274418,29.124168,97.121941,552.159973,92.431076,82.536324,268.567078,40.487724,221.379120,85.399925,106.629997,153.947906,28.309418,64.317764,172.919922,71.649887,242.973282,38.033875,114.994942,218.774506,136.295700,90.918762,271.401245
2023-09-15,172.982697,323.970276,140.389999,136.273697,297.971649,367.859985,274.390015,43.869328,139.933426,236.561569,149.844421,53.407448,142.874802,407.667114,107.154755,462.494293,302.024048,149.506378,565.701721,27.116722,138.125580,53.810223,82.280647,164.822998,535.528076,110.341232,511.467957,51.968395,29.055939,96.260933,528.890015,91.546616,83.611015,262.408386,40.393677,222.924973,84.938835,101.489998,150.767853,28.101498,63.723614,172.455368,71.934601,241.509735,37.256878,114.135925,208.492981,135.037750,90.792961,268.125916
2023-09-18,175.908417,322.832245,139.979996,137.077057,300.194214,370.429993,265.279999,43.935280,140.224915,240.084473,150.791092,53.011688,143.414764,410.441925,108.017876,461.886108,298.133667,150.152893,561.397583,27.041506,139.778137,54.144566,82.118340,164.401428,541.650024,108.694496,503.729401,52.033306,28.689224,95.560799,532.419983,90.833344,83.063889,261.927429,40.845112,221.632385,85.976295,102.370003,150.962555,27.885267,63.352264,173.723938,71.346207,243.760666,37.365070,114.976456,206.313461,134.205246,91.642006,269.845215
2023-09-19,176.995682,322.430023,137.630005,136.908417,302.694611,370.480011,266.500000,43.489586,140.046234,239.005020,150.540482,52.998714,142.995834,406.899597,107.733223,456.754639,295.643402,150.134933,565.013916,26.938078,139.369553,54.033119,82.041046,163.429932,543.218811,109.236946,504.731415,51.782917,28.987717,95.248558,541.690002,89.986938,80.054764,262.314117,40.647610,222.907516,86.295509,101.610001,151.249985,27.777159,62.748814,174.519073,71.251328,244.835175,35.742210,113.757233,206.104965,135.527969,91.359009,268.625397
2023-09-20,173.457138,314.699158,135.289993,132.643692,297.336670,366.820007,262.589996,42.209484,139.453812,237.336823,151.199463,53.170643,142.874802,403.937958,106.879288,467.654297,292.119446,149.677002,559.785828,26.844051,139.478546,54.274586,80.678230,163.484924,542.718445,109.333817,500.911743,51.467625,28.672167,94.879570,535.780029,89.435318,80.660492,261.436951,40.318439,222.235031,86.641342,100.339996,150.285782,27.943485,62.525993,173.706085,70.634460,251.458405,34.119350,111.919144,203.650665,138.589645,90.289848,267.607208
2023-09-21,171.915222,313.482635,129.330002,129.370728,293.427338,363.279999,255.699997,40.988335,138.363037,232.185013,150.039307,52.525108,141.636612,396.892670,105.373436,476.216125,288.266632,148.330093,540.613403,26.373928,139.315079,53.438732,78.520836,160.735413,534.296021,106.001595,497.637787,49.464558,28.015486,93.602272,513.880005,87.105278,80.826584,255.797012,39.801178,218.016678,85.054108,96.110001,148.709671,27.685675,62.117523,171.017075,68.935745,249.559448,34.080009,109.979485,199.575958,136.323425,88.827576,261.287109
2023-09-22,172.765274,311.010345,129.119995,129.182312,296.751251,360.160004,244.880005,41.580925,137.037125,230.683609,148.962692,52.664604,141.115265,395.770996,105.538712,480.929413,287.298798,149.308838,541.016357,25.988430,138.688583,53.494453,80.533493,160.634628,537.674683,105.614105,498.828308,49.677849,27.879032,92.864281,512.900024,86.401512,79.380646,256.740173,38.776051,216.916275,84.176254,96.199997,148.626221,27.677357,62.850941,169.543015,67.929802,247.975464,33.617741,110.062622,199.462250,135.888733,87.459679,262.276398
2023-09-25,174.040314,311.530273,131.270004,130.035248,298.487579,361.709991,246.990005,42.192493,137.714172,228.995789,148.739960,52.898163,140.258804,396.036591,106.723198,484.901550,288.012909,151.490860,542.736023,25.950817,140.422836,52.937222,81.000740,159.773117,537.703552,104.906998,501.675720,49.594387,28.126354,92.220901,511.600006,86.163742,79.146156,254.438950,39.086411,220.121445,83.103340,97.379997,149.173233,27.577559,62.637421,171.401215,68.375832,247.197311,33.725933,111.826782,201.366928,135.490967,87.892365,263.438599
2023-09-26,169.968033,306.232513,125.980003,127.516083,296.632202,359.420013,244.119995,41.881710,136.284821,225.355148,147.589096,52.713257,139.011353,389.040710,106.888474,480.311737,284.301086,150.673721,540.495483,25.546516,139.750931,52.500725,79.281433,158.114243,532.255432,101.594131,497.637787,48.880337,27.631712,91.047684,506.299988,85.754814,78.208252,252.496094,38.230579,215.938110,81.889420,95.959999,146.447510,27.436176,60.659977,167.854523,68.575119,249.216705,33.273502,110.967796,197.614380,132.494034,86.484138,258.876221
2023-09-27,168.455765,306.870209,125.980003,129.469925,295.421661,357.779999,240.500000,42.438324,137.084122,225.207947,145.816391,52.460228,137.168030,389.139069,110.368469,478.677307,283.624481,153.583023,540.249756,25.640537,139.042679,51.962067,79.341644,155.410568,542.429688,101.342293,494.363770,49.334736,27.375860,90.385384,502.600006,85.041542,78.061684,248.648117,38.428070,216.104019,81.215027,98.070000,146.614380,26.945505,55.665321,167.845627,69.163506,249.161102,34.040672,114.263222,196.117203,132.429276,87.239403,261.940216
2023-09-28,168.712738,307.704132,125.980003,131.225418,301.593262,357.059998,246.380005,43.058887,138.786179,227.327591,145.602936,52.726223,136.237045,393.035522,109.698196,484.730530,285.193787,153.178955,535.031616,25.913210,138.243637,51.832047,80.817146,155.346451,547.338623,102.824364,499.056488,49.965324,27.367334,92.835907,504.670013,85.241249,78.286400,250.487167,38.475090,215.885696,83.669823,102.760002,147.495132,27.070250,52.991604,167.157730,68.328384,250.865540,34.601295,113.919754,196.894211,130.958588,88.380150,265.330811
2023-09-29,169.226730,309.774200,127.120003,129.787323,297.872467,350.299988,250.220001,43.468609,136.369461,225.708405,144.554153,51.879574,135.790192,389.562164,107.962776,479.114441,283.943970,151.410004,527.838196,25.743967,135.347092,51.989929,80.679199,155.291397,543.806091,102.601555,502.181702,49.854042,28.288389,91.634300,509.899994,90.937965,79.185242,248.459442,38.428070,216.680466,83.247200,102.820000,147.420959,26.953819,53.186562,165.040451,68.299919,248.957382,34.965202,111.209152,196.951065,129.774628,86.971901,262.218781
2023-10-02,171.737320,315.709686,129.460007,133.070175,304.431000,348.079987,251.600006,44.750706,135.194061,226.944870,143.997269,51.934727,135.166428,389.503113,106.172279,488.978180,281.754425,149.542313,528.978210,25.104593,134.611633,51.525566,81.103683,155.043961,549.918213,103.366806,491.883453,50.438271,28.945072,90.574615,521.130005,89.929863,79.790970,243.093002,37.252472,210.565796,82.195152,103.269997,148.292465,26.413250,48.414722,163.137558,67.702034,246.687836,34.876686,108.702774,194.961105,130.237106,85.587280,260.989349
2023-10-03,170.402939,307.458832,124.720001,131.344452,298.596832,343.040009,246.529999,43.486584,134.197281,224.530869,144.173615,51.607090,135.445740,384.789917,106.355904,484.131836,274.340118,149.892532,516.104797,24.361803,133.867050,50.968334,79.149307,153.696716,543.883118,101.245407,495.673370,50.111359,28.910957,90.631371,507.029999,90.433899,77.709984,240.018372,36.368412,212.496704,81.170059,100.080002,145.789246,26.596212,48.999596,161.824341,66.980789,241.778366,35.102901,109.166916,189.673462,129.857864,84.776962,258.347931
2023-10-04,171.648346,312.923401,127.000000,134.131409,303.200653,343.690002,261.160004,44.010227,134.799103,226.895828,144.340668,52.226673,135.892593,387.446655,102.380081,485.224609,274.763000,146.399521,522.266418,24.390013,134.103149,51.116932,80.021591,154.805695,550.390076,103.725212,498.490997,49.924553,28.407787,90.498924,518.419983,91.194748,77.495033,241.263306,36.650566,212.861237,82.123222,104.070000,146.456787,26.230286,46.994305,163.039322,66.544243,245.881927,35.338955,105.203117,189.133316,130.486832,85.634491,254.563538
2023-10-05,172.883881,313.315826,125.959999,133.962799,302.416809,345.059998,260.049988,44.656773,135.367493,229.113510,145.844223,51.603848,133.872391,388.441895,100.075378,490.555634,274.114594,147.171753,532.112976,24.502842,133.885193,48.646523,80.026459,146.731339,548.195374,104.955414,494.095856,49.569611,28.544243,91.019287,516.440002,91.099625,78.950760,237.886902,36.960918,213.649323,82.707695,102.910004,143.805237,26.463146,45.908115,160.823761,65.841980,245.548477,35.299610,105.286659,189.332306,130.903076,85.532219,250.500565
2023-10-06,175.433990,321.066345,127.959999,136.452225,312.973969,346.339996,260.529999,45.730030,137.451508,230.644348,146.308273,50.737724,134.142365,392.156769,98.404243,498.708893,275.167084,145.672195,555.442261,24.512241,134.602554,49.352352,82.105164,146.905457,536.654236,106.514992,494.621704,49.924553,28.254278,91.662666,526.679993,92.354996,81.031754,234.104919,37.327709,214.003983,82.878532,107.239998,145.557480,26.204079,46.641525,164.968979,66.212090,247.762375,35.594673,107.059692,189.085892,131.374817,87.695694,255.533661
2023-10-09,176.916641,323.577850,128.259995,137.285339,315.881134,345.450012,259.670013,45.241367,137.138916,230.055588,147.143570,50.552822,133.462784,388.973938,101.847527,500.324402,277.553894,149.703949,561.869141,24.737904,135.392517,49.110893,83.136734,147.886124,538.040344,106.863708,492.220825,50.363548,28.313978,91.549141,529.289978,92.136253,82.751251,235.708267,37.337109,215.127075,83.004402,106.970001,145.297897,26.713722,45.787422,166.630630,69.267891,251.532486,35.466816,113.084290,190.223038,131.532074,86.743767,260.585907
2023-10-10,176.323563,322.174988,129.479996,136.928299,319.334045,348.559998,263.619995,45.765995,137.972519,232.175171,146.976547,51.123745,134.784744,394.521698,101.415955,498.167236,281.181213,149.542313,569.288635,25.396078,135.192764,50.178917,83.382500,150.672241,541.043518,106.272804,492.240601,50.316845,28.288389,92.306046,532.719971,92.840027,83.034584,237.217300,37.449966,215.462006,84.569008,109.010002,146.169357,26.977036,47.885555,166.469818,69.609528,251.263824,35.830730,111.756836,192.127716,131.448837,87.703552,262.420532
2023-10-11,177.717209,326.128662,131.830002,139.397888,325.267517,348.429993,262.989990,46.773296,138.446167,231.272369,144.953247,51.328114,133.127655,393.969879,97.779869,498.062714,280.081757,144.657562,594.809448,25.405478,135.601349,49.881733,84.951248,149.040894,544.345093,106.593643,488.748383,50.120697,28.237223,87.651009,549.909973,93.819588,82.897804,236.651413,37.327709,213.479385,83.759743,108.309998,145.863419,26.722214,49.705162,167.416794,69.571571,262.703918,36.273327,111.431938,192.639450,132.484772,89.103928,262.055481
2023-10-12,178.616699,324.892548,132.330002,137.830826,321.635925,345.660004,258.869995,46.912193,138.124054,232.351837,145.092453,51.561668,133.425552,394.058563,97.761497,499.402527,275.354950,144.774277,599.939148,25.292646,136.004913,49.045879,87.966347,144.880005,542.670288,106.078369,478.757690,50.298161,28.075186,85.805328,559.630005,94.390221,82.409309,232.190399,37.374737,206.634033,82.608780,108.790001,143.703232,26.255043,49.203842,164.325745,69.562088,264.037781,36.233982,112.425194,186.584229,130.644073,87.585556,258.962646
2023-10-13,176.778229,321.527496,129.789993,136.234024,312.239685,345.089996,251.119995,45.429230,140.198639,233.225189,145.575104,51.847137,134.700943,392.215881,100.883408,512.573364,274.321350,147.315445,598.661499,25.161013,135.693069,49.120174,85.788559,146.639694,545.615662,105.242271,479.045441,50.223442,27.384394,86.452278,548.760010,95.017899,82.409309,234.189804,38.522121,206.574829,82.959457,105.089996,141.617249,26.051188,50.587120,163.986267,69.514641,263.167084,35.378296,115.906303,185.494476,128.072647,86.051445,257.358612
2023-10-16,176.649734,326.344513,132.550003,137.959747,318.649384,346.230011,253.919998,46.062798,140.056564,235.580307,146.206161,52.294788,135.985687,395.300201,100.956856,511.271332,279.405121,148.518646,605.972839,25.377272,135.023590,49.621689,87.672043,147.629486,550.813416,105.689484,484.690643,50.587723,28.373674,87.698578,550.739990,97.043594,83.738022,235.727127,39.171047,207.580948,83.732765,106.459999,143.054245,26.543842,50.484997,166.371536,70.207420,265.742218,35.958591,116.324020,187.863480,128.766388,85.862625,260.096100
2023-10-17,175.097900,325.775421,131.470001,138.574677,321.477234,345.390015,254.850006,43.907303,139.753387,236.689163,144.869720,52.362919,136.162567,395.901306,102.279076,509.959961,278.098969,150.485153,597.786865,25.969625,136.811905,50.216064,85.907059,146.978790,552.834900,106.010315,480.950256,50.382229,27.930201,87.660515,560.090027,97.966087,84.216736,236.858887,39.481411,209.050629,83.975548,105.139999,143.017151,26.764688,50.290043,166.451965,70.122002,263.463501,35.466816,116.463272,187.768753,129.793091,86.554955,261.882568
2023-10-18,173.803085,323.862366,128.130005,136.829117,314.501953,340.890015,242.679993,42.166515,138.218811,233.028931,141.751221,52.401840,139.672318,387.466309,103.711472,509.399353,272.742584,151.679398,596.735352,25.678148,136.903641,50.197487,86.162514,148.500168,553.123535,105.242271,463.578308,50.223442,26.787411,90.914261,557.869995,98.688881,82.731720,241.470825,39.058201,202.007950,83.813683,102.169998,140.754990,26.373959,49.426647,163.905853,70.454155,262.685364,35.053722,117.512253,183.324478,129.469345,84.627480,248.982971
2023-10-19,173.427505,325.049500,128.399994,136.620819,310.374329,338.660004,220.110001,42.071587,137.631485,229.437332,141.370712,52.152061,138.886292,382.204346,103.775757,505.189697,269.481781,151.841034,580.579834,25.349062,133.455368,50.476109,84.297516,147.152924,544.450989,105.329765,465.969299,49.803120,26.599787,90.800102,555.739990,98.004135,81.334618,243.687210,38.729027,204.473907,81.583702,102.400002,139.939117,26.824141,48.637535,162.833817,70.122002,259.924896,35.083229,117.317299,180.481628,127.656387,84.139717,242.903000
2023-10-20,170.877396,320.487549,125.169998,134.488464,306.246704,335.859985,211.990005,41.358082,135.414825,229.015411,142.001816,51.500038,138.698929,378.794830,101.994431,500.818451,269.143494,149.802719,574.526428,24.737904,134.106491,50.680428,82.918190,146.639694,532.226562,99.020096,460.701111,49.438850,26.139257,92.074944,540.960022,97.642754,80.748436,243.432541,37.873188,203.023911,83.229218,101.809998,137.037247,26.815647,48.238331,161.985138,68.850334,258.266815,34.345566,115.163651,180.519516,126.870163,83.455269,240.595505
2023-10-23,170.996002,323.087372,126.559998,135.381073,311.565002,336.839996,212.080002,42.944969,133.567627,227.199997,140.507568,52.229912,138.792603,378.065674,100.497749,495.629974,267.884308,144.280411,566.674683,24.042122,132.730835,50.225357,83.752602,146.713013,531.610535,100.779808,458.171204,48.756992,26.301294,91.123566,540.409973,97.775879,81.188065,240.263611,37.130203,201.268204,81.754547,100.010002,135.655853,26.662754,47.829842,161.270432,69.400742,252.940491,33.293171,112.638718,178.510605,126.148705,83.935165,238.780441
2023-10-24,171.430893,324.274445,128.559998,137.672134,310.116394,338.630005,216.520004,43.632488,133.728668,230.261673,140.359055,52.956543,140.432068,381.258392,99.524467,498.889496,266.230347,140.661697,582.181580,23.948095,134.179840,51.674164,85.587486,148.646790,531.177368,100.332581,454.649231,49.513569,25.951635,90.200722,539.559998,100.029839,80.660492,242.640289,36.942112,194.156494,81.673607,101.669998,136.212128,29.134516,51.171993,162.110199,74.383034,255.775024,34.020996,111.348389,177.519318,127.452896,89.387138,240.933426
2023-10-25,169.118011,334.222534,121.389999,124.580345,297.197784,336.899994,212.419998,41.749809,132.999252,232.420532,140.674622,52.797604,141.087875,380.667114,99.708099,503.840363,263.993835,139.961334,576.314941,24.023310,133.216919,52.119942,82.529640,148.793472,529.396606,98.611763,429.766815,48.943806,26.207485,89.021004,521.140015,98.470146,78.735825,243.357086,36.706989,190.023575,80.954247,96.059998,131.455994,28.616381,52.416012,159.099548,74.411514,252.106827,32.289951,111.775414,177.376328,126.796173,87.483276,236.482590
2023-10-26,164.956772,321.684387,119.570000,121.277641,286.104797,336.160004,205.759995,40.297821,133.340256,226.954697,138.289352,52.476444,140.338379,359.264374,98.799065,502.082336,261.240509,138.955643,558.272583,24.559252,133.161880,51.804192,80.307167,147.931961,527.096069,97.610382,436.691803,47.981735,26.574205,89.411095,514.280029,95.122505,77.944458,241.282211,37.290089,191.039536,80.666512,93.669998,133.514221,29.278921,53.446510,157.286041,75.113762,249.837311,31.985048,109.825996,176.079987,132.974991,85.595139,234.059219
2023-10-27,166.271347,323.568085,127.739998,121.168549,294.419525,331.709991,207.300003,40.471699,128.537521,224.982269,135.133774,52.281818,137.865143,358.761780,96.916748,498.566406,259.793304,129.617081,550.538574,23.666019,127.411697,51.302670,81.434921,146.291412,522.697205,98.183998,428.010712,48.159203,25.678730,88.336006,508.119995,93.182404,77.504807,241.216156,36.453060,185.318634,78.652328,96.430000,132.689056,28.404032,52.211769,158.125793,75.123260,242.297119,34.955372,109.352570,175.021988,131.828064,83.667679,230.322861
2023-10-30,168.317398,330.926117,132.710007,123.439766,300.303345,337.410004,197.360001,41.132240,130.176315,228.721024,136.460983,52.881935,139.832474,366.980042,97.219742,503.631226,264.510742,131.179504,555.923950,24.154949,130.126297,52.147816,81.715637,148.729279,534.103516,98.825638,430.689453,48.168552,26.053976,88.478729,526.940002,96.815346,78.823746,245.356552,37.083187,182.576553,80.378777,96.180000,131.454056,29.406321,53.103016,160.582550,74.563339,243.797714,35.102901,109.668182,178.929993,131.929825,86.389740,233.798584
2023-10-31,168.791824,331.710938,133.089996,123.062889,298.924164,341.329987,200.839996,40.751507,131.729889,230.703262,137.676804,53.008450,140.553879,370.852631,97.192207,508.924316,267.527191,130.856247,544.347656,24.766109,129.475159,52.463581,81.727303,149.645782,531.754944,100.527039,441.265411,48.691608,26.062502,89.953369,532.059998,97.737846,79.712807,247.261658,37.402946,189.402191,80.171974,98.500000,132.866821,29.839520,54.124214,163.718262,77.239532,236.859619,35.899582,110.280861,181.646561,133.789001,85.461411,218.244843
2023-11-01,171.954758,339.520325,137.000000,125.413467,309.421844,343.750000,205.660004,42.295433,131.616211,234.118164,138.001648,53.482059,140.160385,372.301178,96.999374,505.161194,269.350220,129.284866,544.868469,24.822523,130.658203,52.417137,82.851173,151.103012,535.951599,102.811722,437.634308,48.747658,26.019863,90.391006,544.500000,95.940392,79.204773,247.073044,37.252472,187.409744,80.037094,108.040001,133.952164,30.068859,54.244907,164.370422,77.960777,241.620865,36.676579,108.303596,182.332825,134.491974,84.375725,223.825256
2023-11-02,175.513062,341.727783,138.070007,126.444939,308.449402,349.019989,218.509995,43.475594,133.965454,238.700821,139.440247,53.692913,141.874817,377.100037,100.185570,509.465851,276.773987,133.576996,570.251587,25.969625,131.382721,53.020805,84.634575,152.899353,536.134827,103.900620,444.043457,49.270718,26.011335,91.294807,558.710022,99.934753,81.373695,251.675522,38.438549,190.349091,81.772522,107.830002,137.825623,30.493561,55.618912,166.550217,78.558655,246.947220,37.079838,113.269943,185.220978,135.981216,84.792702,230.863541
2023-11-03,174.603714,346.122894,138.600006,128.041733,312.150482,351.809998,219.960007,44.973549,135.462204,239.044296,140.461136,53.413929,140.591339,380.410889,98.964348,504.496002,277.788818,132.544388,557.987549,26.721823,129.695282,52.695763,85.739983,152.862717,540.888916,105.047813,451.156891,49.513569,26.659485,91.180641,563.659973,101.817795,83.112740,252.637558,39.491791,195.172440,82.294052,112.250000,140.557602,30.595493,55.126873,168.837250,78.501724,249.976257,37.512600,111.162743,185.811920,136.804443,85.689552,232.437241
2023-11-06,177.153824,349.782410,139.740005,129.182312,313.341034,346.630005,219.270004,45.719032,136.485275,238.936340,140.795273,53.485298,141.406372,380.519318,97.210556,506.928680,276.811584,131.996628,584.893799,26.637201,129.493500,52.909363,85.560295,152.780212,549.490662,106.078369,451.434723,49.775101,26.591261,90.381485,565.450012,101.998482,82.086899,253.618378,39.226109,192.854507,81.799515,111.750000,138.003372,30.272717,54.811218,167.506119,78.198036,252.727448,37.448460,109.974518,185.135147,137.794174,87.939560,230.052551
2023-11-07,179.713821,353.706696,142.710007,129.896393,316.337555,346.170013,222.179993,45.922890,136.418976,240.192413,140.052780,53.735081,141.078461,383.189758,95.686363,511.081390,276.999512,129.670990,589.551819,26.477358,130.373917,53.104397,87.210625,153.220154,550.888977,105.961700,455.621429,49.625656,26.650957,90.191216,585.200012,104.005165,82.643791,253.392014,38.941452,195.547272,82.078255,113.449997,137.151978,30.527542,54.272766,166.711029,78.454254,251.134201,38.257626,106.985413,185.468781,137.664673,87.955315,226.808563
2023-11-08,180.771423,356.326111,142.080002,130.759277,317.290039,346.299988,222.110001,46.541458,137.091522,239.858047,139.542328,53.297157,140.535141,384.007568,94.511047,510.036163,278.080200,127.866142,608.419800,26.223490,130.254700,53.020805,88.503502,153.412613,547.137695,109.208908,450.730347,49.504234,26.284241,90.134125,585.309998,104.033707,82.555862,252.279114,38.884518,194.136749,81.107124,113.589996,135.870163,30.383142,53.381523,164.933243,78.957237,253.125763,37.418854,106.242805,185.564102,136.924698,89.568092,226.712021
2023-11-09,180.297012,353.863647,140.600006,129.172394,318.054047,348.179993,209.979996,46.917187,136.684219,237.625748,136.822937,53.173885,140.853653,382.292969,94.538597,512.193115,270.515472,127.453079,581.090759,25.885002,126.595482,52.621464,88.527786,152.285324,543.174316,109.063072,440.769409,48.570187,25.653280,89.001984,577.739990,101.760727,88.261482,251.732056,38.334175,192.854507,80.747459,113.489998,134.045731,30.255730,50.800644,165.059067,78.226501,244.603622,37.300442,105.964317,181.570312,137.158554,88.970177,226.065140
2023-11-10,184.483490,362.673706,143.559998,131.503143,326.210052,350.559998,214.649994,48.301224,138.711380,241.175797,136.665176,53.910255,141.846695,388.619202,95.263969,514.293396,274.011169,128.359985,587.370361,26.026043,127.099907,52.677185,93.009636,152.981842,556.530212,109.928337,444.896637,49.121269,25.480415,89.401573,597.219971,100.914314,86.239113,252.562088,38.799126,194.314270,80.657524,118.589996,137.713333,30.332174,51.190563,167.781876,78.027206,247.614182,38.346432,107.319611,185.487885,139.403702,90.685219,231.404221
2023-11-13,182.899963,359.740265,142.589996,131.007202,326.626740,350.010010,223.710007,48.586025,138.095642,240.605408,137.017853,54.393593,142.830399,388.589691,96.264824,515.585571,270.703400,129.302811,602.110779,26.044844,127.145729,52.872211,91.980980,153.760880,557.600586,110.978333,441.642456,48.785011,25.048246,91.133087,590.340027,99.097832,87.382195,253.891891,38.685253,193.308197,80.927292,116.790001,136.478287,30.425611,50.596401,167.602158,77.846893,247.039810,37.724754,107.627487,184.763428,138.543060,90.881920,233.325485
2023-11-14,185.512817,363.262268,145.800003,132.524689,333.691345,354.250000,237.410004,49.621304,140.615448,242.837692,137.045700,54.383858,142.511856,391.841492,96.635452,513.580688,285.325348,130.245651,601.362610,27.474018,126.613853,53.030098,94.509415,154.072479,569.722107,112.874153,455.641327,49.663013,25.290264,92.360367,604.330017,100.571930,88.974693,256.051697,39.928272,200.745407,81.286972,119.879997,140.276917,30.476578,53.427940,170.954010,76.575241,250.124512,38.889160,107.795425,192.770126,140.703995,92.242943,239.301773
2023-11-15,186.076950,363.409790,143.199997,133.516495,330.119415,356.790009,242.839996,48.853840,141.846924,243.988281,138.103760,55.074814,141.856064,391.033417,96.051704,511.632385,289.610443,130.703598,579.427490,27.850119,126.191978,53.132259,94.746437,153.284302,575.488831,110.890831,466.832428,49.765762,26.094091,93.235626,595.309998,102.540581,91.768898,255.014221,40.649406,205.322189,82.482887,118.000000,142.092026,30.578506,52.917336,170.333969,76.518288,252.912735,40.073307,107.319611,195.257904,142.733963,91.495537,242.420227
2023-11-16,187.759460,369.799713,142.830002,135.807541,331.587921,359.859985,233.589996,49.445427,143.466766,244.440643,139.310272,50.617706,143.177002,391.299500,94.939781,512.972412,287.965942,128.634857,579.634338,27.774899,126.815605,53.076534,93.206841,153.705902,557.938171,111.483887,468.747253,44.871380,25.731070,95.385773,602.059998,102.340866,92.335556,260.418365,40.355259,206.259216,82.078255,119.830002,142.110733,30.731396,52.545986,171.376389,76.699944,251.138855,42.777096,104.483376,192.808197,143.182999,93.572487,239.639694
2023-11-17,187.739670,363.586731,145.179993,134.200836,332.431274,358.929993,234.300003,49.263557,144.764572,245.414169,139.022568,50.393864,141.528152,394.452728,97.256287,509.617889,288.745911,131.075623,582.548523,28.188608,126.833946,53.178696,94.972748,152.835220,556.559265,112.154716,462.744904,44.609848,25.860718,94.710289,602.659973,100.771652,91.983833,260.069489,40.763271,204.947342,82.680702,120.620003,144.664948,30.773863,53.260830,171.825684,76.174133,247.768555,43.231014,106.909096,194.161728,143.023972,94.351349,244.331894
2023-11-20,189.481567,371.048187,146.130005,135.133118,337.322906,361.329987,235.600006,50.373783,145.209808,245.817368,140.248154,50.377655,140.778717,398.492859,96.830063,508.487152,289.610443,131.003036,588.347351,28.216814,126.843124,53.308720,96.719261,152.615250,560.079041,113.671371,465.334351,45.086212,25.912579,96.280067,612.700012,101.114037,92.843590,263.162933,40.601967,208.153030,83.067368,121.529999,145.525711,31.198566,53.232986,172.355881,75.686584,247.731232,44.148724,107.655495,194.867096,144.389755,94.461487,241.802338
2023-11-21,188.679886,366.752197,143.899994,135.847244,334.356171,361.000000,241.199997,49.909096,144.906677,248.039825,141.380157,50.559311,140.160385,402.976440,96.792984,512.753845,286.932281,130.694519,583.424683,27.887730,127.228271,53.893810,95.309822,153.788391,563.454163,112.854713,478.589081,44.647209,26.189167,96.955559,610.989990,101.332771,92.276924,264.521027,40.421677,214.889923,83.445030,119.160004,143.551559,31.640259,53.827148,171.852646,74.711456,245.369186,43.063263,107.450233,188.785828,143.978134,94.319885,240.798233
2023-11-22,189.343002,371.451263,146.710007,137.354767,338.831024,361.799988,234.210007,48.681957,145.247681,249.505096,141.099503,50.173290,141.481339,404.336212,96.376022,516.716492,290.559570,130.957642,585.876160,27.859518,126.989838,54.256008,94.416168,155.089783,568.063721,113.010254,483.688538,44.908745,26.206451,97.707138,619.719971,102.635681,92.882668,265.898010,40.592476,218.283035,84.362198,122.510002,144.019379,31.725197,53.787834,172.814194,76.307983,247.021683,43.092861,107.151672,189.186172,145.119431,94.091721,237.515640
2023-11-24,188.016815,371.038330,146.740005,135.569504,335.596436,362.679993,235.449997,47.742615,145.446609,250.075424,142.671188,50.624187,141.818619,406.474548,96.894913,519.890259,291.969086,131.474854,591.793030,27.953548,127.173279,54.395321,95.083488,155.227234,570.262207,113.019974,486.912933,45.170277,26.362030,97.868874,619.429993,102.369385,93.849899,266.473297,40.725319,218.391525,84.829773,122.309998,143.701263,31.776161,53.862705,173.802673,76.460938,247.833893,43.379028,107.748779,189.748566,145.166168,94.382820,238.819000
2023-11-27,187.838638,372.198334,147.729996,135.291809,332.093903,361.339996,236.080002,48.208290,145.115051,249.918106,141.529846,50.854504,141.687424,402.996124,96.329674,516.554932,292.175873,130.984894,582.371277,27.793703,127.558441,54.293159,92.302498,154.264954,573.675964,113.233864,486.268036,44.768635,26.050871,97.716652,619.270020,102.673721,92.980370,265.813141,40.820198,217.000717,84.569008,122.650002,142.775009,31.725197,53.890793,173.407257,75.973373,246.722900,43.497452,107.105034,190.463409,145.531006,94.382820,238.847977
2023-11-28,188.442383,376.219147,147.029999,136.075317,336.350494,360.049988,246.720001,47.787586,145.446609,248.738022,141.857285,51.461117,142.671112,403.035583,96.274086,513.647156,294.449921,132.028320,582.440186,27.765503,126.632172,54.404606,91.924637,154.759857,572.808105,113.010254,482.091248,44.693913,25.661922,97.098267,623.320007,103.425034,90.371796,266.048889,41.152302,215.777649,84.658936,122.010002,143.055695,31.827129,54.433628,174.575485,76.661705,247.889923,43.645466,107.272957,190.682648,145.605835,93.501694,238.954178
2023-11-29,187.422974,372.434326,146.320007,133.883453,329.613403,358.690002,244.139999,48.106361,146.185501,250.006607,142.306366,50.630680,141.584381,403.833710,94.828590,508.373077,294.232391,130.576569,582.696045,28.498890,127.017372,54.079552,91.388443,153.201797,566.887085,112.981094,489.036102,44.880722,25.999014,98.591927,617.390015,104.965729,90.371796,264.436127,41.541344,219.486389,84.209328,123.849998,143.336411,32.073456,54.620808,174.566483,77.388245,248.898254,44.346081,106.330658,190.558731,146.316803,93.509552,240.836868
2023-11-30,187.996964,372.493317,146.089996,131.443604,324.602661,360.000000,240.080002,46.737312,147.852753,252.415894,144.692017,50.504162,143.823425,407.785156,95.199226,525.468445,296.569031,130.295303,581.888733,28.896946,130.584854,54.706753,89.921700,155.413559,571.592957,112.981094,491.853729,45.188953,26.336096,99.219849,611.010010,104.870613,90.557434,267.405853,42.309929,220.265594,83.948578,121.160004,142.877960,32.557610,54.761192,176.058197,77.894936,251.736389,44.109253,107.823402,189.519775,148.328064,95.822517,242.063004
2023-12-01,189.273712,368.167816,147.029999,130.779083,322.290833,357.070007,238.830002,46.732327,148.572662,252.189728,148.172256,50.066235,143.017746,408.307404,95.430878,521.721130,302.368195,131.393219,574.997253,29.342386,131.520264,54.893986,90.336464,155.782944,574.977783,113.904709,492.220825,45.273022,24.987747,99.781158,612.469971,108.286789,90.449951,271.314850,42.717934,220.433304,84.569008,121.389999,145.216995,32.769966,55.378910,177.729614,78.697983,254.359818,43.161942,107.506210,194.371429,150.189667,96.373230,247.894470
2023-12-04,187.482330,362.888763,144.839996,128.210327,317.528168,356.660004,235.580002,45.478199,149.662064,250.213104,148.640015,50.053261,142.455627,402.266907,94.911980,522.789124,306.530640,131.447632,576.611877,29.209702,132.198898,54.828449,89.750732,156.198502,577.706787,112.563034,491.436981,44.880722,25.307547,100.076080,604.559998,109.880348,89.893066,271.476166,42.812820,219.101730,83.561913,118.570000,147.284714,32.311287,54.910946,178.250839,79.472336,254.443787,41.790306,106.853134,197.831467,150.704163,95.610092,245.953888
2023-12-05,191.431320,366.211456,146.880005,129.916229,315.811676,355.029999,238.720001,46.537556,149.643112,250.380264,148.331314,50.517136,137.490402,402.720184,93.068039,524.676941,306.038757,129.623856,579.043640,28.982244,132.584137,54.912701,88.696800,155.090347,583.753113,111.347763,487.726471,44.768635,25.143324,99.276932,602.219971,110.128464,88.701149,271.865173,42.215042,216.448395,83.211227,118.379997,147.125626,32.634064,54.499142,176.983765,79.051697,252.884689,41.365990,105.556305,196.277786,150.975449,94.587357,246.378677
2023-12-06,190.342636,362.554535,144.520004,128.954193,314.978241,352.380005,239.369995,45.475197,148.070602,250.065613,146.525696,49.968922,137.387344,404.385498,91.835663,523.980957,308.507904,129.324478,580.126526,28.934858,134.244064,54.856529,87.775963,154.693237,585.758911,108.917236,489.919067,44.553806,24.884027,99.838257,595.700012,110.796417,89.394798,272.168762,42.224529,217.750366,81.916397,116.820000,146.002884,32.702011,56.342918,177.738617,79.070824,251.465607,40.724583,103.111908,198.927597,149.937073,94.256950,247.131744
2023-12-07,192.272583,364.668152,146.880005,135.807541,324.047058,352.700012,242.639999,46.567535,148.525299,251.570190,145.384308,49.640064,137.246826,407.115021,91.196304,522.779480,308.564636,129.224609,579.161865,29.058062,135.702240,54.987598,89.584625,154.647064,589.153320,109.733902,490.206787,45.076874,24.745733,98.991524,608.780029,109.555916,90.225243,272.102356,43.078510,215.935471,81.934380,128.369995,147.527924,32.829426,56.015343,177.738617,77.914055,253.295456,41.592953,103.419800,198.546356,149.880920,93.997314,248.522034
2023-12-08,193.697784,367.892578,147.419998,133.883453,330.159088,353.079987,243.839996,47.476978,150.164108,251.491501,144.467468,49.119118,135.982071,406.139557,92.243370,524.209717,308.848511,130.939514,588.790344,29.342386,136.903641,54.865894,91.725502,153.003250,588.989502,110.453354,485.910919,45.188953,24.875383,99.429153,610.010010,110.605591,90.979988,270.906860,43.742714,214.524979,82.105225,128.919998,146.919769,32.489662,55.874954,174.880997,77.741974,251.250900,42.135685,104.558022,198.098343,151.508667,94.870575,250.539871
2023-12-11,191.193802,365.012146,145.889999,132.197388,322.747223,357.059998,239.740005,46.598515,150.713547,252.258545,145.066208,49.242844,136.609787,409.637665,92.308220,518.402832,313.446136,130.975815,574.997253,29.238134,138.701126,55.268425,99.976234,154.979538,601.602722,111.931107,491.089752,46.132332,24.754379,101.056015,625.200012,113.182014,90.372276,274.341461,43.647827,218.332336,83.615860,134.410004,149.670517,31.997009,55.884315,180.075043,78.286903,254.070374,43.951366,104.641991,196.678101,152.958618,94.626686,251.910843
2023-12-12,192.708069,368.040009,147.479996,131.433716,331.617645,360.019989,237.009995,47.627888,152.058685,255.248032,145.075592,49.281925,136.722214,414.603973,90.853462,520.348022,315.215210,129.297226,575.706177,29.133883,140.535309,55.624146,104.156967,155.579773,607.041504,98.008980,493.450958,46.076294,24.702518,101.493660,633.659973,114.164871,89.264679,276.495209,44.093792,216.754135,83.516953,137.610001,147.752487,31.682720,55.706486,181.081512,77.474297,255.797546,43.457977,103.615715,198.927597,154.081192,96.231606,252.403168
2023-12-13,195.924667,368.030212,148.839996,131.483292,332.133606,362.029999,239.289993,48.058632,152.570221,258.021240,145.749146,50.157761,139.195450,418.476685,91.659599,523.485107,324.864563,131.211731,588.248779,30.365965,141.507446,56.101570,105.848106,158.848938,619.095581,100.128410,514.454224,46.412548,23.043007,102.035934,624.260010,115.624855,90.989792,280.774261,45.317825,223.767242,84.883728,138.190002,151.392044,31.419415,58.504917,182.492325,79.558372,262.920929,43.980968,104.352768,205.361557,153.061539,95.334747,258.717407
2023-12-14,196.073074,359.733124,147.419998,130.858444,330.575836,358.119995,251.050003,48.320461,155.345764,254.431839,146.759567,49.545650,135.523026,412.446075,94.124382,509.401764,332.820679,136.038803,564.787781,32.166687,142.039337,55.268425,107.479988,155.376602,608.275818,97.522881,517.760132,46.179035,22.584911,103.320312,584.640015,115.481728,92.077789,275.166901,47.927204,226.124649,85.126511,138.000000,157.913284,32.166889,58.757618,182.788879,78.258217,257.972870,44.582909,107.244980,214.979080,152.397369,95.468491,275.323517
2023-12-15,195.538651,364.451843,149.970001,131.513046,332.312225,356.500000,253.500000,48.860130,156.520416,253.743439,145.159790,49.731239,134.867264,412.455872,93.494278,506.426880,334.892517,135.512558,563.182922,31.844442,141.268951,54.856529,109.738411,154.222260,635.315430,100.449242,514.295410,46.580681,23.017076,102.073990,584.679993,115.987473,91.607292,272.557709,47.737438,224.132187,84.937691,139.149994,157.782303,31.742184,57.559631,182.779892,76.747734,257.160614,45.549957,106.862457,215.026733,151.761246,96.947517,275.873840
2023-12-18,193.875931,366.339325,154.070007,134.686829,341.936707,359.649994,252.080002,50.046413,157.467712,254.077820,145.421722,50.457310,136.937653,418.230286,94.189232,502.069305,331.874725,135.811981,570.783447,31.683334,140.700378,55.249702,111.414970,155.986115,656.935608,102.082573,514.881165,46.926281,23.388739,102.806564,599.130005,115.596222,91.019196,275.366150,47.120674,223.362793,85.315338,138.899994,156.640854,31.997009,57.091656,184.307541,77.139694,257.188629,45.086166,107.198311,213.568375,152.238312,97.270073,275.844849
2023-12-19,194.915115,366.938965,153.789993,135.529831,347.631927,361.799988,257.220001,49.573689,159.570663,255.670944,146.376007,50.639645,136.937653,419.255096,95.430878,499.675964,333.066650,137.590378,570.832764,31.759153,140.865463,55.071842,111.203209,155.099548,653.560547,103.297836,524.332520,46.870232,24.339500,103.149063,604.640015,117.027588,92.067978,275.840546,47.528683,226.016159,85.666023,140.149994,157.651306,31.912064,57.625141,183.858215,78.984772,259.952087,46.043350,108.681755,214.864716,151.134491,99.079536,282.844543
2023-12-20,192.826813,364.343658,152.119995,137.205994,346.560333,355.350006,247.139999,48.081604,157.770828,252.838745,143.391571,50.047066,134.820419,413.323059,93.837120,491.943024,329.840759,136.329178,561.381409,31.256851,139.113800,53.929775,108.353798,153.012497,637.417725,101.256187,515.685242,46.515301,23.881403,102.178650,596.059998,115.872955,89.460709,274.189667,46.817032,223.717896,83.860992,135.470001,154.545044,31.682720,56.005985,182.330566,78.047882,256.908447,45.155239,108.868340,211.614365,149.721909,97.057655,279.706757
2023-12-21,192.678360,367.214264,153.839996,139.268936,351.332916,356.140015,254.500000,48.960072,158.670746,255.228363,144.860367,50.401958,135.148300,417.254730,94.263367,495.709442,330.134003,136.746552,563.143555,31.465349,139.939194,54.285503,110.003929,154.194565,641.429321,102.918663,522.763855,46.421898,24.469149,103.206146,600.140015,116.922623,90.195847,276.466797,46.921413,227.209625,84.626762,139.910004,156.070129,31.793152,55.781364,184.262619,78.401611,260.782990,46.457802,108.998962,213.082275,150.404816,99.889862,280.054321
2023-12-22,191.609451,368.236603,153.419998,140.330185,350.638428,356.470001,252.539993,48.800171,158.576019,254.136856,145.440445,51.004307,136.103867,417.905151,94.430153,496.119446,329.774506,137.055023,561.558594,31.683334,142.094360,54.594418,109.485764,154.850220,647.639587,103.249222,525.235840,46.786167,24.546938,103.729408,598.750000,103.095734,89.215660,276.760895,46.665218,227.219513,84.727036,139.600006,157.408051,31.844116,55.921745,184.792816,79.567940,265.292267,47.365639,109.773323,212.558029,151.677048,99.669571,280.334320
2023-12-26,191.065109,368.315277,153.410004,140.359924,352.067169,356.829987,256.609985,49.248890,159.513840,254.854675,146.076599,50.926167,136.722214,417.481415,94.643280,495.852478,330.455627,138.289047,561.834106,32.090870,141.800888,54.819092,110.452805,155.939957,650.551880,103.239502,525.881226,46.963638,24.555582,103.919685,598.260010,103.076637,89.147057,277.861450,47.101696,228.245331,85.009659,143.410004,159.812576,31.835621,56.352280,186.949493,80.351860,265.049530,49.832600,111.042160,212.386444,152.678009,100.283218,285.422333
2023-12-27,191.164093,367.735291,153.339996,139.219376,355.043762,356.950012,261.440002,49.386814,160.470612,254.628479,146.273056,51.404793,136.834610,418.161316,94.198494,498.484100,329.717712,137.835373,572.506348,32.071911,142.039337,54.959503,109.894630,156.438614,657.633057,102.996452,527.817139,47.113079,24.728449,104.452454,596.080017,102.227364,88.588356,279.464905,46.807549,229.685440,85.492821,146.070007,160.205536,31.691223,56.698570,187.830139,80.466576,267.504913,50.089165,110.547699,212.453156,152.911880,100.920853,287.826355
2023-12-28,191.589691,368.924805,153.380005,139.080490,355.530060,357.570007,253.179993,49.491745,161.323166,256.074066,146.488235,51.303852,136.525436,420.092712,92.836388,500.496124,328.610840,135.893677,571.856628,32.109825,141.920135,54.996952,109.527725,156.429413,653.983887,103.297836,529.097900,47.150440,24.884027,105.032799,595.520020,103.840042,88.607956,280.688843,46.949879,230.188980,85.766312,148.759995,160.663971,31.844116,57.110382,187.964951,80.466576,269.306763,49.724052,108.691078,212.462708,153.183151,101.015327,286.629150
2023-12-29,190.550461,369.671875,151.940002,138.544907,351.203918,356.660004,248.479996,49.491745,161.133698,256.024933,146.637939,51.329903,137.284302,420.279938,92.641808,501.993042,327.844604,135.340179,573.894409,31.910789,142.121887,55.165447,108.926620,156.844955,651.005493,102.500626,526.963379,47.187801,24.884027,104.718842,596.599976,103.601486,88.500137,281.324524,46.703175,228.421570,85.766312,147.410004,159.485123,32.022488,56.848320,188.450195,80.437897,268.895966,49.585903,108.289902,212.129089,152.996078,100.472137,285.460999
2024-01-02,183.731308,364.589417,149.929993,137.037384,343.593628,362.459991,248.419998,48.138573,163.009338,254.569534,149.659775,51.863876,139.345352,415.727417,94.847122,514.264771,326.453949,135.630524,583.030945,32.128784,146.569794,55.998600,105.914230,159.680038,641.705200,101.168694,540.227112,47.178459,25.696497,104.509529,580.070007,101.673927,88.911819,281.827362,46.807549,231.828064,87.115501,138.580002,158.362396,33.024784,57.625141,187.812180,81.470367,277.643799,47.168282,109.708015,208.411713,151.078339,99.149620,282.603180
2024-01-03,182.355606,364.323975,148.470001,137.781250,341.787872,366.750000,238.449997,47.539936,162.298874,253.694321,150.595322,51.867130,138.502167,412.652985,95.644005,516.829590,320.002075,138.216461,608.136047,31.778109,147.156723,56.129654,103.299026,159.717010,635.827026,99.613144,525.007568,47.545574,25.696497,104.195587,571.789978,99.278786,89.833176,279.313141,46.190784,227.898254,86.987885,135.320007,156.004623,33.262615,58.018230,183.795334,81.843216,280.724701,46.428192,111.891174,202.330475,149.768677,97.661789,274.483551
2024-01-04,180.039688,361.709076,144.570007,135.271973,344.417175,363.679993,237.929993,47.968681,163.375900,255.297165,150.277222,51.365726,139.261002,413.638336,94.810051,520.061951,320.314301,136.701172,604.985596,32.034004,148.073837,55.942436,102.365150,158.350220,639.436829,99.739525,533.485962,47.140812,25.143324,105.584602,567.049988,97.618416,88.764786,276.798798,46.760101,229.685440,87.206688,136.009995,153.880798,33.440990,57.840405,184.127823,81.652023,283.040070,46.250572,108.672424,201.329620,150.479660,98.134117,276.221405
2024-01-05,179.317139,361.522308,145.240005,134.617371,349.209625,365.589996,237.490005,49.067005,164.195602,255.375931,150.744980,51.023846,138.108719,413.293488,95.097313,512.395813,324.429474,136.465286,608.972839,32.631088,148.697433,55.858181,102.391518,156.013824,646.991394,99.875648,527.400208,47.150227,25.471771,105.413361,564.599976,97.408485,89.098053,274.189667,47.367374,227.384811,86.878502,138.580002,154.470230,34.145996,58.102470,182.896729,81.623344,282.881348,46.270309,108.719078,202.559204,148.889359,99.417290,278.953674
2024-01-08,183.652115,368.344788,149.100006,137.701889,355.867340,368.179993,240.449997,52.221077,163.957336,258.178589,151.119217,51.525261,139.298492,416.471405,93.512802,511.575684,329.150116,135.648651,616.337158,32.375195,148.046280,56.270077,104.886681,156.170822,652.593323,101.752014,537.477051,47.498508,25.566847,106.935577,580.549988,98.878021,89.735161,276.950623,47.367374,231.897171,87.781006,146.179993,157.688766,34.061054,58.888641,182.114914,82.063095,290.238068,47.809692,106.825134,206.972397,150.741577,100.983841,282.159058
2024-01-09,183.236450,369.426147,151.369995,139.794571,354.646881,366.899994,234.960007,53.107536,162.661041,258.955444,151.212769,51.870384,139.869965,417.083313,92.354553,513.339783,327.504059,132.200729,615.795532,31.872887,148.853317,56.167099,105.632217,154.379257,658.007751,100.750626,537.943665,46.980789,25.411270,107.249519,586.200012,98.038277,87.892433,275.973389,46.769588,227.957489,87.142860,149.259995,157.772934,33.719883,58.036949,181.189316,82.024864,286.858521,47.414978,105.201775,206.848495,149.749985,101.377434,282.197662
2024-01-10,184.275650,376.287903,153.729996,141.113693,367.585388,367.920013,233.940002,54.316799,163.004196,260.165009,151.437302,52.515064,140.469543,422.679352,91.446487,512.643677,337.541321,131.111908,620.432739,31.844442,151.219452,56.354321,105.444870,154.148376,663.511108,101.424057,540.008606,47.291424,25.056892,108.838333,591.030029,99.021133,87.519966,279.028473,46.570332,226.743011,86.121834,148.539993,156.481812,33.754436,58.289650,181.881241,82.292534,284.347046,46.842644,103.727669,209.898666,150.825760,102.101677,283.221069
2024-01-11,183.681824,378.116394,155.179993,140.915329,366.791687,363.339996,227.220001,54.788502,162.317932,259.643799,150.763718,52.456470,141.003540,421.149597,91.427956,514.588867,337.285919,131.819656,625.877075,31.417971,150.201447,55.989231,107.338943,153.418823,664.319885,102.253639,542.063782,47.479679,24.546938,108.503754,597.489990,101.053673,87.676788,279.085419,46.532379,225.084244,86.741753,148.020004,154.938049,32.735237,56.829601,181.225266,81.565964,282.974701,47.010395,103.559746,209.850998,151.695755,102.204010,281.975586
2024-01-12,184.008423,381.891388,154.619995,141.480652,371.574036,363.619995,218.889999,54.676575,161.126526,259.781464,151.923782,52.524837,141.087875,423.498535,92.614006,497.263580,336.510193,133.625244,632.965515,31.086248,150.358856,56.532185,108.090324,154.471573,673.847046,104.039688,540.395813,47.385555,24.806236,108.905258,596.539978,100.252098,88.558952,278.440186,44.976238,222.398544,86.851143,146.559998,154.255020,33.305302,57.129097,180.713089,82.531548,286.158234,46.497269,104.212814,208.659515,155.100861,102.172523,280.382599
2024-01-16,181.741989,383.660919,153.160004,141.321960,364.598846,361.100006,219.910004,56.347557,160.116241,260.833649,150.174332,52.690891,140.329010,422.758240,90.519890,495.013428,339.083374,130.376968,624.744873,30.441780,149.507065,56.157745,108.800728,153.455750,672.121155,104.010406,538.092529,47.620880,24.477793,108.752296,597.679993,97.064957,91.205429,276.182098,44.425892,223.889496,86.158310,158.740005,153.328766,33.935814,56.483307,177.720642,81.738060,283.329437,46.438065,101.357918,210.108337,156.186035,100.739784,277.312378
2024-01-17,180.801743,382.874481,151.710007,140.310333,365.501709,359.290009,215.550003,56.018757,159.258408,262.200623,150.090103,52.443428,140.469543,421.840454,89.862000,500.534241,336.500763,129.859772,619.172485,30.138498,150.025528,56.157745,107.699013,153.705093,674.784119,103.873779,535.362427,47.347904,24.330858,108.914818,596.099976,96.206146,88.549133,276.248566,44.283569,221.746887,85.429001,160.169998,151.962769,33.573051,54.536579,177.882385,81.307869,283.889587,45.451279,100.359650,207.839798,155.362793,99.881737,269.009338
2024-01-18,186.690567,387.199951,153.500000,142.303864,373.201324,362.380005,211.880005,57.072113,159.572922,263.685516,150.819870,53.149971,139.659729,425.097382,89.695206,492.333984,338.581970,128.680237,613.698608,30.072155,151.192108,56.316887,111.625748,154.379257,677.861145,106.089256,540.495056,47.771484,24.278996,109.000854,593.700012,96.320648,90.382080,279.284607,44.065327,223.455002,84.954964,162.669998,156.163681,33.633507,53.956303,179.841400,81.709373,284.272400,46.122295,99.762550,208.011353,156.073761,101.196381,272.166351
2024-01-19,189.590439,391.918732,155.339996,145.180069,380.464325,366.989990,212.190002,59.454655,162.327454,266.399689,151.259567,52.869961,139.122345,431.078217,89.834183,480.148163,342.848572,129.061310,618.847595,30.536556,152.553116,56.007954,118.192085,153.095596,685.415771,107.035965,547.772278,48.260971,24.443224,109.641365,611.549988,97.122208,91.215225,285.138672,45.659412,228.135239,84.161835,174.229996,162.469727,33.970367,53.591282,180.425537,81.766739,287.371918,47.513657,100.639549,209.708008,160.414337,102.188271,276.705719
2024-01-22,191.896500,389.795227,154.779999,144.793289,378.807312,368.059998,208.800003,59.617565,162.136841,266.694702,151.998642,52.873222,139.395752,434.009491,89.713730,489.139740,337.437347,129.288147,621.112000,30.849314,153.127167,55.764568,119.099617,152.476868,682.989746,107.455643,549.400452,48.543362,24.469149,109.163376,603.590027,95.958038,93.195190,283.127197,46.048454,229.043625,84.262123,168.179993,163.573776,34.186298,53.207558,180.659149,81.279175,289.565887,47.582737,100.816803,209.565048,161.677231,103.306129,279.993835
2024-01-23,193.173203,392.144775,156.020004,145.834686,382.200714,372.140015,209.139999,59.836430,161.069336,266.753693,149.510071,53.006718,145.165390,433.032379,90.723747,491.552124,331.846313,128.925217,619.930603,31.057823,155.080719,56.026676,119.666557,154.813278,678.137207,109.144089,546.769531,48.722210,24.572868,108.981735,597.179993,97.236725,91.911148,284.683228,46.608288,229.171997,83.687790,168.419998,163.115311,36.475174,53.703598,182.366531,85.609856,289.332550,48.243877,100.751503,205.455399,162.715607,102.298477,280.148987
2024-01-24,192.500229,395.742767,156.869995,147.481094,387.657867,376.589996,207.830002,61.324509,162.508575,267.137207,148.714859,52.257847,143.411880,432.973175,92.289703,489.368591,328.525726,131.492996,623.888245,31.256851,152.043915,55.146729,122.355934,152.929382,677.072144,111.564522,536.097107,48.298622,24.486437,105.893913,606.479980,96.148880,91.646500,285.053284,46.959362,225.726013,82.849075,178.289993,159.120239,35.654633,53.357300,179.607758,85.552498,285.215363,48.441235,102.318893,201.700150,162.706207,102.282738,281.943390
2024-01-25,192.173615,398.013672,157.750000,150.625076,390.118530,380.850006,182.630005,61.579365,164.834198,268.081238,149.276199,53.019737,146.711548,431.097961,94.634003,470.460541,332.026031,134.804825,617.902466,31.645422,152.886444,55.380760,120.026627,153.815918,670.552917,112.237938,534.329895,49.258759,24.100409,107.499969,622.580017,96.158424,92.979538,281.988617,47.329422,224.521423,83.149918,180.330002,156.640854,36.527000,54.265160,182.025040,86.938698,289.659271,48.895153,104.539368,203.165817,178.141464,102.282738,291.730133
2024-01-26,190.441589,397.089600,159.119995,150.942474,391.071075,385.399994,183.250000,60.993713,164.205124,263.488831,149.220062,53.485332,147.201767,432.805389,95.440140,479.804962,336.122345,135.322006,629.352356,31.683334,152.210571,55.577347,117.575371,155.016464,677.436951,111.886597,543.384155,49.079914,24.100409,107.079330,613.929993,98.047829,93.469627,277.292206,47.746918,230.060638,82.821724,177.250000,153.525253,36.622009,54.733124,181.342087,86.432030,291.069031,43.073128,104.707298,203.070007,175.325684,103.274620,290.430481
2024-01-29,189.758682,402.781525,161.259995,152.251633,397.897491,383.179993,190.929993,62.426838,164.634033,269.113800,149.089081,53.736042,147.220612,434.828613,95.560608,481.082642,336.500763,135.267548,635.013245,31.853933,151.756897,55.914341,118.833206,155.284256,684.468994,111.017967,553.748840,49.221111,24.109182,108.455940,630.229980,99.126106,95.557411,277.339569,47.775383,230.978912,83.596619,177.830002,155.349716,36.319702,55.753281,182.465363,86.116547,292.637451,43.260616,104.119522,202.935928,175.063797,103.203781,294.135651
2024-01-30,186.106644,401.670715,159.000000,150.218445,396.944977,387.149994,191.589996,62.735657,168.008118,272.545807,148.537140,53.915119,148.474487,439.378448,97.154350,480.195862,337.825165,136.211212,634.993652,32.972286,152.692017,56.073486,117.895432,156.641800,691.106506,111.418114,563.031433,49.174042,23.705606,108.484627,627.960022,99.412376,95.018318,279.559784,48.572441,241.859879,83.651314,172.059998,152.813034,36.682468,55.481861,185.026443,86.613647,293.729767,42.352772,106.405312,205.503250,175.746658,105.431595,295.600250
2024-01-31,182.504028,390.847137,155.199997,138.951569,387.102264,383.739990,187.289993,61.489414,166.187653,268.720490,148.658707,53.804424,148.144516,443.365692,95.264084,487.947876,333.908600,133.770432,635.613892,32.233028,152.210571,55.689682,115.147507,155.635178,685.327026,109.017189,535.094299,47.234947,23.758247,108.169159,617.780029,96.883644,94.145958,277.728668,47.614090,236.883453,82.821724,167.690002,150.993027,36.578815,54.873508,181.755463,87.110786,293.393646,42.510662,104.371422,203.893860,171.808365,104.242912,291.283997
2024-02-01,184.938736,396.942169,159.279999,140.002899,391.706085,386.440002,188.860001,62.988499,165.587173,272.447449,148.153534,54.800739,150.067734,454.903168,94.874916,483.561707,340.634888,134.187805,650.204407,31.797068,155.164047,57.084496,117.100136,158.562653,695.816406,112.755219,548.248779,47.234947,23.942488,109.450172,627.909973,97.103127,95.135925,282.814117,46.563004,242.037598,85.046112,170.479996,150.587555,36.699741,55.921745,177.307266,88.114578,303.009796,42.786961,103.914268,210.973297,174.839264,106.596672,298.442230
2024-02-02,183.939148,404.256134,171.809998,141.212891,471.291534,390.750000,187.910004,66.119583,166.540298,272.575348,146.516327,55.210991,149.040146,454.567535,94.485741,486.508118,337.948181,138.134781,657.312744,31.721249,156.163956,56.672596,119.474312,157.888489,700.754944,113.008972,547.841675,47.234947,23.626648,107.174942,634.760010,96.101173,95.204536,281.836853,46.973877,243.222458,84.772621,177.660004,150.125473,36.388802,54.424267,176.228928,87.932945,301.730774,42.037003,103.214546,210.264359,173.800903,107.486229,305.619751
2024-02-05,185.750290,398.780487,170.309998,142.502213,455.832794,390.760010,181.059998,69.289642,166.321060,271.001923,145.758514,54.914696,149.153275,450.797394,94.096581,479.576050,335.970947,138.216461,695.265747,31.266327,158.561935,56.204548,121.304955,157.842316,702.414185,113.594551,547.643188,46.604267,23.310806,106.735184,630.500000,95.118317,94.734055,271.324310,46.534336,242.718903,83.532806,174.229996,149.842560,35.741009,52.383942,173.443176,88.181488,300.591766,42.204758,102.598785,208.846558,171.583832,108.407272,311.740112
2024-02-06,187.353683,398.623199,169.149994,142.918777,451.179352,393.739990,185.100006,68.181320,166.892960,272.162354,147.872864,55.289124,149.860336,454.488617,94.745193,486.927612,337.021027,138.234604,694.113953,31.313709,160.441422,56.110935,119.309418,158.304077,702.048889,112.530739,556.240845,47.046680,24.126732,108.981735,607.140015,97.914223,97.321732,270.071899,46.142567,245.068893,83.560158,167.880005,149.342773,35.499161,52.627281,174.009323,88.219734,295.083466,42.298779,104.044884,208.951935,171.574509,108.304924,313.020447
2024-02-07,187.462540,407.038177,170.529999,144.346985,465.933594,397.660004,187.580002,70.056175,167.207489,274.748657,147.798019,55.149120,150.011169,455.880188,94.717392,495.242218,343.113434,138.035004,714.148865,31.446400,162.033905,56.157745,122.667221,158.350220,710.928345,114.453407,548.328125,46.849010,24.179369,108.322105,615.849976,99.040222,97.174706,272.614685,46.324116,243.528534,83.359612,170.940002,149.719971,34.911823,52.767673,174.422699,87.885147,276.224731,42.338364,104.791267,212.371887,171.883194,109.029167,313.864319
2024-02-08,186.383743,407.097198,169.839996,144.713943,466.340454,397.489990,189.559998,69.598450,166.607025,271.704315,146.319855,55.145870,149.558655,452.277893,96.338951,495.909668,344.087860,139.786163,724.289246,31.389528,161.830215,56.007954,124.394417,160.548157,715.254395,113.877594,546.918457,47.018452,24.188143,107.480850,615.859985,99.021133,108.348717,276.979095,46.199902,242.768280,81.144341,169.350006,151.077927,34.471321,52.683445,173.847595,87.034294,275.272491,42.061256,106.265358,211.126556,174.035492,109.462143,312.322113
2024-02-09,187.146820,413.428101,174.449997,147.778610,464.465118,398.359985,193.570007,72.088943,166.807190,272.344696,146.656631,55.116562,148.408493,451.902832,94.300423,494.126587,343.548615,137.045990,728.699890,31.342144,161.172836,55.755207,125.241447,154.840973,714.503845,113.838547,546.779419,47.187881,24.179369,106.888138,627.210022,99.717743,106.241333,274.645081,45.922794,239.885101,81.244621,172.479996,153.143082,34.307224,52.954857,175.087662,86.527626,271.790100,42.862892,103.709015,212.917953,175.904617,109.643188,307.627625
2024-02-12,185.462143,408.227722,172.339996,146.320663,465.248962,397.709991,188.130005,72.203857,167.550598,271.004791,147.676407,55.448669,148.116226,452.721954,95.597672,493.573608,345.724457,137.989624,725.844971,31.863403,160.237717,55.886265,123.442024,157.556046,713.526001,113.057762,542.917480,47.056099,24.267101,107.576454,611.840027,102.275085,107.123497,274.616638,46.744545,243.716156,82.046844,171.910004,151.898285,34.635437,53.862705,177.343201,87.129890,274.880402,43.575459,103.653030,220.198502,175.734695,110.343811,311.963257
2024-02-13,183.371155,399.439148,168.639999,143.950256,456.537354,394.799988,184.020004,72.083939,166.092316,271.733826,146.385345,55.070984,147.324326,454.449127,94.774666,492.820312,338.288696,136.646759,731.466492,31.038862,160.441422,55.558617,122.139313,155.958435,705.466431,110.949646,534.717041,46.726631,23.661743,106.438828,601.890015,100.194855,108.270294,272.405945,46.094795,238.483032,81.308418,171.539993,147.909439,34.661350,51.710068,174.341812,86.604095,271.192657,42.714439,102.412186,215.954697,173.412491,111.603355,303.437347
2024-02-14,182.489182,403.299835,170.979996,144.743698,469.594818,398.679993,188.710007,73.854866,167.779358,273.458008,145.702423,54.895164,146.720947,459.117401,94.307060,492.906128,338.894226,137.018768,746.891296,31.399014,161.487656,55.502460,123.170746,154.702484,713.298828,111.515717,544.317383,47.329079,23.784569,107.127151,604.659973,101.463989,109.348495,273.411713,46.371891,244.861542,81.335770,178.699997,148.871307,34.678623,52.421375,175.114624,87.368904,270.809875,43.733807,102.738724,217.391647,173.289764,115.326881,307.191101
2024-02-15,182.201782,400.414185,169.800003,141.599686,480.261139,403.450012,200.449997,72.613617,171.439377,276.827454,147.741898,55.119820,148.021942,465.127869,97.009850,496.662933,341.590302,141.678391,747.354919,32.289898,163.496750,55.605427,123.448853,155.016464,715.600159,110.071251,544.615173,46.180672,24.135502,108.637581,590.440002,101.196793,110.220856,276.912689,49.725807,245.819305,81.116989,176.759995,151.549438,35.058666,53.600651,177.882385,87.751297,271.985992,43.595253,104.298508,218.732803,176.404953,116.798981,313.359985
2024-02-16,180.665771,397.951996,169.509995,139.368103,469.634521,405.989990,199.949997,72.568634,170.638748,274.443207,147.572235,55.468204,148.493332,462.019012,97.009850,497.301727,342.791779,141.834335,771.300842,32.308849,164.330017,55.596062,121.537209,153.594284,715.086487,108.636559,543.890503,45.597069,24.232008,108.991302,546.659973,98.773041,109.387703,277.064514,49.601582,246.846161,81.727791,173.869995,151.238220,34.972290,53.376026,177.181473,87.005623,266.933350,43.060829,103.894470,217.315002,177.131836,117.420868,312.234772
2024-02-20,179.922577,396.701172,167.080002,139.963196,468.076782,407.149994,193.759995,69.409561,171.305939,271.083618,148.807083,57.258968,149.436096,445.852844,96.093330,496.834595,342.999969,141.256439,745.263977,32.185635,162.719040,56.822380,119.689972,155.746002,716.765625,105.845268,544.188354,45.446453,24.205688,111.505524,541.909973,98.572647,107.270523,277.662201,49.467815,244.644302,81.718666,165.690002,153.463715,34.980919,52.982937,178.772034,86.976952,266.754578,44.060402,102.926651,216.031326,173.167053,116.995766,304.310394
2024-02-21,180.675705,396.100342,168.589996,141.381500,464.878448,409.250000,194.770004,67.430786,172.421112,272.669861,149.580063,56.555687,151.217865,453.057495,98.057281,497.702271,344.475708,142.577286,735.648132,31.939230,162.154251,57.327885,119.777802,155.912247,714.128479,105.562241,548.864441,45.634712,24.275875,112.681389,538.520020,100.452484,105.535606,278.857727,50.318237,247.487961,82.566483,164.289993,154.727325,35.499161,53.441528,179.302231,86.240822,266.707550,43.021244,106.055611,218.215485,169.636475,117.350014,307.608185
2024-02-22,182.707214,405.427216,174.580002,142.908875,482.856598,415.160004,197.410004,78.490021,174.489395,279.556519,151.248550,57.112457,151.368744,465.404205,97.973114,502.021606,351.296570,142.568115,759.051697,31.853933,163.644897,57.243633,127.335571,155.376602,725.368591,108.343773,556.449280,45.719433,24.170591,113.780754,537.570007,100.271194,105.506203,280.764740,50.996658,249.541702,83.131691,181.860001,156.000351,35.179585,53.039089,180.452469,86.154221,268.325897,42.536301,105.444847,220.821182,173.893921,119.396767,312.409363
2024-02-23,180.873901,404.137024,174.990005,142.779938,480.770721,417.220001,191.970001,78.768860,175.366287,279.408722,152.558838,57.161297,151.811829,467.239960,97.112717,502.727173,351.883118,141.861847,758.953125,32.147728,164.885529,57.290443,126.503181,156.623322,728.855103,109.261192,560.638855,45.992416,24.354836,114.201378,553.440002,100.796021,105.604210,282.501007,51.464870,250.637726,83.468994,176.520004,154.359558,35.119122,53.142040,180.290695,86.616127,272.089478,42.546196,104.777718,222.785019,175.319336,120.703552,314.145630
2024-02-26,179.526184,401.379395,174.729996,136.442322,478.496185,409.140015,199.399994,79.043686,174.765808,279.950623,151.569046,58.216217,151.048187,468.315796,97.496155,500.896484,351.542511,141.669205,761.300354,31.853933,165.552124,56.831738,127.748352,155.385849,736.183777,108.304733,559.417786,45.559410,23.845980,113.465294,560.479980,99.755905,105.545418,281.903290,51.722858,248.475342,82.429726,176.009995,154.934784,34.281307,52.088928,178.996689,86.625732,269.445557,42.546196,105.632767,221.597153,173.818420,121.837135,315.600494
2024-02-27,180.982925,401.320251,173.539993,137.741577,483.770325,408.910004,199.729996,78.652916,174.851593,278.985077,151.748184,58.206451,150.180862,468.552551,97.290405,489.549774,355.288727,139.568695,754.475464,32.488918,165.718811,56.485378,126.489540,155.293488,735.551697,108.704887,562.088318,45.474697,23.591555,114.144020,552.489990,100.337990,107.250916,278.715363,52.372627,251.644852,82.210938,178.000000,155.538315,34.488602,52.476173,178.089081,87.010658,262.031219,42.288879,104.871681,225.496048,174.516937,121.223114,317.782898
2024-02-28,179.783798,401.556610,173.160004,135.262070,480.760742,412.140015,202.039993,77.615555,175.738007,281.408752,152.285477,58.235756,150.887924,472.599030,97.561615,475.113678,357.228119,139.733826,747.216797,32.517361,164.802200,56.541550,125.825005,154.249954,738.761780,108.997688,567.906250,45.239372,23.723156,114.765419,551.820007,99.574593,108.603561,280.072144,52.286629,252.484131,82.429726,176.539993,153.746597,34.635437,51.985031,177.540909,86.529510,261.062164,41.556519,105.275719,228.762741,174.922867,122.498405,319.654877
2024-02-29,179.119843,407.387146,176.759995,137.325012,486.829620,409.399994,201.880005,79.063675,177.339264,278.462921,152.125229,57.249203,149.841492,468.562439,97.748657,470.651245,360.066223,139.431122,743.311279,32.946846,162.996780,56.185822,126.905243,153.854477,734.741943,108.997688,566.069336,45.531174,23.302032,113.417480,560.280029,99.173820,109.368095,278.888916,53.117935,249.946548,82.010384,192.529999,157.792084,34.566338,52.126705,179.564896,86.288925,257.646637,42.605576,105.745522,230.554123,174.667984,123.506042,323.922699
2024-03-01,178.039673,409.219025,178.220001,136.015839,498.917694,407.109985,202.639999,82.228722,176.605362,278.975281,152.822784,57.395721,149.756607,470.408051,98.983147,466.770447,363.698944,140.164932,771.360046,32.784599,165.644745,55.727127,136.534698,153.156586,740.223572,111.047241,572.175171,45.559410,23.328354,113.398361,570.929993,97.564980,109.730766,277.409943,52.611507,252.642120,81.891869,202.639999,161.300018,34.721813,52.145599,179.510666,86.414032,263.762512,43.367630,107.342896,234.405167,177.660477,124.891541,326.580322
2024-03-04,173.520828,408.647827,177.580002,132.256882,494.835388,403.390015,188.139999,85.184929,177.930191,276.384094,150.673523,57.923183,150.425995,462.374298,97.599030,459.466614,359.839142,136.560120,781.380310,33.548141,163.922623,55.989231,136.836212,153.882385,749.843811,111.320518,577.446777,46.246567,22.714220,114.755852,567.940002,95.324081,111.436272,277.610382,53.328152,252.958099,82.329437,205.360001,162.610809,34.816814,51.918926,180.025711,86.519882,262.878082,45.139153,104.899872,231.924026,182.248291,126.749367,328.471649
2024-03-05,168.585724,396.563232,174.119995,131.582474,486.919037,400.739990,180.740005,85.915512,179.712555,275.251129,150.796082,58.646000,150.199738,461.416962,98.796104,451.152008,358.022766,137.211365,766.892334,33.777199,165.876175,55.717758,131.029068,150.783737,750.604248,108.275459,580.395325,46.077137,22.880909,113.264534,544.840027,94.146164,110.632530,279.137054,54.083023,251.180801,82.566483,205.130005,160.913391,34.851364,52.325054,178.317978,86.664230,260.299988,42.714439,104.505234,230.697815,181.200455,124.269630,323.505554
2024-03-06,167.594742,396.011749,173.509995,130.322876,492.749512,403.959991,176.539993,88.649971,180.646637,276.285553,150.202209,59.163696,150.435410,465.443695,99.852882,450.627625,359.202850,136.055649,769.042358,33.805832,167.635284,55.745846,131.736526,151.677032,763.730835,109.573509,587.235596,46.284218,23.854755,114.086662,543.090027,93.494965,107.878220,279.509125,54.570347,249.709564,83.040527,210.630005,162.073257,34.488602,52.447838,181.164215,86.856697,260.243561,44.050503,105.228722,230.985214,185.174713,125.560669,325.542480
2024-03-07,167.475830,402.955200,176.820007,133.278458,508.741119,402.390015,178.649994,92.616730,179.064407,274.147705,149.759155,58.958572,151.425293,461.436707,100.414024,456.520294,358.355896,137.009567,769.426880,34.006264,167.181671,55.642868,137.299744,151.779388,775.929016,111.788994,593.351318,46.030071,23.503820,115.597115,556.039978,94.031265,107.995850,277.772522,54.465233,250.914200,83.423424,211.380005,165.279480,34.143108,53.127880,183.070724,87.135765,256.733948,45.673576,105.933456,231.559982,185.533386,131.071167,329.994537
2024-03-08,169.190231,400.079315,175.350006,134.300018,502.543182,403.149994,175.339996,87.478638,179.398010,275.901337,150.371887,58.724148,151.170776,463.134308,101.358589,456.204376,355.310516,137.477371,751.654846,33.977631,165.589172,55.717758,127.708321,151.723541,716.637268,109.719902,593.301575,46.594852,23.881075,115.635361,551.690002,94.960182,108.133072,279.146576,54.532116,250.489655,84.490028,207.389999,162.478760,34.125835,54.601292,181.390106,87.453308,257.571411,43.545769,106.177765,231.780319,184.976440,132.220490,328.995453
2024-03-11,171.192017,398.405029,171.960007,136.541473,480.333679,404.760010,177.770004,85.725632,179.464737,276.413635,151.983841,59.251606,152.302063,463.035553,101.957123,468.246735,353.568878,139.421951,724.266846,34.254417,166.311310,56.391766,126.186058,153.286850,705.298401,111.388832,595.108521,47.272598,24.890011,114.899246,560.419983,96.798851,110.083633,281.312622,54.551239,249.610840,86.067139,198.389999,164.261063,34.661350,54.657955,180.974442,87.953705,259.086243,44.396893,108.291908,230.831940,180.992767,131.118393,324.902283
2024-03-12,171.667694,409.002289,175.389999,137.364670,496.384918,404.980011,177.539993,91.861168,180.942078,279.724030,153.407242,59.984192,152.660309,466.697144,101.302490,468.438232,356.443024,139.321045,744.563904,34.321220,167.505692,56.635162,126.065056,153.110046,727.817993,124.476761,592.944214,47.131401,24.574167,115.444168,579.140015,95.936974,110.230652,280.825989,55.048107,249.907074,86.304169,202.759995,164.836258,34.661350,53.977924,179.926315,86.558372,260.196503,44.772972,108.075798,233.035263,186.703964,131.826889,327.104065
2024-03-13,169.586624,408.825073,176.559998,138.644104,492.233002,408.130005,169.479996,90.836731,182.409897,280.925964,151.861298,59.857212,153.009140,469.401337,102.434090,467.145905,360.678009,141.155533,747.414124,34.435757,166.524292,57.215553,122.746262,153.817261,725.170837,122.505280,589.042664,47.169056,24.758411,114.870583,573.549988,97.067001,110.269859,269.900513,55.248768,252.128708,86.896721,194.789993,162.837112,34.773632,56.235260,180.468445,87.145370,259.678986,42.783718,110.453056,237.010849,185.684433,133.952362,331.255463
2024-03-14,171.439774,418.792084,178.750000,141.926987,488.518188,406.730011,162.500000,87.894394,179.159744,282.177185,150.079666,59.806244,152.254929,473.220825,104.248405,468.103180,357.137695,142.815811,750.264221,34.063526,167.764938,57.088169,123.175629,153.333374,722.948608,122.515038,581.075073,46.867840,24.679449,113.618248,570.450012,96.013588,109.838585,268.822296,54.818783,250.025558,85.647789,187.059998,161.384903,34.350407,56.235260,177.414429,88.300140,255.492004,42.308674,112.548424,234.347687,182.597565,131.267975,331.643433
2024-03-15,171.063202,410.125092,174.419998,140.022705,480.840271,408.130005,163.570007,87.787453,181.380524,278.856964,149.108734,59.473011,152.141800,469.618439,104.061356,469.845398,355.196259,142.678192,743.794495,33.796288,164.691101,56.503124,120.563339,153.221741,716.706299,122.524803,580.320190,46.058308,24.512756,110.406143,492.459991,95.419846,109.730766,266.350983,54.952557,246.253738,85.939514,191.059998,162.686249,34.108562,56.745296,178.625198,89.426018,252.979797,42.199806,112.792732,234.443466,180.369751,132.952591,336.541656
2024-03-18,172.153259,411.011505,174.479996,146.469406,493.633545,408.410004,173.800003,88.405113,183.629913,280.837250,147.770157,59.649426,151.981552,472.638611,105.024643,466.236511,353.940033,142.549759,752.167725,34.368946,165.255844,56.739033,120.733147,159.363235,722.543762,124.730522,576.247009,46.378353,24.319742,107.490402,513.859985,94.557976,111.593094,265.816620,55.200996,248.297638,86.905838,190.649994,159.564896,34.488602,56.830296,177.784866,89.936035,254.889832,42.269089,112.999443,233.246017,180.955032,133.755569,341.323456
2024-03-19,174.491959,415.039703,175.899994,145.824738,492.898499,411.760010,171.320007,89.347588,184.706940,283.103333,147.251740,59.659225,152.566040,477.681854,105.763458,472.238586,361.077698,143.659653,762.148621,34.388031,166.339142,56.833385,120.808273,159.865738,723.165894,126.087143,578.899414,46.255978,24.240780,108.178719,521.190002,95.726288,112.240021,269.910065,54.474792,250.539001,86.586777,181.419998,157.254547,34.523151,57.869244,179.845001,91.283241,255.670792,41.615898,114.653168,237.595200,182.512634,136.550171,343.263336
2024-03-20,177.058624,418.801941,178.149994,147.520752,502.116028,416.109985,175.660004,90.321030,187.127914,285.004761,146.827515,60.031670,152.716888,481.669128,105.669930,473.109711,365.836090,141.760925,762.227356,35.075222,163.200485,57.324070,125.045723,159.921555,731.610657,126.135925,576.247009,46.641922,24.302197,106.591789,519.140015,96.023163,114.151360,271.417725,54.751896,248.504990,86.549805,179.729996,160.290985,34.652710,58.747620,181.778610,91.273621,256.912720,41.764351,114.549828,241.369598,183.097916,136.920166,345.736725
2024-03-21,169.824432,422.879303,178.149994,146.390091,504.340942,413.779999,172.820007,91.383423,189.729919,286.078644,146.818069,60.227695,152.594330,482.261261,106.137535,470.678223,376.104767,142.045303,759.663147,35.800583,164.339294,57.059856,132.101593,160.470566,733.428101,125.911453,580.300354,46.952549,24.267101,106.601341,511.250000,96.549873,114.386597,270.539825,55.277435,250.904358,85.218834,178.679993,162.752213,35.015476,57.954250,181.959320,90.705864,260.582275,41.982079,116.053238,250.029602,181.153229,139.053513,353.602905
2024-03-22,170.726242,422.258850,178.869995,149.534119,506.148651,411.600006,170.830002,94.235809,187.404282,279.073730,146.327911,59.659225,152.405762,475.382263,106.137535,469.127472,371.422485,141.861847,760.008423,35.361549,165.218842,57.078728,132.637650,160.070450,725.763550,124.720749,579.267151,46.858421,24.003902,105.702736,499.519989,89.884659,113.573059,269.681091,54.589455,251.585648,83.998779,179.649994,162.648514,34.868637,58.350933,181.372025,91.937607,259.848389,42.130531,115.602219,247.634689,180.152603,137.880554,347.346771
2024-03-25,169.309143,416.467773,179.710007,148.839844,499.632843,409.920013,172.630005,94.948410,185.688660,277.054047,146.318497,59.365196,151.019913,469.825775,107.222389,465.116516,364.979584,143.522049,762.503601,35.180210,165.292908,56.993809,132.452423,160.610153,721.970825,123.051834,569.799622,46.764282,24.065317,105.167389,507.230011,89.779305,116.993874,265.854767,54.207245,244.673920,84.248344,178.630005,161.111420,35.300507,59.134869,179.339020,92.024200,264.223541,41.398174,118.609024,243.323837,178.217438,136.573807,345.251740
2024-03-26,168.179413,415.276031,178.300003,149.434906,492.550873,411.570007,177.669998,92.508781,186.555984,276.453064,146.836960,59.306393,151.359314,470.575836,106.418106,471.271759,361.572601,142.421356,764.239441,35.399727,165.903976,57.125908,130.483612,160.731140,721.990479,123.432465,565.090576,46.641922,24.205688,106.591789,507.600006,88.658867,117.552574,265.854767,54.159466,245.325592,83.536636,177.869995,158.339005,35.283222,58.020363,181.615997,92.437996,265.117432,41.556519,118.383499,240.852295,177.943680,136.621002,345.678558
2024-03-27,171.746979,415.059326,179.830002,149.633286,490.534485,416.929993,179.830002,90.199097,190.168381,274.896393,148.901352,59.512218,153.301407,471.710815,107.521652,472.027985,367.244629,143.411987,767.474182,36.086918,166.977966,57.588276,129.233185,161.512787,723.077087,122.261269,575.571533,46.849010,24.372383,108.484627,504.399994,90.143204,118.581757,269.099030,55.048107,245.898911,85.246559,179.589996,163.016296,35.879200,60.249374,185.347702,93.775597,269.379700,43.318146,119.182175,242.682022,180.114853,141.793015,353.690277
2024-03-28,169.933426,414.360138,180.380005,149.692780,482.310272,420.519989,175.789993,90.305038,190.911819,274.955505,149.118164,58.973156,152.961990,475.283569,108.709381,473.559631,365.065186,144.686966,767.257202,36.191902,168.598206,57.729813,129.887833,162.852737,723.620178,122.593117,577.399414,46.980789,24.346062,108.656708,504.600006,89.999573,119.934402,269.032227,55.382542,246.837952,84.682747,180.490005,164.279907,36.241959,60.362709,185.456116,93.852570,267.516663,43.714012,119.595627,244.023178,180.265915,138.179688,355.416687
2024-04-01,168.496536,418.151917,180.970001,154.215424,488.041412,420.200012,175.220001,90.312035,189.615570,274.167358,148.731674,58.806534,151.387589,472.154938,109.410782,468.773315,350.247559,145.916092,750.086670,35.810127,167.357544,57.258011,132.323090,160.963760,712.370300,122.466248,573.664124,47.103157,24.319742,107.155807,502.089996,88.639717,119.120857,267.381500,55.048107,244.930222,84.516388,183.339996,163.299164,36.518356,59.862133,182.528595,94.073906,266.312378,44.060402,120.911095,238.802246,179.199203,138.045883,352.807556
2024-04-02,167.317276,415.069244,180.690002,153.293015,494.020844,418.920013,166.630005,89.401543,189.539322,274.324982,148.684540,57.983242,151.378159,473.171509,111.552444,438.561981,345.460571,146.558136,753.449890,35.600159,167.292740,56.757904,131.196091,159.530731,702.552551,121.353607,567.812683,46.463074,24.170591,107.088890,499.209991,87.097893,120.385277,265.015106,54.799667,243.101593,84.867599,178.699997,160.649368,36.742928,59.389885,180.920258,94.834114,259.886017,43.486385,122.780945,234.175232,178.302414,134.611191,353.864838
2024-04-03,168.119949,414.094238,182.410004,153.650070,503.327759,420.239990,168.380005,88.913826,189.005554,272.866852,145.413528,58.247875,147.211182,471.187744,111.571136,440.093567,342.510406,147.163544,765.314331,35.733772,164.181900,56.455948,133.592133,157.892990,697.011597,123.207977,572.223511,46.254292,23.881075,106.381462,497.010010,86.504166,116.621399,262.915924,54.589455,241.520050,84.109688,180.770004,160.630493,37.002045,59.078197,178.878189,93.871811,258.201813,39.913662,123.682991,230.582855,180.209259,143.636566,364.495453
2024-04-04,167.297440,411.563019,180.000000,149.296082,507.479675,415.320007,171.110001,85.856529,187.567520,269.950592,143.754471,58.316483,146.551254,463.637573,111.963936,435.919891,340.397614,147.392868,757.513123,35.237476,155.451050,55.955837,129.112656,157.865082,696.211548,121.207214,566.868835,45.656422,23.380993,105.262978,487.109985,85.297539,114.768860,257.715637,54.159466,239.108185,83.277847,165.830002,158.923676,36.665188,60.192703,177.143341,95.565453,252.245895,39.319851,123.795761,228.005936,177.415024,145.382462,358.675781
2024-04-05,168.050598,419.087555,185.070007,151.249939,523.789062,418.619995,164.899994,87.958359,189.293167,273.044220,143.650787,58.659519,147.164047,470.921265,113.507042,436.264465,340.578461,148.227554,773.421204,35.418823,157.395355,56.153996,131.261734,157.390503,704.942749,121.900169,575.660889,46.073975,23.389767,106.304985,485.119995,85.077271,116.033295,254.471390,54.847443,241.460739,82.704796,170.419998,157.952362,36.380157,60.617729,178.137268,97.855713,253.995972,38.310383,125.458900,229.260895,178.547806,154.171097,367.899872
2024-04-08,166.930801,418.171600,185.190002,153.580643,515.753479,415.970001,172.979996,87.083847,190.280624,273.655060,142.896652,58.590908,147.107468,473.253662,112.740166,436.513367,344.556458,147.924850,766.596375,35.791042,157.210159,55.927532,130.935410,157.799942,703.056274,121.363373,575.005188,45.779785,23.319580,105.654915,484.279999,86.188148,115.023705,255.301483,55.220100,241.431091,83.481178,169.899994,159.800659,36.043308,61.259983,178.688431,98.038544,253.290314,37.587917,124.425301,232.393402,179.189743,154.388107,362.245148
2024-04-09,168.139786,419.836060,185.669998,155.316315,513.419434,414.690002,176.880005,85.305847,189.005554,272.630432,143.556503,58.600712,147.692001,466.641846,113.329338,440.074402,343.956970,148.594452,746.822327,36.010555,157.524979,56.352154,130.737442,158.758392,709.752991,120.658401,585.336975,47.459518,23.495049,107.490402,492.549988,87.145790,115.631424,257.095398,55.019451,246.917038,84.174393,170.779999,163.572647,35.845818,61.751114,179.275772,97.769112,254.381760,37.934303,124.265572,234.117767,178.708298,152.385757,360.722351
2024-04-10,166.266815,416.861725,185.949997,154.860077,516.329651,409.109985,171.759995,86.989906,187.394974,270.423523,141.586365,59.414207,148.238770,463.686768,114.283257,430.817657,333.621674,149.209000,751.497009,34.979778,156.497284,55.597263,129.589890,157.213699,713.693909,119.209282,569.948608,46.700317,23.091475,106.276314,487.220001,85.230499,114.866890,256.360687,54.407906,243.032379,82.926613,167.139999,159.291428,35.564953,60.457165,176.781906,97.538162,250.702850,36.815971,124.801163,227.191666,175.621429,154.476852,360.887207
2024-04-11,173.461349,421.461121,189.050003,158.103287,519.637268,407.609985,174.600006,90.564896,187.356598,271.605774,140.257217,58.894745,146.918930,462.836853,113.899826,422.843658,330.585754,148.493561,749.139893,34.693451,155.099243,55.719936,135.478622,156.664673,723.343689,120.668190,570.802979,47.004002,23.109020,106.543991,484.279999,88.103432,114.827690,256.312958,54.169022,241.183990,82.658569,170.500000,161.441483,35.248981,60.391045,177.884277,96.980019,254.043030,37.241531,124.895103,225.543961,175.489273,155.532303,360.799957
2024-04-12,174.957748,415.522217,186.130005,156.437042,508.453003,403.260010,171.050003,88.136261,175.238785,271.881622,139.060074,58.943748,146.438141,459.941101,112.571815,420.431305,326.303223,145.806000,741.299377,34.158978,151.650909,54.993355,131.716446,156.422760,722.316528,118.582649,561.524292,46.017040,22.687899,104.824287,474.089996,88.103432,111.749924,255.139343,53.958809,237.180695,82.122490,163.279999,156.849060,34.862789,59.578785,177.242737,96.325668,251.483749,35.321556,123.278954,222.296432,172.062576,152.795166,354.640747
2024-04-15,171.132538,407.387146,183.619995,153.590576,496.861603,400.260010,161.479996,85.952499,175.334656,267.270782,139.126038,58.737926,146.551254,454.416412,111.926506,426.586548,321.601929,144.549377,740.441345,34.311680,151.080872,54.861252,128.445267,155.352615,709.446716,117.378311,554.212463,45.779785,22.731766,104.612946,470.100006,89.156853,110.710930,254.032486,54.436569,236.894073,81.891418,160.320007,156.867966,35.205093,59.267094,175.327194,96.248680,249.818390,35.935158,122.386307,220.342194,171.099686,151.876205,352.972473
2024-04-16,167.852402,408.312927,183.320007,153.134354,496.394836,396.920013,157.110001,87.365692,173.330994,267.339844,136.166107,58.649715,147.022614,454.446075,111.000656,448.852570,318.651642,143.347778,736.466736,33.099560,151.893890,54.785763,130.245529,155.864410,707.165039,118.102875,550.914124,45.476105,22.538752,104.920364,476.220001,89.434563,111.622505,253.269104,53.901470,237.566208,82.723274,163.460007,158.037247,34.906670,58.275375,172.327377,97.037766,249.940704,35.885670,121.709778,218.751953,173.459656,154.899872,349.063599
2024-04-17,166.484833,405.614349,181.279999,154.195572,490.842438,397.739990,155.449997,83.987602,172.640732,268.660034,136.467758,58.463497,147.974823,454.782104,110.944542,458.520905,316.748352,143.457855,740.441345,33.624493,153.491898,55.210388,125.695442,157.706894,706.394714,116.193558,543.661987,45.352745,22.301872,101.740387,474.450012,90.823143,110.701134,257.582031,54.637238,236.627167,83.721489,154.020004,156.254990,34.915447,60.249374,172.002075,96.951157,248.463470,35.311661,120.582230,219.240555,172.846085,153.822800,347.550476
2024-04-18,165.533478,398.158752,179.220001,154.731155,498.421051,399.890015,149.929993,84.623245,173.762421,267.359436,137.382126,58.081253,149.243423,449.385864,110.841675,472.104492,316.805420,144.531021,735.687622,34.139877,153.875031,55.587830,123.378769,160.303085,702.503113,113.579277,537.969666,45.656422,22.275551,101.135117,473.179993,91.685020,110.201248,258.564819,56.127865,233.632141,84.294548,155.080002,154.340698,35.222645,60.457165,172.652649,96.912666,247.221542,34.678268,120.093628,219.173477,171.307358,151.125198,347.172180
2024-04-19,163.511902,393.086578,174.630005,152.826889,477.830658,405.079987,147.050003,76.157013,178.124420,265.792938,139.427673,58.345882,150.049942,450.067871,112.113564,479.714844,319.156067,146.759949,716.317810,35.285194,155.510437,56.776775,118.059418,162.033875,700.784668,112.482651,541.208130,45.855701,22.810724,103.066193,465.019989,90.526283,110.377686,259.528564,57.666260,232.791916,86.669945,146.639999,150.578110,35.538624,60.731068,175.525970,97.730606,253.036270,33.846939,121.568848,220.562531,171.411179,146.303116,345.254486
2024-04-22,164.344299,394.898804,177.229996,154.998962,478.486206,408.779999,142.050003,79.473152,181.585312,268.305237,140.568298,58.943748,152.327133,451.411926,112.749512,470.237915,319.869843,148.521072,721.268799,36.010555,156.893463,57.135342,119.994881,164.202042,706.661438,112.139961,544.784668,45.684887,23.038834,102.864433,466.890015,90.200684,109.769966,262.954071,58.382908,233.355377,86.937996,148.639999,154.114349,33.879745,61.685001,176.718674,97.730606,255.840118,34.054771,121.521851,221.510910,171.713257,148.407852,348.126190
2024-04-23,165.394760,401.408905,179.539993,156.962708,492.759430,408.739990,144.679993,82.376503,184.202515,270.058990,140.983078,57.914631,153.238052,457.411011,113.189056,465.403687,322.620209,149.374100,735.431152,36.621395,158.435394,57.220268,122.418388,159.326050,713.792603,112.688271,570.822815,45.855701,23.091475,103.363998,472.899994,90.037865,111.455872,264.194519,58.230026,250.188843,90.265419,152.270004,156.038086,34.845226,62.525600,177.242737,97.557396,257.373840,33.926113,122.001053,224.812439,171.987030,160.690353,353.616699
2024-04-24,167.495667,402.876343,176.589996,157.825577,490.176941,405.950012,162.130005,79.632065,185.103699,270.955536,140.012131,58.679119,154.281784,457.094727,113.207771,466.475830,316.919647,150.034546,722.126770,36.573673,156.809357,58.078953,123.166107,165.086014,714.987732,112.933052,573.604553,45.884178,23.047609,102.691498,477.119995,90.631615,111.661713,264.070496,57.905151,247.520004,91.522430,151.740005,164.845673,34.660915,62.865620,176.004868,97.210976,256.875122,34.143841,121.474869,221.664932,173.790070,157.301056,353.879517
2024-04-25,168.357803,393.007843,173.669998,154.721252,438.407898,404.910004,170.179993,82.585403,185.381714,271.093475,138.400208,59.012360,154.234344,456.709290,113.469627,472.755493,315.939423,151.603043,714.897644,36.182362,156.332764,58.258244,126.850838,164.406708,714.127014,112.492432,567.981506,45.646927,22.161497,102.662682,473.440002,89.961273,110.534508,262.973145,57.264938,242.963196,88.814285,153.759995,165.260635,34.423931,63.186760,174.405533,97.874962,253.459641,34.747543,122.254761,221.347290,159.450745,159.346481,329.036224
2024-04-26,167.773117,400.177765,179.619995,170.540482,440.305054,402.100006,168.289993,87.685524,185.496780,270.462891,137.759201,58.963360,153.038788,457.015686,110.317947,474.181793,318.899170,152.162537,723.418762,36.106003,149.165146,58.258244,131.716446,163.383133,721.368591,114.764038,569.839294,45.419170,22.284323,103.306358,477.559998,90.133636,110.495308,260.578125,57.245834,243.734177,87.825310,157.399994,167.363495,34.827679,62.327255,174.794083,97.586281,254.024246,31.550890,122.376907,221.260666,157.770447,160.423553,334.273621
2024-04-29,171.935226,396.169342,180.960007,164.788010,429.706848,400.959991,194.050003,87.707504,185.295441,267.822510,138.400208,59.041756,153.389862,451.757874,111.889114,468.131897,320.526489,152.566132,727.057983,35.838768,150.940704,58.541321,131.182373,163.904236,718.549255,114.059052,573.107727,45.343243,22.494881,103.056564,473.070007,90.076180,109.858185,261.016998,57.140720,243.971405,88.361397,160.199997,169.070343,35.187542,63.677891,175.083252,98.577438,260.045990,31.036259,122.358116,222.290543,158.053619,162.538177,340.523346
2024-04-30,168.793823,383.444641,175.000000,161.445663,427.273468,396.730011,183.279999,86.353271,183.819046,264.640198,136.298080,58.169468,154.851089,445.926788,110.607849,463.029663,318.071198,147.924850,770.354065,35.323368,151.987335,58.286545,127.424126,163.690231,715.155945,111.376236,564.991211,44.584049,22.477339,101.807640,462.829987,88.352417,108.897614,260.530457,56.682064,243.773712,87.751366,158.380005,166.363922,34.660915,63.252865,174.143494,97.692131,257.750183,30.155445,118.035843,219.451050,156.892517,159.899857,325.697235
2024-05-01,167.773117,388.969849,179.000000,162.516785,436.232635,398.579987,179.990005,82.994156,183.934097,263.369293,142.510147,57.679409,155.040848,436.903473,108.512985,463.422119,315.929871,146.420563,766.063965,35.266106,151.127609,58.437523,121.798073,162.983017,714.483215,112.237869,571.220154,44.451187,23.845980,102.115059,469.390015,86.513733,108.289902,261.856781,56.873177,244.040619,88.777328,144.270004,165.213455,34.406376,64.801834,176.465683,97.403427,260.977448,30.056479,116.833115,218.998657,155.221649,157.804993,322.290070
2024-05-02,171.469482,391.825958,184.720001,165.254181,438.705872,400.600006,180.009995,85.768593,183.742355,263.655060,141.322433,58.522308,155.458313,435.944855,108.709381,471.903564,319.317871,147.429550,745.510620,35.199299,150.277191,58.494137,121.377640,163.262192,724.593811,112.560982,567.504822,44.403740,24.302197,101.759583,476.570007,88.496071,110.387482,260.759430,57.169392,243.991180,89.941910,146.160004,165.779282,34.169388,65.028526,174.965744,98.048187,261.937164,30.195032,114.869293,220.981522,155.467056,160.710129,326.544220
2024-05-03,181.726151,400.512665,186.210007,165.869095,448.916687,400.869995,181.190002,88.738914,182.639862,264.522034,140.709702,58.630116,156.046646,438.395874,108.484932,471.405762,326.284241,146.989273,724.858582,35.552433,153.062027,58.663990,125.252495,163.913559,735.931030,113.383453,568.627319,44.716904,24.398703,101.740387,486.179993,88.247078,111.406868,257.935089,57.274494,245.513428,90.025101,150.600006,168.711975,34.134285,66.246910,176.926498,97.576653,292.892792,30.581005,114.850510,223.436020,156.429947,162.162674,327.819458
2024-05-06,180.071198,407.288666,188.699997,166.722031,462.544250,404.920013,184.759995,92.088020,184.068298,268.640289,140.059280,58.679119,156.027618,444.118134,109.186348,473.253265,325.751312,148.869629,756.132324,35.972385,152.071457,58.833839,128.408035,163.606491,748.346619,115.870445,569.789612,44.707420,24.705770,101.490593,493.589996,89.405830,114.161163,256.961792,57.513378,244.544693,90.071312,155.779999,171.314667,34.520477,67.295296,176.194626,98.067429,281.780762,30.774776,116.090820,223.022110,159.167542,165.976883,333.027557
2024-05-07,180.754959,403.152161,188.759995,169.846222,465.087097,406.140015,177.809998,90.502922,183.828659,272.374237,140.191254,59.414207,157.280090,447.765045,108.643921,479.552063,324.228577,149.209000,767.069824,36.115547,151.903259,59.088608,127.702461,165.653671,763.047424,115.468994,569.114075,44.868744,24.363609,101.999771,492.269989,89.808037,103.300797,255.244263,57.580265,245.889023,90.145264,154.429993,173.499207,34.502922,67.956459,177.866196,99.337654,282.552246,30.486605,116.081413,222.791092,158.950424,166.777252,335.850647
2024-05-08,181.091919,404.334015,188.000000,167.991562,469.417664,406.369995,174.720001,90.361015,187.567520,273.093445,140.408035,59.100571,156.625397,449.455078,108.625214,481.705933,322.458405,149.089737,764.338013,35.991470,149.940796,59.305637,129.883896,165.086014,755.231995,114.940277,569.879028,45.552025,24.802279,100.818100,488.100006,89.626091,103.349815,256.188904,58.507130,246.669922,90.810738,153.619995,174.714951,34.652134,68.806496,178.950455,100.020889,289.147980,29.810892,115.630394,223.378281,160.385284,166.856339,335.363922
2024-05-09,182.905411,406.087067,189.500000,168.566818,472.218658,408.820007,171.970001,88.696945,189.341125,274.423553,141.256454,59.442833,157.545792,450.166687,110.766861,485.362701,330.652405,151.758942,760.935425,36.535496,149.894043,59.333946,127.953331,165.690872,770.694458,114.205917,574.140930,45.352745,25.096165,100.558693,482.649994,89.434563,103.702682,255.673630,58.891537,248.528214,91.929115,152.389999,176.016174,34.924229,70.440475,181.281662,101.753014,294.369995,29.900324,115.940475,227.286194,158.516708,165.512451,342.450836
2024-05-10,181.645172,408.470490,187.479996,167.267532,472.993469,412.049988,168.470001,89.827309,190.558655,276.591003,141.313004,59.482170,158.314362,451.639252,110.317947,490.895691,329.691223,152.098343,749.544373,36.697750,150.221130,59.692520,130.612030,167.300705,778.757324,114.235291,589.141968,45.608974,24.944767,100.625938,482.290009,87.088333,103.692879,262.400665,59.477764,250.455704,92.113976,151.919998,177.659302,35.459625,69.694328,183.350845,102.311142,291.820129,29.661839,115.278549,226.227402,159.355652,161.441330,345.381012
2024-05-13,184.850357,407.465912,186.570007,167.753494,464.858612,411.220001,171.889999,90.348022,190.520294,275.260956,142.547882,59.413322,157.384521,452.410187,110.271194,489.871429,324.485504,150.915115,747.276062,36.468685,150.716415,59.994469,131.073593,168.333572,766.846191,113.941566,586.827209,46.197346,25.327713,100.654762,483.109985,88.792938,103.732079,258.889252,58.872318,248.706161,91.771996,150.559998,178.390671,35.582508,70.440475,184.145950,101.810753,290.220612,30.317677,114.975945,224.254166,159.746536,157.607376,347.220917
2024-05-14,185.991516,410.263000,187.070007,168.943680,468.672760,410.239990,177.550003,91.304482,193.185440,273.635315,142.698715,58.872398,157.280090,448.891724,110.940582,491.919983,324.047729,150.071243,753.469604,36.735931,151.006119,59.541538,135.240494,167.375153,769.566833,118.347656,590.900208,46.453583,25.274277,99.924622,475.950012,88.859962,103.261597,258.259460,59.477764,256.267853,92.280342,153.160004,181.534485,35.538624,71.233856,183.612854,101.714508,293.005707,30.854273,114.455879,222.906616,159.555847,158.101410,348.681122
2024-05-15,188.263977,417.436005,185.990005,171.095901,478.297455,412.760010,173.990005,94.576622,193.760635,277.339722,143.914719,58.842888,157.991730,452.647308,111.798538,495.433167,331.822998,149.557556,777.515564,37.136787,153.062027,59.569851,140.742081,166.993622,778.608765,119.091782,595.092712,47.136856,25.666130,100.481834,485.350006,87.787399,100.732735,261.322418,59.910229,260.419342,92.955070,159.669998,185.713577,35.538624,72.773376,185.284439,101.377716,300.184753,31.072887,114.134369,227.238052,160.413895,161.530273,350.491760
2024-05-16,188.383041,415.373871,183.630005,172.752167,470.043457,413.119995,174.839996,94.305786,194.105774,276.214539,145.432373,62.953930,159.272690,453.507172,111.129150,498.994202,326.169983,149.251785,761.807617,37.432659,153.585358,59.749134,138.386230,170.390076,784.574280,119.610741,593.234985,45.874683,25.755182,100.750847,482.880005,87.883179,101.320847,260.978943,58.680119,261.783447,93.038261,162.619995,185.181686,35.327972,72.168907,187.682480,100.913033,298.223328,31.828094,113.311699,223.561127,161.090790,159.208145,341.418915
2024-05-17,188.412827,414.604279,184.699997,174.616806,468.732361,416.940002,177.460007,92.426834,196.329926,276.471161,145.771729,63.583366,159.063934,454.890778,112.797920,502.210571,327.578461,150.715698,760.701111,37.499470,155.519745,59.475487,136.735931,169.533997,787.284790,120.922775,591.397034,45.713356,25.505827,100.001480,483.429993,88.275803,101.203224,259.900635,58.699333,262.732330,92.271103,164.470001,185.229202,35.161205,71.866661,187.092026,100.854942,296.091217,31.629356,115.089432,222.454193,161.147980,157.992752,346.821747
2024-05-20,189.573822,419.665894,183.539993,175.469742,465.683014,413.000000,174.949997,94.726555,187.500412,274.931427,143.747665,63.121120,158.750824,454.287933,111.883392,495.126831,321.497192,149.298157,773.721985,37.050884,153.781586,59.041431,138.572418,167.784561,784.505005,121.921463,590.115479,44.726398,25.407864,99.156044,484.690002,87.883179,100.860161,255.597336,58.334148,264.027283,92.049271,166.330002,189.199326,35.213867,71.658882,185.865768,101.668121,298.052734,31.897654,114.314034,220.586884,161.996475,157.389984,353.129913
2024-05-21,190.873795,423.316528,183.149994,176.392136,461.501312,414.369995,186.600006,95.332191,191.277649,272.374939,143.719147,64.075119,159.737625,453.734497,111.110291,501.176697,319.907928,148.214111,793.470520,37.843063,152.258362,59.362255,137.119080,168.501083,792.350037,122.029190,586.250977,44.546089,25.434578,98.915863,481.850006,88.888695,100.967987,253.688950,59.064518,263.473694,92.640816,164.660004,189.018875,34.775009,72.678932,184.857513,102.065056,298.346466,31.539923,113.860153,216.438293,165.380936,159.089569,349.547577
2024-05-22,189.434921,424.776794,183.130005,174.934189,464.630127,413.989990,180.110001,94.896439,190.117630,272.009705,145.866776,64.173470,159.225235,451.184631,108.875839,499.070740,314.616547,145.990479,793.213684,37.948048,149.155823,59.447182,136.437042,169.440918,793.270020,121.999809,586.926575,45.011101,26.360771,100.702805,483.929993,88.582253,100.977783,253.593506,58.555176,264.106354,93.417221,165.520004,192.371658,34.924229,72.083893,184.212570,102.916969,293.191650,31.221941,111.760902,212.848007,165.590683,158.901840,346.500549
2024-05-23,185.445786,421.303741,181.050003,172.127365,462.643555,405.880005,173.740005,103.740463,188.785065,270.677277,142.255753,63.770222,157.023956,445.936737,107.018486,494.743927,311.095367,145.406784,798.686829,37.384937,147.894226,58.588497,136.539917,166.816833,787.809326,121.500443,581.194397,44.223423,25.550352,100.135986,483.309998,87.528839,98.664574,246.112701,57.353901,258.383179,92.104729,160.429993,187.385223,34.608246,71.139412,181.115128,102.045692,290.434174,29.890387,111.250282,209.334686,162.711502,163.299042,341.399475
2024-05-24,188.521973,424.421539,180.750000,173.555573,474.999878,407.410004,179.240005,106.408958,192.418488,270.933838,139.661499,64.301331,156.872131,445.907013,106.933632,486.454010,309.391846,146.157272,797.679199,37.890785,146.772827,58.503574,137.965790,165.625748,801.055786,120.345085,580.220886,44.052605,25.719561,99.866966,475.429993,87.864021,99.742760,246.284470,57.863243,259.747223,92.363533,166.360001,189.180344,34.880341,72.357803,181.387650,102.878242,289.808746,30.526352,110.872040,207.149719,162.921234,165.344498,339.647186
2024-05-28,188.531876,424.579468,182.149994,174.953995,476.688416,403.899994,176.750000,113.836761,191.258484,267.469391,137.200302,63.966942,154.765686,439.878326,108.291290,482.155853,312.817932,147.352448,798.103882,37.528107,145.165482,58.333721,138.417557,161.335983,804.458984,121.892105,568.816040,43.919739,25.203032,97.945526,478.429993,88.103432,100.409286,241.923828,57.161697,255.724197,92.474449,171.610001,189.579269,34.546806,73.226738,180.924362,102.152168,284.454865,30.864210,112.489021,207.303726,161.748596,166.559860,337.281677
2024-05-29,188.829590,423.444763,182.020004,174.458099,471.165833,404.089996,176.190002,114.760231,189.925888,265.376740,137.257324,63.848911,153.380386,437.298859,107.131615,464.006073,310.162689,145.369720,801.729736,36.955444,144.651505,58.220497,136.283157,159.260864,797.880188,121.157745,563.580566,43.729946,24.775560,96.773468,477.600006,87.787399,98.880203,237.944885,56.460152,252.976242,92.058510,165.139999,185.124710,34.318604,72.423920,179.007751,101.232506,280.835114,29.940071,108.980827,206.244919,159.260315,161.658737,329.143341
2024-05-30,189.821930,409.138214,179.320007,170.699188,463.905060,408.609985,178.789993,110.437675,191.095505,267.785126,138.055527,63.819401,154.262802,436.933167,107.471039,461.067291,315.452515,146.629776,805.217041,36.869545,146.071960,58.475266,133.677414,158.637421,806.605713,114.646530,559.070312,43.767906,25.113976,97.743774,445.869995,89.492020,99.683952,240.521225,56.902218,249.823105,91.882904,166.750000,185.856033,35.398190,73.850113,182.495804,102.345802,285.222443,29.999695,107.401680,207.390366,157.906555,162.251602,330.253143
2024-05-31,190.774567,409.592102,176.440002,171.085999,463.686523,414.399994,178.080002,109.571159,194.259201,268.930115,139.376404,64.675049,156.122528,441.845032,110.554031,474.200958,320.905243,150.372879,810.433289,38.167572,150.679062,59.381130,130.195511,160.889328,801.214050,114.744438,564.256104,44.128521,25.523638,98.176109,444.760010,91.024254,101.850151,247.028717,57.584545,253.836212,93.703743,166.899994,185.219666,36.117920,75.578545,183.658493,104.369095,289.818237,30.655535,110.143921,213.001984,159.069641,163.180450,329.542480
2024-06-03,192.540878,408.003540,178.339996,171.750473,474.274719,414.790009,176.289993,114.935143,193.482635,266.877106,140.393204,64.734062,156.226898,438.010406,107.904724,476.182495,314.331329,145.888580,821.221313,38.062580,149.697800,59.381130,129.543854,159.335312,806.655212,116.790825,565.845764,44.270878,26.102503,98.829399,439.019989,90.755058,100.732735,249.458527,57.027153,258.363373,95.164116,163.550003,183.994446,35.968700,73.872177,183.903763,103.943138,291.305939,30.099064,107.675903,208.612762,157.572815,159.544128,322.572357
2024-06-04,192.858444,410.519562,179.339996,172.365402,473.778137,409.529999,174.770004,116.371330,190.932526,268.890656,140.450211,65.501198,158.466171,439.571930,106.226517,483.888519,314.570892,144.656326,822.535339,37.871704,151.520081,60.334171,130.417969,161.810532,818.526611,117.564346,565.935120,45.001606,26.262804,99.367401,448.369995,91.081940,101.281639,252.310806,56.412102,260.290894,95.931267,159.990005,183.595551,36.477776,73.339844,188.236572,104.456223,291.258484,29.840704,106.162933,208.420273,158.078156,159.465088,318.882874
2024-06-05,194.366760,418.353607,181.279999,173.972137,491.726410,409.850006,175.000000,122.370949,189.111008,270.943695,138.711212,65.983101,157.555252,441.439850,106.650803,481.619781,316.487457,143.590820,821.715393,38.138931,154.603958,60.315296,138.480301,161.438339,825.362549,120.070923,571.508301,43.673004,26.316238,99.175247,455.799988,90.678146,99.487915,249.688995,56.392879,264.758759,96.190056,166.169998,186.235977,36.293457,73.244774,190.089569,104.978989,291.268066,30.585976,106.125114,211.250153,159.574921,160.621185,320.713043
2024-06-06,192.987442,418.856812,185.000000,175.281311,490.435242,411.079987,177.940002,120.929756,188.775482,273.450836,139.138840,66.042130,159.851486,443.436249,107.452187,480.471039,317.292450,144.471008,827.178467,37.890785,157.528961,60.532330,137.321930,161.168472,833.613220,120.922775,576.038513,43.872295,25.648314,100.174408,458.130005,92.024094,99.203674,250.390045,55.479900,264.887207,96.347191,166.779999,186.387924,36.275902,72.912064,189.344757,104.727287,289.666565,30.228245,106.096725,210.268372,160.356674,158.714096,319.583832
2024-06-07,195.378967,418.195770,184.300003,173.029907,489.640594,413.720001,177.479996,120.819817,191.689865,275.059723,139.766037,64.793068,158.513611,444.533264,106.301956,469.720978,313.392181,144.609985,839.725220,38.198059,158.323257,60.305862,137.848221,160.413498,836.521729,123.292274,577.280212,43.502186,25.452391,103.354401,465.429993,92.822044,99.527122,246.058746,56.085354,260.043732,95.764893,167.869995,185.789581,35.933598,71.666756,189.644485,104.659515,289.031677,30.546227,105.907616,208.555038,162.082291,159.998657,320.216583
2024-06-10,191.637878,422.162140,187.059998,173.774612,499.215698,410.809998,173.789993,121.721306,191.363937,271.476715,139.813553,65.855263,158.788788,443.999573,106.613083,473.846771,318.691559,145.221481,854.553955,38.092434,159.295151,60.003902,141.163452,155.592850,839.252136,121.901901,577.667664,43.511673,24.998203,103.267921,459.940002,92.293289,100.703339,243.753799,55.672112,261.615387,95.829590,160.339996,187.698639,35.468410,73.168724,191.424866,103.672073,288.747437,30.715155,107.136909,209.931473,162.435043,160.907715,320.868774
2024-06-11,205.560196,426.907959,187.229996,175.373260,504.052917,408.500000,170.660004,120.851738,186.330826,271.111511,139.461945,65.629059,158.912125,443.791992,105.755119,475.014648,321.719818,144.989853,855.363953,37.314644,156.715927,59.966164,143.178345,154.814407,840.211731,121.294830,572.114197,43.435757,24.962582,101.653915,462.690002,92.168297,98.870407,244.205215,54.903290,258.234863,95.958984,158.960007,187.527710,35.477180,69.147629,190.280365,103.507492,284.938171,30.725092,107.448959,210.172134,161.424484,158.457169,318.629791
2024-06-12,211.434753,435.176178,186.889999,176.534988,505.413605,408.769989,177.289993,125.139671,183.617737,266.817841,138.179062,65.215973,156.729797,437.822632,104.586037,471.999298,329.788666,142.886688,856.826111,37.842777,155.211349,59.333946,146.557297,153.651459,838.727844,137.450531,571.915588,43.293404,24.633070,100.280083,459.869995,90.062866,98.801796,244.397293,55.066666,261.556091,94.877579,160.240005,188.990372,34.906670,68.691345,189.390167,103.362282,285.298248,30.566101,106.087296,216.592300,161.119370,159.138992,320.012146
2024-06-13,212.595779,435.689240,183.830002,173.923538,500.705597,405.920013,182.470001,129.547531,185.659760,267.676605,138.217087,65.599541,157.896851,439.799286,103.746933,476.048492,333.372650,141.608078,872.662537,37.698738,155.650574,59.437744,164.538025,153.182526,836.897705,136.931580,568.875671,43.198505,24.624163,99.386604,458.739990,90.543549,98.105858,243.648209,55.037830,252.066879,94.258308,159.899994,186.425934,34.915447,69.565895,189.508270,101.677818,282.853485,30.267992,104.858002,218.363403,161.233780,153.842575,317.704956
2024-06-14,210.859238,436.666016,183.660004,175.542038,501.262360,405.540009,178.009995,131.816452,185.774796,267.153442,138.302582,65.914268,158.257416,439.433594,102.870117,475.876190,332.376038,141.357910,867.841553,37.679539,157.547623,59.480534,170.030838,153.632660,846.503662,135.247482,568.686707,43.350346,24.517298,99.607582,525.309998,89.784050,97.988251,243.532944,55.162766,251.908737,94.461662,159.630005,184.165405,34.818897,69.451828,189.417389,100.903358,282.967194,30.258057,103.439590,214.984848,161.319595,154.030334,312.944672
2024-06-17,215.007126,442.388641,184.059998,175.988861,503.718170,407.320007,187.440002,130.916870,186.925201,267.656830,138.692215,66.307663,158.931107,442.872864,102.163010,470.310120,334.925140,141.932373,874.322266,37.938793,158.566223,59.547096,179.225983,155.817932,858.612610,138.361099,564.660583,43.359837,24.027481,99.386604,518.739990,91.331886,99.507523,243.465729,55.970028,251.197067,94.323021,158.399994,185.115204,34.634579,68.738853,192.523956,101.135689,287.382904,30.784714,103.581436,218.276749,161.596054,161.293106,313.850006
2024-06-18,212.645386,440.385712,182.809998,173.854034,496.619171,407.950012,184.860001,135.514664,188.861740,270.075134,138.407135,66.484688,159.936890,444.849548,103.124687,462.446411,339.112885,142.062088,880.694336,38.399708,160.136200,59.556606,176.643738,156.136795,861.422119,141.621597,565.823669,43.625557,24.410427,99.905403,522.250000,91.120377,99.487915,240.853485,56.748459,254.538055,93.574341,154.630005,186.397430,35.178764,66.961227,193.359634,101.426125,289.950836,30.436920,103.458511,219.239319,162.597122,163.012466,316.517334
2024-06-20,208.070770,439.754272,186.100006,175.055511,498.816559,409.149994,181.570007,130.716980,190.462784,273.233643,140.431198,66.887932,159.092407,447.221527,105.349709,465.782196,338.700836,145.128845,875.290344,38.399708,160.855759,59.128689,169.983765,156.324371,853.201111,139.927704,553.934021,44.337303,24.704313,102.384064,522.950012,91.879883,99.821175,243.744232,56.661964,245.691345,93.537369,161.779999,183.082642,35.319199,68.881462,194.513245,101.716537,293.646454,30.426985,105.274071,219.008286,165.809982,163.042114,320.401520
2024-06-21,205.897598,443.779816,189.080002,178.362015,491.936279,409.619995,183.009995,126.508995,188.190674,271.654388,141.352966,66.789581,159.652222,449.534149,104.425766,463.926910,340.962402,143.868774,873.205933,37.919590,159.229752,59.689735,162.542786,156.887115,839.222473,138.547134,561.280518,44.878239,24.704313,101.567459,533.440002,93.427719,100.242653,249.112778,55.835484,252.017471,93.556099,161.229996,185.713577,35.319199,69.214165,195.376175,102.239319,292.007141,30.894020,105.283524,220.028595,164.418060,162.291138,319.145752
2024-06-24,206.542618,441.697998,185.570007,177.954895,496.042542,413.980011,182.580002,118.053070,190.664093,272.720459,141.704575,67.763252,159.832520,451.619476,107.527611,471.031158,336.247559,147.602615,879.360657,38.428516,161.425812,60.830853,156.529160,157.637405,839.074097,136.970734,562.622620,44.868744,25.256468,101.163948,524.169983,93.418106,99.958397,250.063538,56.710014,253.796692,95.381912,160.250000,184.174911,36.135471,70.202805,196.102859,98.705811,301.473480,30.377298,108.905182,219.836090,166.849136,158.635010,321.248444
2024-06-25,207.465485,444.934204,186.339996,182.730942,507.665344,410.970001,187.350006,126.029243,189.887558,269.986298,139.870544,66.307663,158.314362,450.324768,107.829308,465.763000,324.211365,146.815109,893.685486,37.813969,159.566132,60.707230,155.406494,156.952759,846.345398,136.265747,553.248047,44.963654,24.926958,101.346481,526.880005,91.091537,100.174042,247.182404,54.970562,251.206940,95.541077,160.250000,184.706802,36.056477,69.375786,194.794800,98.328255,302.572693,30.546227,108.734985,209.113312,164.551529,157.834641,318.717377
2024-06-26,211.613388,446.128082,193.610001,182.582016,510.170898,410.260010,196.369995,126.339081,189.273972,270.055389,139.518967,67.163315,158.883652,447.092987,107.867020,465.320831,327.565399,144.489532,890.376038,37.449081,159.939957,60.906925,156.508545,156.380646,847.661072,135.345367,554.888367,44.470165,24.419336,100.760437,528.659973,90.428185,100.154442,247.614532,54.787968,250.663284,95.466187,157.539993,183.405579,36.003815,69.746529,193.868332,98.028145,296.422852,30.347488,107.430046,210.585999,163.855576,158.733841,318.065216
2024-06-27,212.456863,446.808899,197.850006,184.101212,516.573792,407.950012,197.419998,123.930237,190.942093,263.136169,138.549667,66.760078,158.096130,437.575562,108.329010,467.627991,327.249146,144.832367,898.062073,37.689137,157.921417,60.773796,155.983582,155.930450,841.507690,137.254684,547.541809,45.030079,24.757748,100.539497,546.760010,90.553169,100.144638,247.941086,55.181980,248.854385,95.101013,159.470001,183.718994,35.828270,70.079224,194.731247,97.408569,297.247284,30.397173,107.770462,211.567810,162.883118,158.595505,318.775787
2024-06-28,209.003555,440.987579,193.250000,180.864212,501.322021,406.799988,197.880005,123.480469,193.904434,259.069611,138.891800,66.592880,156.483093,436.004150,108.536415,489.565491,329.884460,144.924988,894.446228,38.188450,160.285706,60.526558,157.838669,154.683105,840.884521,138.253403,549.748718,45.087017,24.918049,99.828545,555.539978,72.459846,97.321732,244.743027,57.075207,247.231613,94.876312,162.210007,184.763779,36.196907,67.312935,193.968231,97.185905,296.072296,30.774776,108.158142,212.203079,164.885178,157.083664,324.266235
2024-07-01,215.086517,450.637115,197.199997,181.698273,501.779358,405.190002,209.860001,124.240105,196.962692,259.829620,139.157867,66.366684,154.395615,432.495605,108.385559,475.520508,322.170135,145.017654,903.327698,38.418911,159.211029,60.174709,161.306015,152.769852,836.610779,140.103943,538.535034,45.096512,25.131784,99.146431,560.010010,73.863464,96.096512,240.085175,58.228436,241.947571,94.801399,157.690002,184.830276,36.635769,66.447891,191.615601,96.372726,294.707733,30.645597,108.139252,205.561523,166.934937,157.083664,320.352814
2024-07-02,218.579529,453.153076,200.000000,183.932404,506.571686,407.100006,231.259995,122.610878,200.203049,264.754944,138.768250,66.946945,155.515259,439.453369,107.650185,478.971680,321.001068,145.230759,895.760132,39.302330,155.089890,60.051098,162.945847,153.416962,850.154053,140.289993,530.790894,44.868744,24.784466,99.146431,567.710022,73.103973,96.047493,237.972351,58.593620,237.890549,95.166550,164.309998,188.458511,36.074028,66.989754,193.686630,97.205261,294.480316,30.874147,107.912300,205.696243,169.032349,159.534241,319.067871
2024-07-03,219.849716,454.623230,197.589996,184.508301,507.029022,405.769989,246.389999,128.218170,200.068832,265.505127,138.445160,67.114136,155.448868,442.942078,108.197006,470.944580,319.726501,145.193695,887.254150,39.273525,153.108749,60.222263,169.998550,152.497864,853.418762,141.367050,532.460999,44.688435,24.668692,98.310616,570.150024,72.334854,96.655212,240.094818,58.295700,237.484818,94.960571,163.899994,188.952393,36.091583,68.282562,192.987213,97.524742,293.163177,31.033138,108.526947,205.311249,167.535553,161.065857,321.842255
2024-07-05,224.602905,461.322632,200.000000,189.254578,536.806946,411.170013,251.520004,125.769356,197.417801,266.857361,139.195862,68.884445,156.758286,444.236816,106.886497,469.137299,320.627289,142.970078,903.525269,38.803005,156.295395,60.631153,167.451340,154.176666,876.182251,141.807648,536.924622,44.650154,24.980391,99.934227,578.340027,72.517525,96.047493,241.141617,57.296234,236.742691,95.615997,171.899994,188.809906,36.223248,68.529724,192.787399,97.166550,294.584534,31.818159,106.427711,205.879150,167.812042,158.595505,319.642181
2024-07-08,226.071594,460.020233,199.289993,187.695648,526.277832,409.079987,252.940002,128.138184,197.784149,262.948669,138.245605,68.530380,158.001221,441.024719,105.764557,470.415863,325.437988,142.988586,906.913818,39.004650,155.613220,59.870419,171.634430,152.047668,871.403992,142.003464,533.137024,44.085445,24.873522,98.108864,575.400024,70.229416,95.880104,238.029984,56.710014,238.128006,96.056053,178.690002,191.355377,36.451439,68.548744,192.233276,96.905174,295.134155,33.775742,106.125114,209.017044,169.356491,161.589539,320.333344
2024-07-09,226.924942,453.409668,199.339996,187.645996,526.953857,410.519989,262.329987,131.316696,200.155594,262.001129,139.737518,68.746758,157.185226,440.153778,104.595467,473.078766,323.032623,141.737808,921.238770,39.772839,157.043030,59.613663,170.400635,151.841339,877.349548,137.744217,528.733093,43.836597,24.686502,97.647713,566.020020,69.662193,95.565002,236.080399,57.546104,237.277039,95.194649,177.100006,190.111145,36.249569,68.558243,191.297699,97.882927,299.350891,34.371960,105.141685,208.227737,168.250595,161.194305,317.412903
2024-07-10,231.191940,460.030151,199.789993,189.830460,531.616882,413.790009,263.260010,134.844986,200.319473,259.592682,141.999146,69.248337,158.266891,429.206848,105.519424,481.557678,329.826965,143.729797,928.430847,40.080116,157.127106,59.746799,171.519394,153.426346,874.836731,139.105240,533.713623,44.286442,25.247561,99.002335,564.549988,69.739105,95.486221,240.565369,57.392342,239.661743,96.215225,183.960007,193.397415,36.646549,69.299744,194.831177,97.466667,304.808990,34.650192,106.408783,212.472610,169.547165,163.733795,319.768768
2024-07-11,225.823486,448.634216,195.050003,184.260086,509.753296,418.779999,241.029999,127.338608,199.982071,259.148529,142.255753,68.648407,157.071365,431.958405,106.773354,484.855011,339.036255,143.850235,922.858887,40.147327,158.781189,60.003544,167.710907,153.764008,837.520935,140.175491,539.499329,44.755436,25.523638,100.087944,557.630005,70.556282,95.121872,244.704620,57.815197,243.689117,98.312561,181.940002,189.949677,36.842804,71.010834,195.158173,98.473465,308.049744,33.288830,107.789368,221.145142,169.995270,160.269485,322.348511
2024-07-12,228.770691,447.499542,194.490005,183.763626,496.002808,424.440002,248.229996,129.177750,197.562424,262.297241,142.426788,68.097641,158.086639,435.610687,106.792206,491.747742,344.766815,144.155975,936.946716,39.936081,159.126923,60.574100,167.191818,156.043030,833.870483,142.149124,544.867737,45.348862,25.755182,100.126381,559.049988,70.585136,95.643761,243.840271,54.336288,244.114594,99.202049,181.610001,191.735291,36.958771,72.246635,195.394333,98.047508,313.488831,34.272591,106.985603,225.312958,174.304474,157.389130,326.690216
2024-07-15,232.601074,447.904083,192.720001,185.213287,493.308380,434.420013,252.639999,128.378113,202.488495,264.972107,141.818619,68.461540,156.160477,439.460938,108.621269,495.439240,343.511475,146.425934,938.981873,40.224148,158.466782,60.298332,168.521942,153.679581,839.637939,140.479904,541.477722,45.368004,25.915487,99.440636,565.710022,68.556602,95.387749,241.564178,55.479900,243.649521,98.378098,179.830002,191.630798,36.387844,67.465050,195.948425,98.376656,312.844452,34.242775,108.337822,223.474518,174.352158,157.933517,336.600220
2024-07-16,233.017838,443.523254,193.020004,182.621719,486.975006,438.899994,256.559998,126.299110,205.929962,265.761749,143.500595,68.835266,158.409241,438.995758,109.403809,527.643677,353.726898,146.175797,930.228821,42.375076,159.570175,61.116131,166.516418,154.523666,841.656189,140.028214,552.154480,45.387138,26.271711,99.208839,566.539978,69.998688,96.963272,247.076721,57.892075,249.497589,99.342499,177.550003,196.246826,36.976616,68.349113,198.446381,100.370903,315.677795,34.123535,108.924095,231.944916,177.145523,161.190002,351.017456
2024-07-17,227.123428,437.603333,187.929993,179.742188,459.334717,445.609985,248.500000,117.933128,209.062958,269.167053,148.793594,69.858101,160.771835,446.547729,110.912292,551.109741,356.381409,149.381531,894.653809,42.231033,165.294724,62.009998,153.342972,159.334946,837.214294,136.738861,551.796631,46.439983,26.743711,101.101845,563.090027,70.248642,95.821014,250.658981,58.535965,248.616898,101.411743,159.429993,194.005264,37.494019,67.398499,200.026886,101.639091,318.075134,34.242775,109.765678,233.937378,178.709061,155.063095,348.311188
2024-07-18,222.459488,434.495392,183.750000,176.435699,473.115112,441.820007,249.229996,121.031639,202.421005,265.662994,147.691284,69.651573,159.823029,444.132660,112.005974,542.515503,350.813721,150.067169,838.648376,41.299606,161.399780,61.990990,157.806259,159.785095,830.378235,135.531128,537.441528,45.980564,26.458729,96.649422,556.849976,69.585281,95.308983,249.237595,56.931053,242.224625,100.615875,155.770004,195.534454,37.529705,68.130470,197.719681,100.525787,313.621521,34.650192,110.266853,230.404861,176.583054,157.171387,346.588135
2024-07-19,222.588486,431.278809,183.130005,176.405899,474.049652,434.470001,239.199997,117.873161,202.228195,262.020874,146.997604,69.582726,160.326050,439.154114,109.432091,543.467102,348.207092,147.454376,847.114807,41.193985,162.512619,62.086071,154.689835,158.837860,829.151611,136.051529,531.208374,45.291428,26.690279,98.542427,551.000000,69.892929,94.275040,247.086365,56.921436,240.987717,100.297539,151.580002,189.104370,37.128269,68.444183,194.940155,99.528671,313.924713,32.772106,108.129776,229.586670,174.704895,157.507950,338.410919
2024-07-22,222.241180,437.031067,182.550003,180.387589,484.598694,435.980011,251.509995,123.480469,202.710205,264.241699,146.569977,69.218819,160.602875,443.360657,108.677834,536.930115,348.101746,145.453125,855.512146,40.617844,163.729187,61.591587,158.337082,157.243500,838.342041,137.632385,543.207458,44.812866,26.360771,100.174667,554.820007,71.969528,92.689674,249.256805,56.834949,248.260712,100.391174,155.869995,195.543961,34.871315,69.299744,197.083847,100.458046,318.359406,33.159649,106.210213,231.271149,175.562912,161.100937,340.023712
2024-07-23,223.283127,438.915680,186.410004,180.506760,485.881256,434.010010,246.380005,122.530914,202.758408,261.359528,144.773956,69.484383,159.046982,437.204224,106.924217,533.248291,344.623108,142.766235,867.683289,40.723476,163.295380,61.772270,161.001297,155.949234,842.981812,140.519180,548.993225,44.372589,26.271711,100.367813,546.010010,70.565903,89.548485,243.984344,57.344288,261.411438,102.582146,154.000000,188.335007,34.692898,68.548744,197.456284,101.619728,315.772461,32.742298,104.801262,229.384537,175.515259,170.246735,336.407166
2024-07-24,216.862778,423.178406,180.830002,171.411438,458.618866,432.799988,215.990005,114.194939,201.081024,250.877121,148.508530,69.435204,160.364258,428.028961,108.432701,538.102905,335.701385,143.674240,849.495728,40.512222,166.181213,62.580559,148.781418,157.721817,821.919861,136.257736,571.351013,44.841576,26.699184,103.593666,531.039978,68.345108,88.425934,243.331253,57.123253,262.974854,104.342392,144.630005,188.325531,35.388718,71.685768,194.068146,101.484207,318.018250,31.500175,105.056572,224.074524,175.438995,160.645630,328.460480
2024-07-25,215.820847,412.818481,179.850006,166.099167,450.804047,433.290009,220.250000,112.225891,201.158157,250.452698,151.701431,68.864761,159.314240,425.208130,110.714310,538.035583,338.557098,145.962692,811.272949,40.022507,171.802017,62.827801,146.736572,160.394730,807.209106,135.324936,591.004700,45.214863,26.877298,102.338097,532.150024,68.652740,87.844955,241.496948,57.373123,267.259521,105.990295,138.320007,187.252258,35.638496,69.813065,183.894684,109.848457,316.776978,30.903957,104.990387,227.072922,183.027817,162.991455,336.534210
2024-07-26,216.287231,419.596741,182.500000,165.821167,463.023438,437.660004,219.800003,113.005508,204.599640,256.098572,152.651718,68.628723,161.423782,433.700409,110.620033,547.687317,344.517700,146.240646,794.903137,40.012894,174.621857,63.759720,149.066513,162.017258,809.992920,136.493378,603.570557,45.827427,27.789465,101.642693,542.440002,69.758331,88.553947,242.015564,58.036232,271.039429,106.140114,139.990005,191.849258,35.763393,70.592560,184.158081,110.313126,317.298126,31.152382,104.829628,231.038467,182.808548,168.079086,342.574799
2024-07-29,216.565094,421.037323,183.199997,168.333298,463.033295,438.309998,232.100006,111.536217,203.259674,258.210846,150.675125,68.471382,162.206512,436.788452,109.460373,544.832214,346.587616,145.091766,798.034790,39.455959,171.585098,63.550507,147.680359,162.448685,807.971985,135.806061,600.568237,45.932705,27.744307,101.188759,536.609985,70.710121,90.730125,251.062332,57.267410,268.803131,107.113869,139.750000,191.744766,35.709869,70.668610,182.940918,110.787491,315.080780,30.635660,103.184296,231.938004,182.570206,168.138443,336.759003
2024-07-30,217.120789,417.278107,181.710007,169.087921,460.527893,441.260010,222.619995,103.680008,207.443451,259.691437,153.307404,68.048477,154.350586,442.875671,111.411987,554.041626,348.523376,147.843521,780.667114,39.638409,176.149643,64.358810,141.093628,162.420547,802.493408,133.213882,611.443848,46.076271,28.349407,101.719971,538.710022,71.450386,92.354874,255.883423,57.671036,272.306030,107.394768,138.440002,190.899460,35.718788,70.611572,184.067276,113.149605,315.810394,29.940071,103.931305,233.485519,182.131622,165.772812,334.012360
2024-07-31,220.375610,412.769135,186.979996,170.329086,472.100922,438.500000,232.070007,116.963593,205.139511,262.228119,150.000458,67.507538,153.453308,458.969452,111.807983,553.878296,352.806946,148.677383,794.557373,38.706982,174.772751,63.464924,157.963516,161.942245,814.352051,136.925415,609.734070,46.372990,27.581745,102.318779,551.650024,71.969528,92.256416,254.884613,57.027153,274.176239,107.825478,144.479996,194.838104,36.146980,72.617363,185.983871,113.740143,315.042877,30.546227,105.151131,237.460770,183.180344,168.465088,338.391357
2024-08-01,216.684158,411.545654,184.070007,169.554611,494.879242,431.809998,216.860001,109.157364,200.473724,262.484741,152.765732,68.638573,158.159256,457.682739,110.261757,550.619507,343.626404,141.404266,822.387146,37.929192,178.912872,64.625053,144.534454,164.089951,809.289551,135.020569,618.114441,45.358429,27.681086,106.384872,546.409973,70.998528,91.626205,258.101898,54.663036,277.817688,109.978981,132.539993,184.819427,36.441364,74.518600,185.829453,113.014069,317.942444,28.866879,102.493996,233.446838,180.815994,168.019669,324.042450
2024-08-02,218.172653,403.040649,167.899994,165.483551,485.334442,428.359985,207.669998,107.218307,191.971237,263.126373,155.977676,67.330505,162.349716,457.296692,110.195755,567.019592,340.607819,137.633362,794.744995,36.085548,178.516785,65.927826,141.388580,166.978577,814.431396,130.867126,612.070190,44.659721,27.482397,107.505226,526.169983,71.152351,88.199448,265.727325,51.184124,273.849670,110.316055,132.500000,179.207855,36.548416,75.288589,185.021011,112.723648,316.483185,21.344599,100.016495,232.537659,180.301178,158.646210,313.632660
2024-08-05,207.663925,389.878601,161.020004,158.125854,472.995789,413.720001,198.880005,100.401581,187.883835,253.117706,153.231384,66.474861,160.421524,437.481354,108.206421,547.918152,335.413879,134.029236,765.897583,35.192535,173.867371,64.758179,139.677963,163.227112,794.369751,125.545250,594.514038,42.822033,26.859234,104.916832,509.320007,68.662361,86.436829,257.813812,50.088554,266.497589,106.327370,134.820007,173.213837,35.504684,72.893051,181.405807,111.494186,308.172913,19.983234,98.881775,229.249146,174.762100,156.745773,309.654449
2024-08-06,205.639572,394.279083,161.929993,157.172638,491.250275,422.140015,200.639999,104.199753,193.128036,254.914139,151.064789,66.622398,160.450150,443.717010,107.631310,546.370239,339.151215,132.704330,783.601257,35.451790,175.140564,64.710632,141.486862,161.773422,809.279724,125.888924,598.480652,43.224030,26.479916,105.757088,514.200012,69.700661,88.593330,259.359985,50.319206,266.151215,106.926605,130.179993,178.720306,35.915047,73.168724,180.579224,110.748764,311.707397,19.705000,100.044884,232.760132,178.089355,160.615921,319.077026
2024-08-07,208.209717,393.114838,162.770004,157.818039,486.109955,427.019989,191.759995,98.862335,193.185852,253.196655,150.998230,65.806076,162.292435,445.241241,109.064400,544.188110,328.121185,131.944565,762.815369,35.816681,176.838104,65.100510,133.966202,161.116882,802.760803,123.620735,583.916748,43.185745,26.055443,106.182053,513.619995,69.816025,84.644684,258.697357,50.251938,260.550537,108.368530,128.669998,175.967072,35.932884,73.729576,179.779877,110.506744,296.119659,18.990000,101.113411,223.997162,178.089355,160.477356,318.451477
2024-08-08,211.672928,397.318024,165.800003,160.886246,506.700897,431.540009,198.839996,104.919411,196.714096,256.463776,152.252609,66.543724,163.103790,450.922516,111.148010,544.341919,333.813477,133.871735,835.101624,36.690495,179.563599,65.357269,143.276123,161.660843,831.619812,126.625343,596.512268,43.865307,25.974165,106.008209,530.239990,71.325394,84.644684,260.445221,50.703617,265.824677,108.883492,136.320007,184.790771,36.146980,73.710571,181.505707,111.426414,307.670624,20.490000,102.380524,228.581772,183.628448,163.921860,328.577789
2024-08-09,214.580444,400.603546,166.940002,162.514648,514.794189,431.670013,200.000000,104.699516,198.391479,256.908844,152.632706,66.828926,162.788803,452.110260,112.053093,537.151245,334.101013,134.334991,880.911621,36.757706,179.120361,65.309723,145.753494,161.679626,846.975586,129.669235,592.674927,43.520741,25.784502,104.994110,536.299988,71.469604,84.890862,257.295227,51.090961,265.300232,108.621338,134.270004,183.748749,36.352161,73.634529,180.061447,112.442917,305.585968,19.709999,102.702026,228.098145,184.118912,165.426376,330.630463
2024-08-12,216.110397,401.383026,166.800003,161.144394,512.984558,430.390015,197.490005,108.967468,198.767441,257.037415,151.929504,67.566551,159.228348,451.031433,112.194527,543.428589,331.389038,134.362762,873.699829,36.652081,179.356140,64.824753,146.107391,160.769897,855.535278,130.179794,595.547913,42.936893,25.694191,104.115204,530.929993,71.758018,84.634842,258.783783,50.413105,264.399750,108.696228,136.770004,183.605347,36.155899,73.748604,178.753418,112.878548,303.226532,19.360001,104.797394,223.494232,182.224335,165.169022,328.450775
2024-08-13,219.825989,408.487030,170.229996,163.001205,525.502136,432.410004,207.830002,116.084023,200.454437,257.274780,150.513580,67.005959,159.686523,454.663879,111.119713,552.032532,335.471344,133.556686,897.083923,36.930550,180.346375,65.100510,153.519943,161.660843,856.773682,131.829376,600.657654,43.425026,26.055443,104.540161,535.219971,75.468979,84.290199,259.600067,51.197479,265.893921,110.400337,141.130005,188.566895,36.378922,74.261932,178.698944,113.130241,306.495667,20.469999,103.187759,228.446335,183.676529,166.247940,331.158234
2024-08-14,220.273056,411.298981,170.100006,159.237961,523.732483,438.470001,201.380005,118.023102,202.671646,258.273682,150.599136,67.527222,161.127869,455.455750,112.147377,557.252502,340.828217,134.038498,920.428589,37.266636,182.015625,65.214622,155.024078,162.917618,854.683350,133.145142,598.559998,43.492023,26.082539,106.133751,539.789978,75.488205,84.979492,260.406799,51.962494,265.270569,109.735535,140.750000,186.999084,36.485973,74.157364,179.489182,113.895035,305.813416,19.920000,104.130684,229.848831,184.955612,166.238037,329.975555
2024-08-15,223.253464,416.162109,177.589996,160.161407,534.241760,440.839996,214.139999,122.800789,203.934464,263.871552,151.178802,71.972633,160.287872,463.918335,112.841179,557.194824,345.054382,136.011948,921.615845,37.477882,182.392883,65.281204,163.321381,161.801575,869.187012,134.451050,600.140747,46.449558,25.929005,107.147858,554.159973,79.314537,87.431389,263.979431,52.843704,266.507416,110.381592,147.360001,193.040848,35.718788,73.586998,180.270355,114.582375,308.334015,20.690001,105.940338,232.189484,186.523178,168.207718,337.844025
2024-08-16,224.574783,413.631683,177.059998,161.809677,524.388733,444.510010,216.119995,124.519958,206.267365,264.445190,151.463867,72.444084,160.259262,464.086578,112.308945,555.339600,346.961304,136.447433,912.257019,37.775555,182.864426,65.785187,162.918320,161.895309,862.489990,134.981262,600.429016,47.339691,25.558720,107.205818,553.460022,80.016365,87.933578,267.455963,53.579659,266.497589,110.540771,148.559998,191.702499,36.227276,74.689705,181.293274,114.796494,306.711884,20.870001,105.892708,233.243729,186.359665,167.693039,335.732727
2024-08-19,224.415817,416.656342,178.220001,165.493484,526.238037,448.769989,222.720001,129.937347,207.694092,263.545197,151.691940,72.710388,160.765137,462.206024,112.651100,556.397034,347.929230,137.562302,911.950256,38.092434,185.665375,65.595016,164.874664,163.020798,864.233582,135.423111,604.027649,47.837399,26.010286,108.075050,563.119995,80.064415,89.430321,276.157043,54.664234,268.427124,110.905930,155.279999,191.826767,36.343246,75.431198,181.786484,115.185791,312.942688,21.520000,106.426086,235.236191,187.273315,169.187637,336.876312
2024-08-20,225.031784,419.888519,178.880005,165.999878,523.702698,448.359985,221.100006,127.188675,206.797577,265.097961,152.195572,73.519165,162.664719,464.324127,108.897018,558.194702,351.954041,135.557388,939.809143,37.151405,184.986359,65.975372,163.144440,164.924652,868.047729,136.650497,610.926880,48.086254,26.100603,106.983665,562.250000,80.333611,88.366844,274.313080,54.373722,268.812988,111.402176,156.399994,193.624023,36.441364,75.079453,182.727173,114.796494,313.496094,20.990000,104.625961,232.450623,188.523529,168.257233,335.556763
2024-08-21,224.922501,419.236145,180.110001,164.679276,532.084106,446.600006,223.270004,128.438065,206.874680,265.256195,153.402420,74.209564,162.426071,463.215546,108.203209,555.714539,355.011047,136.147629,941.787720,37.209019,185.344727,66.156052,162.977295,164.324432,873.219177,137.661865,606.582642,48.287254,26.218010,107.582489,565.789978,80.756622,89.331856,278.231476,53.705547,268.258850,112.357216,157.809998,199.197342,36.619781,75.706879,183.960144,114.124947,314.068604,21.410000,104.406906,234.423752,189.658356,169.454895,335.234222
2024-08-22,223.064697,410.745453,176.130005,162.643753,528.872742,449.029999,210.660004,123.680359,208.831604,264.999054,154.276688,74.544922,162.416504,464.027130,109.039566,556.339294,350.123718,136.531754,943.964111,37.679539,185.193817,65.927826,159.595459,164.821487,869.395081,135.580231,600.309753,48.067112,25.992226,108.268211,557.440002,80.189407,88.544090,277.751221,54.189728,265.023163,112.450836,151.699997,194.799881,36.459209,75.022430,182.791122,114.864624,309.660309,20.100000,104.740257,232.431259,188.456207,167.950363,334.637939
2024-08-23,225.359619,411.971130,177.039993,164.450897,524.965332,453.380005,220.320007,129.307632,210.451126,264.504517,155.968185,74.663269,161.481064,461.671509,110.550720,561.905334,359.927094,138.302414,942.549438,38.188450,186.306686,66.365257,163.547470,164.943405,871.029785,136.670151,602.556396,48.564816,26.100603,108.838051,558.299988,80.804688,89.174301,278.048950,54.906326,266.655884,112.497658,154.979996,200.640900,36.762520,75.725876,184.928299,115.351250,313.734619,20.540001,106.102242,241.871292,188.590851,169.474670,340.551483
2024-08-26,225.697403,408.709290,175.500000,164.987091,518.124878,454.489990,213.210007,126.399055,211.280151,265.266083,156.424301,74.988754,162.607452,463.849060,112.917213,564.424011,358.508789,139.126892,940.363098,38.332493,186.202942,67.363716,156.921432,165.037201,884.206055,136.385376,602.029602,48.612679,26.118662,108.847694,559.440002,81.025795,90.375633,277.242249,54.925686,265.260651,113.527588,149.990005,199.082657,37.012299,76.657478,186.179520,115.526436,311.807190,20.129999,108.159531,242.287186,190.398865,169.474670,343.239502
2024-08-27,226.541870,409.055267,173.119995,163.517532,516.116516,460.630005,209.210007,128.238174,212.253799,267.748535,156.022156,75.087387,161.557434,470.134094,111.843254,564.635498,357.617615,137.674713,944.270874,38.092434,184.769440,67.991333,158.661514,164.408829,900.443604,135.972977,606.811279,48.536102,26.028353,109.234024,567.820007,81.996819,89.509102,278.164246,54.480236,266.002808,114.613716,150.500000,201.415222,36.976616,75.678352,188.243622,116.295319,311.950317,20.070000,107.083267,240.420456,191.120117,169.247025,343.200378
2024-08-28,225.011917,405.852692,170.800003,161.700455,513.809814,464.589996,205.750000,125.549469,213.323837,266.235321,156.950928,75.038086,161.376068,466.976715,110.740791,565.779419,357.148041,136.784698,938.790161,38.361298,184.279037,68.229080,155.505798,163.114563,879.787415,135.383865,609.535278,47.712967,25.965130,109.040871,560.539978,79.593346,88.120682,275.676819,55.264610,263.271729,114.763519,146.360001,198.595108,37.012299,75.488220,187.229843,117.609215,314.393036,19.610001,106.816574,240.778336,190.860474,170.118073,340.346252
2024-08-29,228.290390,408.343597,172.119995,160.638000,515.241455,468.369995,206.279999,117.533325,214.210739,271.309052,157.247711,75.373413,162.301971,475.884735,112.270935,568.692322,353.889313,138.115082,930.143616,38.572548,184.071548,68.514359,154.276917,161.398254,878.380737,136.895966,608.083740,48.229824,25.938038,108.905655,569.630005,80.045181,88.435776,276.454712,55.535755,264.221680,114.744797,145.490005,201.797638,36.798203,76.077606,189.522263,119.020462,315.843384,20.129999,108.931007,238.679474,191.283615,171.810623,343.708679
2024-08-30,227.505539,412.317108,178.500000,162.226700,518.313721,475.920013,214.110001,119.312469,216.707489,273.336517,158.808411,76.172325,163.743347,478.398712,112.090370,567.375366,355.277649,138.611633,949.751587,39.129482,185.137238,68.913734,160.067337,162.139175,884.077271,138.732101,611.453857,48.373394,26.199945,109.398224,574.409973,80.102875,88.997055,277.223022,56.620331,266.487671,115.437660,148.559998,204.904541,37.271004,77.029587,189.887589,120.042381,318.534180,22.040001,108.378586,240.352753,194.389954,172.840027,348.068085
2024-09-03,221.316208,404.706146,176.250000,156.249207,508.818695,476.829987,210.600006,107.947945,212.369476,275.482758,160.053162,76.113144,166.587906,477.191223,109.742859,575.527405,351.652557,135.529266,946.298950,39.081478,186.438705,69.427246,150.206909,166.509644,870.395691,136.974518,602.864624,47.913971,25.558720,110.740715,571.039978,78.528831,87.766174,275.803070,56.523491,261.460876,117.703537,136.940002,192.945282,38.296890,76.474663,187.101959,117.755219,315.366272,20.100000,104.625961,237.412430,193.572495,162.536133,332.565735
2024-09-04,219.408722,404.172333,173.330002,155.345627,509.793091,478.570007,219.410004,106.158813,211.434418,277.411255,160.244659,76.182182,167.905197,478.200806,108.402794,580.814758,351.585083,133.102768,936.188232,38.889423,185.797424,68.999329,151.514420,167.428787,881.739258,138.201904,608.302551,47.569405,25.640001,110.489601,575.250000,78.239113,87.884346,278.227631,56.281403,261.718170,118.546219,140.869995,195.019745,37.003376,77.574951,187.723038,117.872009,315.490326,19.430000,103.397301,237.402740,196.294144,164.664230,329.154541
2024-09-05,220.928741,403.668243,177.889999,156.130066,513.889343,464.920013,230.169998,107.158333,209.795609,275.561798,157.975433,75.906021,167.494736,472.479889,107.556938,572.460693,348.866272,132.034683,902.987244,38.543743,181.883591,67.677528,150.236389,168.160309,877.736755,140.028214,603.311951,47.023838,25.748377,109.234024,567.929993,78.055649,87.293526,278.169678,55.061256,261.935852,117.207291,139.440002,192.677597,36.851727,76.857368,185.384949,116.441307,309.498077,19.400000,102.340080,236.106689,194.832321,162.179810,326.036438
2024-09-06,219.378922,397.055634,171.389999,149.854660,497.394684,459.420013,210.729996,102.780441,204.811722,276.303558,157.391357,75.590401,167.609283,471.252563,107.053230,573.796936,347.130829,129.814285,893.054626,37.461269,182.392883,67.649002,134.683853,167.588577,868.523315,139.242722,607.735840,46.420849,25.793533,109.968048,563.409973,77.862511,86.594391,279.657318,52.291729,263.410278,117.797165,134.350006,188.758057,36.709000,76.522507,180.955368,115.273384,305.872192,18.889999,100.978096,235.816513,193.053177,159.586502,321.931152
2024-09-09,219.468353,401.029114,175.399994,147.856201,501.888733,459.609985,216.270004,106.418694,209.005127,282.475098,159.526566,76.280807,168.057892,482.110413,109.305679,571.124451,352.404602,131.444473,898.555176,38.147484,185.240967,68.324165,138.439285,168.391846,888.148926,137.357452,616.772339,46.612274,26.561199,112.450211,569.880005,76.761635,86.988266,281.376709,52.863068,270.227997,119.332718,138.149994,192.314316,38.118477,77.680206,183.722702,117.920677,310.986603,19.070000,100.578079,236.706345,195.736343,163.664536,326.505615
2024-09-10,218.673538,409.411072,179.550003,147.806488,501.888733,458.920013,226.169998,108.047890,198.160095,282.208069,160.263824,77.730682,169.709290,483.030914,105.323502,575.863831,357.562622,129.505127,891.610229,37.963848,188.004227,68.038887,145.704330,168.032715,885.969421,153.067795,620.540161,46.698410,26.859234,113.106964,574.479980,75.409691,87.047356,281.357391,52.243317,271.840942,118.677299,142.839996,191.004623,38.939190,78.742218,183.530914,117.083664,313.858704,18.980000,99.054161,239.269501,197.457794,165.277908,326.622925
2024-09-11,221.206924,418.148865,184.520004,150.292130,508.888275,453.100006,228.130005,116.853661,199.769989,280.843201,157.812668,77.760269,166.015167,483.189270,104.278053,566.942688,357.196228,129.177231,911.040161,37.693233,183.515121,67.591957,155.594254,166.114365,892.022583,154.334442,614.823975,47.004696,26.786983,112.614403,580.380005,75.709045,86.968582,280.352783,52.030277,269.129700,117.282204,149.860001,193.499741,39.072998,79.823357,186.353058,116.071472,314.860565,19.639999,97.692169,239.269501,201.852798,164.654343,327.444000
2024-09-12,221.316208,422.063080,187.000000,153.801880,522.579102,450.869995,229.809998,119.092773,199.162674,282.237732,157.640289,78.569046,165.585632,487.079102,105.713165,565.664124,360.994904,130.423279,925.019043,37.480602,182.977585,67.734589,161.777924,167.503540,906.516541,158.458420,610.549194,47.483261,26.335415,112.836540,586.549988,75.709045,87.933578,282.400604,49.938602,269.634308,116.711052,150.770004,187.352783,39.126526,79.852058,186.928467,116.889008,314.936920,19.360001,98.006470,243.786362,203.506943,167.970169,331.920654
2024-09-13,221.047958,425.611572,186.490005,156.555969,521.604797,447.609985,230.289993,119.052780,196.964752,284.196014,158.482880,79.496170,166.167923,488.316315,105.637123,571.335999,366.355377,131.734894,913.830017,37.354954,183.156784,68.371307,164.855011,167.607468,907.477478,159.096664,607.962830,47.665115,26.434761,112.421234,536.869995,76.298111,89.164459,286.438385,51.110329,271.375854,117.619270,152.309998,191.128891,39.635002,80.990631,186.453522,115.935226,317.217407,19.660000,98.577934,247.036224,206.565155,176.462708,337.521423
2024-09-16,214.908279,426.352905,184.889999,157.152527,530.720825,451.779999,226.779999,116.733696,200.377319,287.291656,159.890396,79.456718,169.184296,492.621826,107.119759,568.364502,368.302887,133.121475,913.661804,37.789883,184.590256,69.031929,161.247055,167.465729,899.423096,167.246399,610.927246,48.842384,27.157267,113.609184,521.500000,77.060989,90.444565,286.592926,52.088375,273.137238,117.946983,152.080002,189.733170,40.143490,80.981056,186.937607,116.013069,319.898651,20.910000,100.530449,248.225891,208.844421,179.590500,340.111603
2024-09-17,215.375198,430.118866,186.880005,158.405289,533.746216,456.679993,227.869995,115.544174,201.717270,288.359802,159.966995,77.523560,167.886108,495.868317,108.516853,557.578857,369.488770,134.358185,896.487549,38.224800,182.440033,68.744698,159.723267,167.144424,888.921814,164.438171,607.286438,48.440392,26.940517,114.092087,515.030029,77.872162,91.439110,283.752991,52.785599,269.614502,115.381493,150.820007,192.524628,39.322784,81.296799,186.535706,115.555649,317.551361,21.469999,103.140144,248.303253,205.930420,178.491821,345.712402
2024-09-18,219.249771,425.829010,186.429993,158.892471,535.368408,456.600006,227.199997,113.325050,200.059189,285.313629,159.086105,77.947685,166.015167,489.701996,108.897018,560.174011,370.231171,134.873474,895.290344,38.292458,181.959045,68.696831,158.936768,165.575699,884.216003,161.551392,606.918335,48.402107,26.868265,110.953186,508.130005,78.123245,92.148087,282.091522,52.543503,269.050507,113.256058,148.289993,191.874588,39.144367,80.636620,184.161102,114.884087,317.665894,20.770000,103.454460,248.216217,206.709412,181.679001,347.110168
2024-09-19,227.376389,433.617920,189.869995,161.209091,556.416931,459.709991,243.919998,117.823273,202.903000,282.109192,157.812668,76.971237,163.743347,487.969879,110.246574,556.720215,376.333984,135.838455,905.252686,39.500568,182.600342,67.614914,165.130905,165.055954,892.359436,164.555984,616.995117,49.234814,26.786983,110.248146,526.440002,78.200500,92.020081,283.849609,54.034794,273.533020,112.113762,156.740005,198.461273,39.197887,78.732643,186.042542,115.643227,320.557037,21.139999,105.292671,252.442947,205.699615,184.262405,364.889923
2024-09-20,226.710754,430.237488,191.600006,162.650787,558.656128,455.309998,238.250000,115.954018,203.491028,281.644287,157.180710,77.977257,166.301544,487.702637,109.552788,554.723206,375.871246,136.484894,911.633789,38.920677,182.458893,68.591499,168.760605,161.767288,898.541260,164.958557,610.469666,49.742088,26.570230,109.813522,522.299988,83.550339,92.315491,286.728119,54.509293,269.772858,113.096893,155.949997,194.350540,39.545807,79.182320,185.722885,114.991150,321.921509,21.840000,104.645012,251.611160,209.363754,185.519440,360.501129
2024-09-23,224.992050,428.497803,193.880005,160.920761,561.701355,454.980011,250.000000,116.213913,203.828430,285.461975,156.280655,79.229866,165.871979,492.057709,111.539124,553.189270,377.895874,138.227493,908.695557,38.534077,182.798401,68.677681,170.575439,162.646164,908.547424,162.945694,607.147034,49.952652,26.470884,110.885582,527.869995,83.241325,91.547424,288.882294,53.366623,270.287384,113.377785,156.750000,194.876343,39.483353,81.153282,186.106461,117.054466,320.232605,22.559999,104.473572,253.690643,212.056488,186.746796,362.798126
2024-09-24,225.886169,424.208038,193.960007,161.358231,560.626709,454.559998,254.270004,120.822090,203.973038,269.785950,155.859375,79.565216,165.366104,482.427155,111.244499,554.906494,386.283722,138.143158,914.542297,38.128151,182.496597,68.294693,172.449478,160.576584,893.151978,162.798416,608.669128,50.268509,26.642481,109.465820,524.070007,84.458084,92.256416,290.051056,52.446671,271.326416,113.490135,158.320007,195.918350,39.840183,80.646179,187.476440,116.830612,315.757538,22.809999,103.730667,257.317719,212.508499,187.726746,377.225220
2024-09-25,224.892700,427.113922,192.529999,160.562836,565.582703,452.359985,257.019989,123.461037,202.623444,266.670502,153.772049,80.285225,164.430603,484.446320,109.077583,555.987000,382.687561,134.882828,914.670959,37.934853,180.374649,68.409584,173.120163,160.085175,899.967896,163.269714,596.632629,50.392933,26.127695,108.760780,517.900024,84.979538,92.482887,290.244263,51.914070,265.072662,113.939568,162.020004,196.033066,39.742058,80.961914,188.855560,117.667625,298.524994,23.540001,100.701897,256.282806,212.758560,187.400101,369.718475
2024-09-26,226.035187,426.323242,191.160004,161.795700,565.115051,454.179993,254.220001,123.990829,202.228195,268.707886,154.528488,78.825493,165.337448,486.247711,107.205299,554.539917,382.465820,133.027817,899.593933,38.195808,180.978241,68.361710,175.655014,160.359253,893.052917,165.056747,616.080078,50.584362,26.163820,108.876686,515.380005,86.321823,93.743301,293.316071,54.606125,274.027740,114.422447,167.490005,200.048187,39.804501,79.852058,189.083878,117.103119,304.479095,23.920000,97.444527,256.901794,214.874313,182.979004,382.141754
2024-09-27,226.303406,423.071320,187.970001,163.008698,564.637268,457.470001,260.459991,121.351875,202.922287,272.149719,154.538040,78.687393,165.662003,488.593384,110.075508,561.331604,385.194244,136.306870,868.401123,38.079830,183.703766,68.735130,170.328842,160.652176,877.380066,165.685196,611.195801,50.747074,26.272198,108.586929,515.479980,86.370125,94.540916,293.354706,54.131630,272.819427,114.204681,164.350006,199.933456,40.045357,80.885376,189.631866,117.171257,307.885529,23.910000,99.739922,258.381653,212.383484,183.762115,382.259033
2024-09-30,231.479431,425.324921,186.330002,164.897797,569.692932,460.260010,261.630005,121.391861,203.269318,271.932068,155.169983,79.644112,165.327911,488.751801,111.406075,564.061890,390.660828,137.974533,876.463989,38.350445,186.240677,68.802147,170.141464,160.699417,878.271851,167.315094,615.324097,50.938499,26.136728,110.112923,517.780029,85.365814,94.718163,294.146820,54.702965,275.374847,114.943192,164.080002,197.476608,40.063206,80.875809,188.791611,117.920677,307.446594,23.459999,100.273293,261.970001,212.614304,186.934189,382.298187
2024-10-01,224.733734,415.826050,185.130005,166.031250,573.703552,457.410004,258.019989,116.953621,199.586838,274.553040,155.102966,80.156982,165.175171,491.305420,113.981667,562.730530,394.372620,140.251160,875.019531,37.905857,185.750259,68.658531,165.180222,161.956329,869.216797,164.133759,609.723572,50.479076,25.892879,109.678314,502.799988,86.070755,92.610909,292.668915,53.637760,271.947815,114.176277,159.750000,192.725372,40.330826,81.583824,188.207092,121.064316,305.643219,22.690001,104.168785,263.701294,210.950562,184.674103,383.539490
2024-10-02,225.300018,412.307190,184.759995,164.907761,570.061096,456.670013,249.020004,118.802887,199.827805,273.959625,154.317825,79.328491,164.106094,490.503723,115.492798,571.422791,396.503387,141.422256,881.539062,37.915524,185.618240,67.988304,168.326630,160.226929,870.356140,164.673828,609.504700,50.749126,25.838694,109.755577,505.809998,80.247726,92.709366,293.422394,53.550613,271.303925,113.238930,159.779999,194.474838,40.188095,81.736900,186.206940,120.723671,305.080261,22.389999,105.111702,262.946838,211.315994,184.812866,385.162079
2024-10-03,224.197266,411.723999,181.960007,164.907761,579.973267,452.959991,240.660004,122.801300,197.841995,273.821136,153.676315,79.328491,162.387894,489.909821,116.500221,571.847351,396.811859,141.703308,876.078186,37.934853,184.326187,67.519165,169.539810,159.263031,867.522705,163.839218,597.766602,50.565884,25.594845,108.393784,503.799988,79.282043,92.197319,293.122925,53.240734,267.946167,112.083801,162.850006,192.792313,39.715294,81.373337,185.293594,120.363564,302.933350,22.260000,107.073738,261.350983,214.191498,182.285110,382.268799
2024-10-04,225.319901,411.249573,186.509995,166.100830,593.080078,461.970001,250.080002,124.870476,204.864136,274.879425,153.475250,79.831512,161.204254,492.611969,118.638626,570.351990,393.707397,141.225525,877.670837,38.766037,183.232224,67.184067,174.224854,158.733826,874.893494,167.766785,595.468811,50.874504,25.811598,108.789749,507.220001,79.426903,93.694069,293.422394,55.158092,267.460907,112.765518,170.899994,193.786530,39.411991,80.225204,186.115585,121.570419,305.013428,22.590000,109.092926,258.981293,217.345917,185.447281,388.133484
2024-10-07,220.243256,404.804993,180.800003,162.044266,581.973694,453.500000,240.830002,127.669365,204.582840,270.784882,152.747559,78.016716,159.524231,486.277374,119.151833,562.981323,393.418182,141.581528,888.790710,38.621067,182.590927,66.073418,172.686172,158.015594,865.462097,166.892899,595.707520,50.643032,26.371542,109.485153,487.299988,78.055649,90.976295,290.611389,55.351768,266.232727,112.585625,170.970001,192.409912,39.108681,76.819107,185.704590,121.706673,302.904663,22.379999,109.264359,259.735748,218.422989,184.337051,389.267365
2024-10-08,224.296616,409.915161,182.720001,163.436249,590.044678,453.799988,244.500000,132.837311,204.408249,271.942017,152.900787,78.618355,160.516983,491.978455,115.987007,561.071228,399.318573,139.361130,903.946838,38.592064,182.025055,66.236183,178.258942,161.049088,882.135437,171.213242,592.325378,50.855217,26.353481,110.711739,496.239990,77.997696,91.094467,291.625641,55.487339,266.252472,112.481483,172.800003,193.308533,39.260330,77.020035,189.056473,120.198112,303.124115,23.320000,105.530777,264.310638,219.865570,185.833878,379.209442
2024-10-09,228.042023,412.633362,185.169998,160.930710,587.676147,455.899994,241.050003,132.597412,206.997925,273.890350,153.819931,79.298912,161.576508,495.496857,116.034515,570.371216,401.140778,140.204300,909.902466,38.843357,183.666046,66.609589,183.407562,163.052505,900.641602,175.062256,596.105408,51.655708,27.265646,111.986618,494.079987,79.620041,92.167786,293.489929,55.719749,266.668488,113.788071,171.020004,195.947037,39.349537,77.096565,195.175674,120.636078,307.637421,23.459999,105.692688,268.092438,225.328079,187.628052,387.253815
2024-10-10,227.545242,411.032135,186.649994,161.149460,581.028259,454.929993,238.770004,134.756546,206.435379,274.424438,153.685883,78.519722,161.271072,493.584015,117.032448,576.622803,395.249969,141.113083,900.949219,38.630730,183.288818,66.303207,183.151138,163.477798,885.315674,172.621689,590.674011,51.636417,26.497980,111.667892,503.570007,79.282043,91.567123,293.692810,55.923103,263.914948,113.040092,164.179993,193.557114,38.912849,77.441002,195.084366,119.653076,306.301544,23.219999,106.540375,264.252655,224.097076,186.478195,387.693634
2024-10-11,226.065018,411.506622,188.820007,162.302780,587.118896,460.209991,217.800003,134.746567,215.601013,274.790405,154.595505,79.003014,163.313797,497.786316,117.479141,576.960327,397.120392,141.862579,922.090698,40.544384,183.137894,66.609589,178.998672,165.197708,880.758423,172.975983,593.787598,52.321171,26.335415,112.150803,495.420013,79.330338,92.689674,294.658783,59.060608,267.757996,113.712334,167.889999,196.080872,38.958149,78.321220,197.267181,120.616608,313.305267,23.559999,105.235527,266.719025,224.327896,189.491684,392.952271
2024-10-14,229.790543,414.294006,187.539993,164.012909,587.586548,459.980011,219.160004,138.015274,214.815384,277.599243,154.729553,79.190422,164.669250,502.147095,117.925835,584.051208,400.514130,142.199875,919.567932,40.505726,184.514816,67.346825,179.817322,166.416763,881.481567,173.320419,600.621582,52.340462,26.263165,113.242172,509.649994,78.799217,93.516823,299.295380,60.193596,268.976349,113.693398,165.270004,199.474609,39.130287,79.325844,198.737640,121.307625,309.746155,23.440001,104.264023,271.526093,226.251312,190.948853,385.064392
2024-10-15,232.323898,413.898621,187.690002,164.510056,583.456543,462.679993,219.570007,131.547836,215.697998,276.224457,157.123245,80.531784,165.681091,502.712036,114.380829,536.672974,400.668335,138.405502,903.551147,40.728020,182.385422,67.346825,173.573883,166.227753,886.286499,171.322678,597.368774,52.157215,26.588297,112.611435,508.029999,79.301369,92.778297,302.676331,61.036076,270.085663,114.015312,156.639999,191.042862,39.628590,79.211029,198.436234,121.687202,310.194672,22.660000,100.206619,272.589966,224.039398,188.906830,379.238770
2024-10-16,230.267380,411.308899,186.889999,164.211761,574.021973,465.690002,221.330002,135.666214,216.910385,284.364105,157.295609,80.107681,164.545181,509.491119,114.675453,551.192383,403.589600,139.342377,906.617920,41.365902,181.054565,67.567032,174.402405,164.885834,879.123718,171.991882,588.445801,54.375439,26.796015,114.328979,502.540009,81.058907,95.269585,302.270630,61.868866,265.479889,114.460320,156.130005,191.855453,39.782612,80.741859,199.979736,122.845390,306.893188,22.309999,100.159004,274.737183,224.722183,190.502747,384.741760
2024-10-17,230.634979,411.901947,187.529999,161.994553,574.161316,465.850006,220.889999,136.875717,217.666916,287.202667,157.477539,79.782188,164.449722,509.183899,114.380829,546.069580,400.687653,141.656464,907.310425,41.172607,179.257904,66.925545,179.047974,165.065399,877.053101,172.887390,596.105408,54.394733,26.434761,114.396919,496.829987,80.537430,95.062805,303.990021,62.343365,269.392365,113.750206,156.250000,189.570663,39.728249,80.158226,200.518600,122.387955,306.606903,22.440001,101.101921,272.087006,223.962463,190.938919,385.592163
2024-10-18,233.466370,413.325287,188.990005,162.481735,573.703552,464.799988,220.699997,137.945297,218.588348,287.430145,158.099899,80.196442,164.456436,511.740967,114.057701,549.523254,400.109161,141.234879,908.151306,40.901985,179.533569,67.442574,177.430405,165.433945,881.283508,171.913162,598.552551,54.741932,26.389605,115.852478,494.899994,80.073906,95.791473,305.786682,62.324001,271.769470,113.816483,155.970001,189.733170,39.855095,80.732292,202.774475,122.553406,306.921814,22.770000,100.644745,272.406281,223.308487,190.929016,384.976318
2024-10-21,234.936722,413.938110,189.070007,163.128021,572.399841,464.160004,218.850006,143.653030,216.289658,283.701447,155.907242,79.703293,162.785736,510.422729,114.124222,551.317627,391.817749,141.356659,896.438110,40.360744,177.328140,66.494698,177.529053,165.386703,878.519409,170.997910,592.245728,54.577976,26.127695,113.523590,497.709991,78.683342,95.141579,304.173553,61.994751,269.501251,112.632965,157.899994,187.152023,39.592354,80.397423,202.299561,122.533943,302.227203,22.840000,99.997078,267.763580,222.875732,192.534866,383.043915
2024-10-22,234.320786,422.567200,189.699997,164.191864,579.216980,461.450012,217.970001,143.533096,217.375946,281.664124,156.500885,80.896713,162.939392,508.450470,114.713463,549.764465,387.431000,141.394150,899.425781,40.882656,179.438507,66.494698,176.927383,164.781876,885.176880,172.523285,583.302917,54.587616,26.046413,112.679359,493.109985,78.625381,95.259735,303.980377,62.759758,258.794098,124.420799,154.089996,185.431259,37.599144,80.081696,203.075867,122.173836,305.013428,22.400000,100.006615,263.295105,223.356583,175.118210,381.062347
2024-10-23,229.254044,419.690857,184.710007,161.845413,560.984924,460.609985,213.649994,139.504669,216.687317,280.645386,158.808411,82.129601,162.824173,509.154144,114.304794,544.728577,385.300385,140.981918,893.588806,40.921318,178.601974,65.115967,171.137650,163.439972,890.804016,170.348419,573.464783,54.278996,26.064478,113.542992,485.029999,77.302414,94.767387,288.408997,62.517670,253.564346,124.420799,152.910004,192.859222,38.831306,81.287216,201.240128,123.808922,300.471497,21.980000,99.539902,262.362579,223.837433,180.104309,378.384399
2024-10-24,229.065292,419.819366,186.380005,161.785767,565.055298,457.769989,260.480011,140.354340,218.210068,280.111359,156.711533,81.902763,162.862549,506.071838,113.658524,541.033569,388.231262,140.953827,881.786438,41.220932,180.284561,64.436172,169.007187,162.693436,885.107544,171.608093,554.455078,53.970371,25.865788,113.086922,482.869995,76.327080,93.940247,291.316528,63.360153,245.640472,125.736893,153.440002,197.514832,37.925304,79.230164,190.974457,121.823448,301.225342,22.340000,99.406563,263.576782,210.027313,178.171341,379.688995
2024-10-25,229.899826,423.199768,187.830002,164.321136,570.498962,454.010010,269.190002,141.483887,215.620392,278.637695,154.040161,81.380020,161.518341,502.840881,113.563484,544.651428,384.596497,141.291077,883.151672,40.486393,178.573486,64.072342,170.634628,162.343735,882.928040,170.761749,551.470886,53.758194,25.694191,110.835655,483.720001,76.143600,93.575897,282.651764,62.488625,243.055298,122.953247,156.229996,197.820740,37.490425,77.909836,189.969772,121.813728,302.456268,22.680000,99.587532,259.963501,206.449738,177.536942,378.619720
2024-10-28,231.876816,421.657837,188.389999,165.762817,575.385437,458.489990,262.510010,140.464310,218.714432,281.070679,154.729553,81.616714,162.555328,503.683289,113.002754,545.307373,388.433716,141.038132,886.010864,41.191933,180.313095,63.832985,169.668015,160.500977,882.670471,169.679245,549.640503,53.314548,26.064478,110.690109,481.040009,76.201546,94.727997,286.689545,63.534458,241.797394,123.559189,159.919998,196.769165,37.707867,79.287575,188.234482,122.076508,302.637543,22.920000,98.349365,260.283997,204.757172,173.829559,383.171387
2024-10-29,232.145050,426.955872,190.830002,168.705795,590.432922,454.619995,259.519989,141.194000,216.192657,278.786041,153.283752,80.581108,160.510162,501.770447,111.463081,542.307068,380.894257,139.145645,893.915283,41.104950,180.094437,62.770222,176.789291,158.289642,878.737305,170.673172,544.895569,53.700329,25.703222,110.039955,485.390015,75.709045,94.659073,284.960449,63.234264,240.380997,124.572289,166.250000,202.046188,37.445126,76.120651,188.124893,119.507088,301.521118,22.900000,97.454056,255.427414,202.372116,172.531006,380.130463
2024-10-30,228.598373,427.529144,192.729996,173.458359,588.959961,454.959991,257.549988,139.284760,217.657227,286.975159,153.781647,80.275352,159.540421,509.114532,110.902359,543.107910,378.435760,138.705307,837.772339,40.892326,191.549393,63.114906,174.224854,157.070572,870.910828,171.785217,547.730652,53.613529,25.757412,111.058838,486.679993,73.825974,93.625145,281.598846,63.340790,240.014526,125.083565,148.600006,198.776749,37.399822,75.670967,186.499207,118.601952,301.082214,22.299999,98.082672,253.892731,197.053864,173.115829,372.017914
2024-10-31,224.435699,401.651855,186.399994,170.127579,564.856201,450.920013,249.850006,132.707382,215.242142,286.668549,153.063522,80.827675,158.599457,495.140045,110.987885,544.593445,379.621643,139.426697,820.864990,40.418736,193.802338,62.530861,167.448807,156.947723,866.046631,165.172028,543.453186,52.822681,25.558720,110.010849,478.079987,74.482643,94.727997,282.168793,62.866287,243.322739,125.642189,144.070007,195.495377,38.169922,75.824059,187.850906,117.755219,305.490509,21.520000,104.330704,254.320114,198.804184,170.280807,369.035828
2024-11-01,221.455307,405.625336,197.929993,170.306549,564.438171,452.140015,248.979996,135.346329,216.231461,287.548767,153.322052,81.064392,158.522659,503.554443,109.248657,547.545593,378.503235,143.408447,810.170715,40.360744,193.498138,62.243629,166.610413,156.484680,870.302307,167.317398,554.992310,53.526730,25.369062,115.085876,482.799988,75.380714,94.343964,285.163330,62.633869,245.402740,123.701210,141.860001,197.188980,37.472301,74.006195,191.056641,115.575111,304.593597,23.200001,102.711540,254.426956,200.275604,170.201508,372.400482
2024-11-04,220.561157,403.737396,195.779999,168.268341,557.989319,442.290009,242.839996,135.996063,213.166534,288.646637,151.512390,81.320824,158.503433,501.076691,112.727127,538.100891,381.376373,144.251633,797.517456,39.945160,190.570251,62.339378,166.245468,157.193451,878.992371,166.894211,552.555115,53.844997,25.071028,114.164024,481.350006,74.540588,94.324280,282.883636,61.684879,244.828278,123.398232,140.710007,195.976517,37.200504,74.982109,189.549667,114.845146,302.389435,22.520000,103.683044,257.379761,198.419510,170.260971,369.349701
2024-11-05,221.991776,406.702698,199.500000,168.765472,569.682922,445.059998,251.440002,139.854538,214.825073,290.070831,151.617737,82.533981,159.156357,501.056915,113.059769,547.034363,385.734161,143.726974,797.438354,40.476730,191.720490,62.588314,171.522308,158.620392,883.059509,169.049377,557.847107,54.163265,25.278749,114.241661,486.420013,75.303467,95.151421,287.201508,62.043171,247.690796,125.159317,141.660004,194.821808,37.381699,75.249992,190.682159,115.798950,304.660400,23.320000,104.016396,261.459290,199.621643,173.730438,376.069244
2024-11-06,221.266525,415.321960,207.089996,175.496582,569.304688,468.899994,288.529999,145.552292,239.625656,304.025940,151.167709,82.297279,154.633972,516.488159,114.998589,575.648376,374.434692,147.764954,768.075928,43.888447,191.264191,60.989372,177.095062,155.653046,892.067078,178.359024,556.742981,55.812462,24.709772,113.339211,504.829987,72.734764,97.376846,283.994476,70.177437,245.402740,118.645226,145.100006,206.859818,37.291103,71.298531,197.641663,118.339172,307.045837,25.049999,108.226196,254.222992,205.420731,179.182404,408.941132
2024-11-07,225.995453,420.511230,210.050003,179.712265,588.860474,460.130005,296.910004,148.820999,229.267044,302.443512,150.066589,82.701645,156.899979,513.267212,115.141159,584.099487,385.107513,146.874924,788.920532,43.269901,190.608276,60.951077,181.296814,154.982101,906.629761,183.407471,552.973022,56.014999,24.800087,111.883667,500.920013,73.314171,97.416229,284.632019,67.611275,243.758545,117.196609,149.820007,209.332870,36.756557,71.394211,198.646301,116.869545,307.160339,26.230000,107.054703,258.661896,205.507278,177.289093,400.436218
2024-11-08,225.726929,417.654694,208.179993,177.326035,586.511841,463.410004,321.220001,147.571472,229.848969,304.490753,148.860153,83.668243,161.028656,520.085876,115.103142,594.094116,391.335724,147.024796,822.645813,43.617832,189.648148,61.200016,181.129135,156.031067,936.261230,186.241699,548.844666,55.995712,24.506594,113.135437,494.679993,73.275536,97.504845,288.795349,68.215118,243.055298,119.525772,147.949997,211.979111,36.675022,73.642624,200.463791,120.246773,310.375885,26.200001,107.025917,263.324249,205.536118,183.197098,385.878845
2024-11-11,223.011765,413.177032,206.839996,179.314560,580.371399,467.359985,350.000000,145.202408,232.089462,307.507324,148.448425,83.056732,159.415604,525.398193,114.494873,603.201233,393.639954,146.621964,823.536255,44.536003,165.816162,60.663841,176.463837,155.227783,925.428467,186.123596,544.050049,56.545448,24.066355,113.339211,504.480011,73.970825,99.316696,291.268219,70.669456,240.935669,118.304375,147.350006,207.725876,36.638779,72.628456,205.715347,121.229767,307.064911,25.049999,107.467117,266.636444,205.391876,182.949265,388.988495
2024-11-12,223.011765,418.139008,208.910004,180.577255,582.013550,466.290009,328.489990,148.231186,232.351334,307.031647,146.150482,83.826042,159.233170,524.456543,114.380829,592.994263,388.616852,145.488312,810.101440,44.323376,162.641113,60.510654,173.810593,155.303406,924.932434,186.566452,537.912354,56.622593,24.020498,112.989891,526.419983,74.028763,99.444710,288.486267,70.708420,237.320389,117.613197,143.630005,204.752457,36.602539,71.049774,213.633820,120.071587,285.147369,24.160000,106.114777,262.158630,204.383820,181.046036,385.525696
2024-11-13,223.896912,420.283905,214.100006,177.852982,577.216614,468.100006,330.239990,146.212021,233.903198,306.665009,146.724960,84.329063,159.943680,517.231567,115.445274,584.504578,395.471741,148.701828,803.126892,44.333038,161.937668,60.319160,171.206680,155.681412,926.271606,186.615677,539.056458,57.075890,24.506594,112.310616,532.500000,73.893578,101.148232,287.230469,70.873985,239.232025,118.578957,139.300003,197.958801,37.272984,71.030647,212.866638,120.441422,287.628235,24.920000,107.246521,264.509216,204.441986,181.957977,379.698853
2024-11-14,226.980072,421.954346,211.479996,174.571930,574.390259,467.700012,311.179993,146.701797,234.591812,305.446198,145.413208,83.313171,160.423767,515.764709,115.521927,572.233276,391.162140,151.587433,777.820435,44.362038,161.253204,59.888309,168.050461,156.068863,916.510254,184.076675,530.222961,55.860687,23.864580,111.621666,529.869995,73.082413,107.450310,288.399292,70.903214,237.102493,121.381523,138.839996,198.228241,37.028358,72.025681,210.674652,115.740570,282.370758,25.030001,108.301514,262.595734,202.571274,176.843033,379.983307
2024-11-15,223.777557,410.201843,202.610001,171.499695,551.421021,470.279999,320.720001,141.923706,237.928329,306.823578,147.452667,83.096184,162.785736,517.241455,114.324173,571.345642,393.533875,151.231400,739.441284,45.183552,156.842346,59.112785,162.586182,149.897934,899.824646,180.819290,510.387634,55.417042,22.745642,112.465881,503.369995,74.028763,113.319115,282.671112,72.403084,228.306976,121.750786,134.899994,193.532333,37.735043,73.049423,210.169861,115.975388,270.615204,24.350000,107.726059,261.672974,198.694122,175.385849,376.755951
2024-11-18,226.781158,410.953033,201.699997,174.293549,551.739441,472.200012,338.739990,140.094421,237.656738,309.320648,148.189941,82.928513,163.947571,516.983765,115.282379,568.856628,395.712769,152.149460,720.613342,45.154560,158.068634,59.227673,163.404831,149.623886,912.165222,182.777649,498.659485,55.272373,22.800673,113.882614,499.510010,72.319527,111.802673,281.193146,72.159599,227.871155,124.714302,138.929993,199.363724,38.278648,73.087692,210.041397,116.816841,268.114532,24.840000,109.107170,263.974976,201.698898,175.970703,377.138550
2024-11-19,227.039749,412.959564,204.610001,177.097336,558.397461,468.859985,346.000000,146.951721,235.775085,309.013489,146.495163,85.413994,163.957138,514.833069,113.672592,556.652649,392.203369,151.051590,723.120361,44.854942,158.344330,59.926605,163.089218,148.102417,922.720276,185.897263,506.448364,54.983036,23.020792,113.659439,499.609985,71.373161,110.699806,280.835785,71.516800,228.643723,122.650238,139.389999,193.484238,37.988724,73.747871,209.444809,116.396118,269.259064,24.200001,108.464561,251.823822,203.792557,176.010361,375.049072
2024-11-20,227.755829,410.686188,202.880005,174.969620,562.806152,468.829987,342.029999,145.832169,233.534622,304.594025,146.600494,85.986053,164.081970,507.974670,115.291969,579.324036,385.647369,152.688919,746.585876,44.516674,159.475540,60.309586,161.017914,150.011353,920.666748,187.717865,510.148865,55.455620,22.874048,112.495003,499.500000,70.842033,112.511658,281.009644,71.662880,230.882248,123.455048,137.600006,190.712891,38.251469,73.556511,208.040543,116.582016,276.876587,24.010000,108.790665,255.485687,208.008957,176.426682,374.234894
2024-11-21,227.278442,408.913330,198.380005,166.667587,560.387817,472.059998,339.640015,146.611862,237.394867,307.081177,148.888885,87.179482,165.867889,510.511871,116.834686,576.420166,395.722412,152.972839,743.127563,44.903271,163.249512,61.046818,161.698486,151.523361,948.016479,189.371155,513.391724,55.513489,23.048306,113.785576,504.440002,72.522308,112.964615,278.652710,72.880325,232.813690,124.231422,137.490005,190.722519,38.505142,74.015762,207.508209,117.932274,278.829071,24.440001,107.323235,257.612854,215.569382,177.140427,382.170868
2024-11-22,228.621109,413.003723,197.119995,163.814026,556.456726,476.570007,352.559998,141.893723,241.070816,307.101013,148.572922,89.201416,169.257217,516.220581,116.700531,570.033569,404.929749,153.663742,741.234863,45.425171,168.211731,61.200016,161.984543,153.092087,956.309814,189.233353,510.566650,56.468288,23.525230,114.270782,512.150024,74.743362,113.880394,280.401062,73.980881,233.596161,123.076332,138.350006,190.530060,39.094048,73.201874,210.280014,118.167099,283.282288,24.500000,107.179375,257.088379,216.121887,179.569016,389.920380
2024-11-25,231.604797,414.776581,201.449997,166.687454,562.398010,477.429993,338.589996,135.966095,242.758469,310.341278,149.156982,88.274284,170.323029,521.909424,114.956589,584.466064,413.288666,151.770889,748.161560,45.908424,168.316299,61.640438,162.566467,154.084335,953.214722,185.001709,511.501740,56.651531,24.002155,114.629799,518.729980,76.539536,114.225029,286.109924,74.896385,235.418655,123.758026,141.130005,195.274063,39.846027,73.818314,211.647552,116.092804,282.772522,24.870001,101.760460,267.423187,219.184845,178.637238,397.924988
2024-11-26,233.782913,423.888397,207.860001,168.149002,570.787598,478.559998,338.230011,136.865723,242.448090,308.983704,149.137695,90.059502,172.166534,523.772705,113.040169,585.392151,414.108154,153.824631,782.170715,46.150043,172.194824,61.803207,162.487579,153.243286,963.739929,187.343872,510.288086,57.471313,23.635290,114.464844,525.299988,74.946159,113.683449,286.245148,75.334671,234.329117,125.244514,137.720001,193.368744,40.199371,74.637016,211.463989,118.010551,269.316772,24.049999,102.412643,266.597565,221.801895,182.988937,400.063446
2024-11-27,233.653625,418.936340,205.740005,168.258377,566.468445,483.079987,332.890015,135.286331,242.273499,311.837524,149.987015,90.621681,172.214539,527.638000,112.743126,586.926147,414.030640,153.427139,781.050964,46.169376,174.039017,61.688313,157.486877,153.772507,953.869385,179.795807,518.922485,57.181976,23.690317,115.425514,513.679993,75.651108,115.800545,285.037720,75.198311,236.557724,124.808998,136.240005,191.675171,40.208435,75.629089,210.766449,117.746361,269.374512,23.650000,102.997696,265.354309,219.950577,179.023834,396.012177
2024-11-29,236.040573,419.401794,207.889999,167.979996,571.563843,483.019989,345.160004,138.195206,242.205627,312.214050,149.610626,91.233192,172.118515,528.193054,113.030579,588.681946,415.910858,153.256775,788.146057,45.918083,173.896408,61.818550,159.863937,154.462326,964.116821,181.901810,526.850769,57.104820,24.038841,115.250832,515.929993,76.066345,115.672546,285.936096,74.185402,237.409531,125.983032,137.179993,193.445755,40.172195,75.773575,213.786072,119.204262,272.067596,24.049999,103.908844,264.616058,220.425522,180.570221,398.376251
2024-12-02,238.288284,426.849792,210.710007,170.505402,589.985046,477.329987,357.089996,138.575027,238.840042,313.769775,149.407928,91.371269,172.541000,526.627136,112.925179,587.061279,413.807678,153.521790,792.555786,45.463837,172.793686,61.403721,164.233353,154.084335,967.212036,178.526321,527.169006,57.316998,23.681147,113.348915,516.200012,76.765190,115.367287,284.186859,73.318596,238.994324,124.051544,142.059998,194.167450,39.728249,74.232483,211.050980,116.122147,267.479736,23.930000,101.798828,264.246948,220.406128,178.865219,394.844818
2024-12-03,241.331680,427.067657,213.440002,170.356262,610.705078,470.190002,351.420013,140.204407,237.453049,310.162903,147.052902,92.229370,168.431519,521.493286,112.752693,583.887146,416.124084,153.247299,805.963257,45.251209,172.537003,61.278305,165.850922,152.808563,974.304871,179.982788,531.615540,57.365223,23.442684,112.844330,516.260010,76.541954,114.668137,286.188782,72.208298,238.578308,122.792290,141.979996,189.789108,39.710133,73.481194,208.306717,115.554657,267.691284,22.469999,101.712509,266.519836,221.966675,179.142776,391.656647
2024-12-04,241.689713,433.228027,218.160004,173.368881,610.834534,468.320007,357.929993,145.082474,236.075790,307.081177,145.228745,93.156487,168.133865,516.498108,109.504372,589.251160,414.738159,149.840149,822.323730,44.816280,167.745941,60.014542,168.227982,151.372147,983.004822,185.198547,526.094727,57.500244,23.140022,112.533813,536.489990,76.066353,115.199883,286.762085,71.156441,234.012177,123.540245,143.990005,189.230988,38.523266,72.951454,210.904129,116.660301,267.633606,21.959999,99.276398,264.460632,226.318787,181.055939,391.901947
2024-12-05,241.719559,438.378204,220.550003,171.648804,606.007751,470.570007,369.489990,145.012482,238.093201,306.268646,144.311859,93.994850,169.017212,520.095825,109.983475,558.553162,413.400665,150.796036,818.141907,45.425171,167.470230,60.699482,168.139221,151.665131,974.414062,183.279556,518.126770,57.886024,23.571089,112.165070,538.219971,76.270180,114.717384,291.018463,71.740799,225.701996,125.443352,141.360001,185.709061,38.550449,73.394501,207.691788,115.965599,263.853638,20.799999,100.168365,262.323761,227.540100,171.400940,387.458221
2024-12-06,241.520645,439.319092,227.029999,173.706909,620.776550,470.500000,389.220001,142.393356,239.916626,308.181152,144.109161,94.389374,166.895248,523.861938,108.824028,530.238220,418.081879,146.925125,819.222046,45.434891,167.489273,60.323250,177.075348,150.383240,984.681274,188.642914,526.582092,57.760647,23.598604,112.174767,552.960022,76.571068,114.943871,290.542328,72.393349,227.930573,123.616013,138.589996,185.814941,38.387363,72.469864,207.774368,115.447021,262.170502,20.920000,98.998268,265.587372,230.729050,174.047638,387.507263
2024-12-09,245.409393,441.745636,226.089996,174.562973,610.625488,463.869995,389.790009,138.764526,236.473465,305.495728,144.389069,92.544975,163.985947,518.163147,108.182045,542.924744,415.959320,148.666565,796.301575,44.618523,167.850494,60.390774,176.493393,151.984375,979.969299,187.422607,534.410767,56.854069,23.937954,111.495499,547.929993,75.357811,112.856293,292.864868,70.727898,233.665497,121.864410,130.869995,186.151703,38.378304,71.949730,206.590408,114.067406,267.027679,20.809999,98.940712,266.286713,222.935959,169.824844,391.656647
2024-12-10,246.423874,439.081390,225.039993,184.317871,616.347961,462.489990,400.989990,135.025757,235.552048,309.538635,144.031937,93.255127,165.416611,524.298035,107.961639,547.350464,409.572357,148.590851,792.337769,44.463024,166.994919,60.689835,169.460876,152.337006,985.465027,174.914658,533.038086,56.632248,23.451859,112.077728,547.049988,74.484268,112.974472,292.223480,70.172760,232.110428,122.120041,127.739998,183.005066,38.323948,71.410355,210.252472,115.075211,265.219482,20.160000,98.173431,262.362579,224.603134,169.775269,380.993713
2024-12-11,245.150818,444.687195,230.259995,194.500809,629.643799,461.390015,424.769989,139.264359,236.201889,310.935852,141.532166,93.659508,163.832352,529.689636,107.242989,516.689880,408.399628,147.843155,788.819885,44.783741,165.759125,60.429367,180.695145,149.411133,986.744690,175.741318,531.555908,56.506866,23.140022,110.758034,549.929993,76.532234,112.856293,287.743622,69.734474,233.160339,120.074913,130.149994,184.467728,38.043087,71.256241,210.234131,114.419655,262.968842,20.120001,98.010391,260.216034,223.052277,167.168213,381.464569
2024-12-12,246.612854,445.251709,228.970001,191.076630,627.762878,458.630005,418.100006,137.295013,234.262054,311.371826,141.146118,92.801414,164.043579,527.667786,107.147171,499.480713,401.654022,146.423508,775.263794,44.783741,164.637405,61.587013,178.189880,151.441132,980.494995,172.533127,522.244995,56.757622,23.268427,110.486320,474.630005,75.668396,113.141861,288.258606,68.955322,232.268921,120.245346,130.600006,184.477371,38.124626,70.524231,208.976730,113.548843,263.593964,20.780001,96.782745,255.942215,225.126572,163.391464,373.528595
2024-12-13,246.781906,442.983643,227.460007,188.946487,617.372986,457.899994,436.230011,134.206024,232.719894,311.877167,141.512863,93.165199,164.245193,524.288147,106.208115,504.051727,404.135162,145.628494,781.972473,44.385273,164.808502,60.892426,221.726379,150.554794,981.447327,170.633804,524.514771,56.535801,23.461027,110.020538,465.690002,74.979263,111.605728,288.229523,68.604706,232.655182,119.885559,126.910004,184.361893,38.305824,70.909508,208.912491,115.212189,260.285339,20.340000,96.888237,254.864044,223.730789,164.561157,373.263763
2024-12-16,249.676086,447.262268,232.929993,195.755005,621.745361,455.200012,463.019989,131.956757,232.370758,313.016724,138.839355,93.778061,164.322006,525.586426,103.937164,482.765442,398.058289,141.360062,771.944153,44.190899,163.154449,60.342537,246.581833,148.696335,984.939209,168.508118,527.869568,56.275398,23.158363,109.283066,461.529999,74.930733,110.883720,289.308136,70.104576,231.951950,119.241730,126.690002,182.312256,37.037426,70.110054,216.603745,115.564430,256.322693,20.830000,95.497536,252.639740,222.286560,164.343094,371.704071
2024-12-17,252.102829,450.104736,231.149994,194.520691,616.964600,455.660004,479.859985,130.347290,231.187454,315.404785,141.310196,94.321732,163.544281,526.280273,103.496391,470.195190,395.887238,140.177017,771.567627,43.782715,166.719269,61.162544,236.945374,148.810699,974.235474,167.012314,526.456055,56.439354,24.240618,109.933220,455.230011,75.707230,111.783760,287.724121,68.965065,231.308136,119.336411,125.019997,181.022781,36.946823,69.609192,213.969604,114.889305,255.793686,20.440001,94.241127,250.357132,221.937607,164.352997,368.643433
2024-12-18,246.702332,433.198334,220.520004,187.532990,594.803528,446.589996,440.130005,128.867783,223.437897,306.962311,139.707993,92.473251,162.344070,515.328613,101.972824,483.946960,381.688568,136.362869,757.783569,42.276321,164.475784,60.631954,220.562485,147.180969,957.033875,162.780685,513.853149,55.484550,23.745350,108.613510,441.309998,74.639572,110.132034,282.670929,66.968475,226.127899,117.925659,121.410004,178.020493,36.457581,67.923637,208.214935,111.983322,248.897522,19.299999,91.929695,242.644867,213.407883,158.554062,356.960266
2024-12-19,248.432877,432.841766,223.289993,187.642487,593.190002,449.339996,436.170013,130.637161,225.949951,312.015900,138.578751,92.324974,162.449692,518.619141,101.100853,473.807465,373.159637,133.589783,750.678528,42.159695,163.049881,60.246071,215.334976,144.359894,947.173279,166.106934,514.360718,55.581001,23.635290,109.088982,437.390015,74.833687,110.151817,282.039246,67.056122,224.008255,115.672234,118.879997,177.510498,36.212959,67.201248,208.233292,112.971550,251.215500,19.059999,91.287102,237.506592,217.042709,163.361740,353.507263
2024-12-20,253.107361,432.415863,224.919998,190.529160,582.911194,453.200012,421.059998,134.655869,230.450333,314.820190,139.437744,91.178322,161.364716,523.326721,101.445816,484.344025,380.506165,135.198746,760.806030,42.927467,166.909378,60.342537,217.771179,145.617920,946.449158,166.963104,521.687500,56.439354,24.176416,110.845360,447.170013,74.678391,110.804588,284.420105,68.507301,226.375519,117.613197,119.209999,179.819962,36.176720,69.031296,209.554932,113.969574,253.321838,19.520000,91.229546,240.614822,216.499924,166.900543,359.069336
2024-12-23,253.883133,431.078827,225.059998,193.734344,597.452820,454.350006,430.600006,139.624252,231.216537,314.334625,140.209885,89.310074,161.412735,524.248474,101.857857,490.358032,380.360809,135.312317,789.067749,42.655346,169.580627,60.178539,229.787186,144.188354,942.322449,166.451370,522.921936,56.882999,24.497423,110.922989,446.739990,74.503677,110.181488,283.069336,68.702095,226.979721,117.196609,124.599998,182.966599,36.185776,69.821098,208.471939,114.116341,253.918198,20.200001,92.438011,240.274857,215.113815,167.544891,358.431732
2024-12-24,256.797180,435.119720,229.050003,195.207535,605.321350,458.660004,462.279999,140.174088,235.018585,317.733429,140.769684,91.613258,162.209671,530.938354,101.953667,490.125580,383.937103,136.135696,788.463135,43.131561,171.111099,60.622307,237.036331,145.637009,951.161194,168.685303,526.595337,57.722065,24.524937,111.359665,447.940002,74.532799,111.328789,285.693115,69.724731,228.554581,116.372871,126.290001,185.179825,36.058937,70.225639,210.087265,114.312027,254.389435,20.400000,93.138161,243.043106,217.517670,169.993347,360.570190
2024-12-26,257.612701,433.911407,227.050003,194.699890,600.938904,459.079987,454.130005,139.884171,235.823608,317.991058,140.509094,91.721992,163.381042,531.374390,102.039902,495.016174,382.967926,136.268188,786.947021,43.296780,170.350586,60.361835,242.653671,145.284363,948.502686,168.951004,524.803467,57.847446,24.359848,111.854546,450.160004,74.678391,111.318909,286.480255,69.890312,229.079559,116.516487,125.059998,184.496613,36.203903,69.705528,212.803986,114.517494,253.129486,20.440001,92.927155,242.275772,217.982910,170.647568,360.128754
2024-12-27,254.201370,426.404083,223.750000,191.872925,597.413086,456.510010,431.660004,136.965118,233.912903,315.761536,139.997543,90.605003,162.776169,527.459534,102.030327,493.892792,380.758148,136.287125,776.076355,43.092690,169.219360,60.246071,239.083496,145.713242,932.193970,166.274231,523.698486,57.490601,24.414877,111.582848,446.480011,74.173660,110.329849,285.333557,69.257240,229.168793,116.267563,125.190002,183.967346,36.167660,69.455101,210.647156,114.194611,252.619736,20.299999,92.955933,241.217041,215.937729,168.870300,357.911774
2024-12-30,250.829788,420.758698,221.300003,190.359940,588.877197,452.160004,417.410004,137.444946,232.118561,312.441986,138.347107,89.527542,160.433350,520.868896,101.340408,491.771942,377.433777,135.406952,766.830994,42.674786,167.498749,59.840893,232.981552,144.598190,914.843628,164.256821,516.501160,57.085529,24.231445,109.457741,445.799988,72.455696,109.588051,281.427002,68.575493,227.730911,114.889023,122.440002,180.868835,35.877735,69.117981,207.976303,112.736725,249.397644,19.820000,93.118965,239.653214,213.485413,166.904404,356.097015
2024-12-31,249.059464,417.460602,219.389999,188.428864,583.170288,453.279999,403.839996,134.246017,232.496841,313.165375,139.582520,89.310074,160.971054,521.879761,103.074768,489.893158,377.007385,137.082138,765.007507,42.713657,168.924667,60.062775,229.282806,144.922226,908.951111,163.991104,517.884766,57.095177,24.332335,109.758553,444.679993,73.445717,110.132034,281.708862,68.409904,227.631760,115.214516,120.790001,180.435791,36.231079,69.050568,207.324661,113.225952,250.686508,20.049999,95.113899,239.721222,213.078339,165.603683,355.851776
2025-01-02,242.525177,414.568573,220.220001,188.558258,596.845398,451.100006,379.279999,138.264679,232.778107,311.540253,139.003433,88.964096,159.367584,517.746887,102.825638,488.585785,376.493683,138.852005,771.022583,43.044098,170.578766,59.657597,229.421249,143.159058,902.542603,163.390793,520.214233,56.998730,24.405708,110.078773,441.000000,71.504501,109.607834,284.254913,68.361221,227.889572,115.932503,120.629997,179.896942,36.430397,68.973503,206.985062,113.509697,249.378433,20.219999,95.986679,239.896027,213.184952,167.390884,352.918732
2025-01-03,242.037827,419.292877,224.190002,190.907394,602.213806,453.559998,410.440002,144.422684,235.959396,312.045624,139.167496,89.735123,158.551453,516.716125,103.352654,496.807831,377.191498,139.930939,774.897095,43.549465,172.270859,59.570770,229.984985,142.625320,909.258606,163.676178,529.621765,57.154095,24.387365,110.457222,430.570007,71.155075,109.944115,286.460815,69.452034,232.877548,116.813248,125.370003,183.322632,36.475700,69.339508,207.902878,113.372711,251.244339,20.559999,96.955360,241.353012,215.811707,170.736938,356.862152
2025-01-06,243.668915,423.749786,227.610001,195.964035,627.681641,451.410004,411.049988,149.381042,234.808975,310.192657,138.655975,90.377647,154.201904,507.370148,103.237663,497.456635,377.375641,139.372543,758.170044,44.122868,171.206192,58.663948,233.802399,139.404022,915.339661,163.056198,534.768311,57.066704,24.662512,109.690628,431.179993,69.883591,109.835320,283.934204,70.153275,236.209488,115.836769,129.550003,184.929626,35.886799,68.617126,203.515732,111.640862,248.714783,19.870001,95.900368,242.576889,215.831100,171.223450,357.264374
2025-01-07,240.894089,418.322296,222.110001,194.590378,615.420837,452.920013,394.359985,140.094086,237.070801,308.835114,141.136429,89.764778,154.874039,506.844879,104.205460,498.018372,372.393982,141.577728,766.285828,44.783741,170.664307,58.692890,226.118103,138.574829,914.010437,159.454391,543.190186,57.222065,24.882633,110.039955,422.630005,69.970947,110.171600,281.174347,69.724731,237.101944,116.219704,127.330002,184.958496,35.261650,67.836937,202.496948,112.325775,252.052277,20.010000,97.511642,239.497818,217.081482,171.084427,356.087219
2025-01-08,241.381409,420.491302,222.130005,193.057449,608.279358,451.839996,394.940002,140.064102,237.031815,309.756653,137.314392,90.743393,155.642166,511.800385,102.461525,507.964233,375.272491,142.249710,780.089722,44.910084,169.685181,59.532181,226.780716,139.661301,919.962402,160.546738,542.473450,57.484238,24.634998,110.864769,419.579987,69.194458,108.559425,278.803223,69.705254,236.100403,116.660080,121.839996,184.429260,35.279774,68.058487,202.074783,113.421638,254.120163,19.879999,97.463699,239.808640,216.325424,171.660324,354.193970
2025-01-10,235.563202,414.935028,218.940002,191.156250,613.398865,442.660004,394.739990,135.865494,233.853561,304.911102,137.111679,91.929581,152.243179,500.912018,102.087814,504.255035,377.879669,144.937576,792.654907,43.841030,166.519608,58.914772,221.835861,135.944412,929.455933,152.417801,539.865234,57.037571,24.506594,108.982254,405.920013,69.107101,107.461571,274.342743,68.137207,233.105621,112.151062,116.040001,182.976196,34.863007,64.899246,200.257507,112.629089,252.215790,19.150000,97.751427,240.789642,213.000778,170.468872,344.315735
2025-01-13,233.126511,413.191925,218.460007,190.130981,605.898987,443.910004,403.309998,133.186356,238.084732,304.128296,139.437744,90.476501,152.512039,501.150238,104.722900,524.059570,377.191498,147.029221,790.256775,43.792439,168.012100,59.474300,222.805038,137.717087,917.313721,151.845612,553.015747,57.056988,24.579966,109.836182,408.500000,69.961235,106.897804,275.625549,68.692352,237.875427,112.533989,117.320000,183.880737,35.148846,64.494705,201.092697,115.202408,259.871796,19.200001,99.966949,241.527863,210.722961,170.349716,355.596680
2025-01-14,232.012573,411.686493,217.759995,188.787216,591.875244,450.029999,396.359985,131.716827,241.262939,306.278564,139.707993,89.745026,153.376175,505.229614,105.134918,526.577515,380.680634,148.496201,738.162964,44.492180,166.880859,59.850540,222.221542,138.145966,909.903381,154.203400,554.479126,57.610474,24.222275,109.671211,412.709991,69.077980,106.937370,273.633331,69.335167,235.634323,113.414726,116.089996,186.199829,35.296368,65.477158,200.542023,116.895126,256.899841,19.200001,100.590355,243.985291,211.062210,175.602097,364.494019
2025-01-15,236.577637,422.224518,223.350006,194.650116,614.653870,458.510010,428.220001,136.195389,246.020554,313.403168,139.920349,90.288681,153.289749,518.460266,106.850128,526.267639,393.580597,149.849609,739.976379,45.775047,164.424347,59.590069,225.485153,137.983932,916.123352,156.176437,548.983887,58.241634,24.048010,108.373848,417.279999,68.980934,106.996704,274.333038,73.971130,235.981400,113.453033,119.959999,190.058533,35.204166,66.738922,201.496552,116.523308,258.669525,19.719999,101.165817,249.356674,213.272186,179.007675,367.750793
2025-01-16,227.019867,420.511047,220.660004,192.022247,608.857178,462.809998,413.820007,133.526260,247.892395,314.364380,142.622818,90.249146,154.105896,519.244507,106.668060,494.473877,396.720795,150.843369,750.737915,45.327991,166.679337,60.053131,226.879608,139.661301,912.403381,157.389847,559.177734,58.086269,24.295647,111.114906,426.929993,69.019753,105.295525,271.845306,73.971130,239.878525,114.687988,118.440002,180.301102,35.351696,68.742340,204.387680,117.863785,259.140778,19.670000,101.290504,251.357605,215.821411,178.461594,373.302979
2025-01-17,228.730515,424.918457,225.940002,195.098022,610.321228,467.950012,426.500000,137.664902,252.659744,316.712769,141.908585,90.881783,154.710815,520.792847,107.626274,493.670074,396.769257,152.821426,719.146790,45.221085,164.625854,60.496891,234.821030,141.291077,935.656067,158.859802,557.127136,58.484386,24.121384,110.695457,429.989990,68.757690,105.849396,273.021149,75.071693,236.368134,116.401596,121.459999,185.160568,35.757397,68.154800,204.286697,118.499779,261.718475,21.490000,101.520691,253.572205,217.885971,181.549484,378.668823
2025-01-21,221.430389,424.393524,230.710007,197.138611,613.996582,468.570007,424.070007,140.783859,256.432678,320.686310,142.989563,92.008659,155.277283,524.127747,106.811790,508.419342,405.540466,149.764435,735.626099,45.347427,165.633408,60.217125,237.659378,141.576965,940.159790,170.244263,570.476562,59.261200,24.433220,113.924232,436.359985,71.019203,107.511017,274.634277,75.821625,242.070084,118.526871,122.279999,187.864563,35.978695,68.241478,206.572037,123.039772,264.315338,21.770000,100.014900,256.767853,217.372253,186.166397,392.206421
2025-01-22,222.613922,441.923889,235.009995,197.457123,621.008423,460.510010,415.109985,147.021851,256.247406,320.616943,140.209885,92.156937,158.176987,523.254395,104.952858,503.315643,397.467102,148.032440,747.150757,44.501904,162.361237,59.599716,238.252762,141.138580,937.153992,181.737259,571.999695,59.843819,23.855408,114.889938,437.320007,71.863625,107.619820,273.409851,75.519714,242.139496,117.646133,123.750000,189.615906,35.914150,65.968369,204.754791,121.699310,262.997681,21.860001,98.844803,251.694916,216.402969,187.020294,391.467987
2025-01-23,222.444870,442.429016,235.419998,197.068924,633.906677,459.829987,412.380005,147.171783,259.279449,325.224640,141.532166,92.730247,159.530823,530.241943,105.546951,513.048523,401.624939,147.653854,759.656494,45.085018,163.771805,59.358536,237.629715,141.643677,934.634277,183.956924,572.258545,60.426422,24.249788,120.196457,437.279999,72.106270,109.825424,276.402924,75.412575,243.607132,120.077736,123.040001,193.041595,36.126221,66.681137,207.113541,123.568138,267.268158,21.570000,99.736763,254.933777,219.097580,199.371811,400.122192
2025-01-24,221.569626,439.804413,234.850006,199.288681,644.902527,463.190002,406.579987,142.573273,258.197266,327.196533,141.705887,93.669319,158.542572,529.517334,104.119217,515.702026,401.731567,147.313156,778.296082,45.211365,163.416779,59.734768,242.000946,142.120224,932.174133,181.125626,572.228638,60.426422,24.324377,121.962051,435.380005,71.407440,110.933174,277.403839,75.305443,243.745956,121.848801,122.839996,178.520889,36.458168,70.148582,203.304626,122.609261,264.902069,20.830000,97.665108,255.792282,217.895706,195.350616,401.333191
2025-01-27,228.611176,430.395447,235.419998,190.927307,657.242981,474.700012,397.149994,118.381210,259.181946,331.497070,147.564468,96.278938,163.894302,543.562012,105.566124,526.364441,411.782074,148.808517,800.849976,45.765327,169.750000,61.615959,199.900497,147.352524,957.539917,156.146851,581.008911,57.367722,25.042265,126.254059,438.600006,73.358360,112.100258,284.818512,75.909286,248.495926,124.864380,115.010002,179.973938,37.472427,71.111763,207.159454,122.354866,272.144501,20.290001,98.489937,261.860260,217.246277,193.076904,388.878632
2025-01-28,236.965515,442.914337,238.149994,194.401245,671.635315,469.970001,398.089996,128.947739,260.439606,331.437653,145.141907,96.170204,160.542221,543.284180,103.525124,525.357300,405.928162,147.843155,797.698792,45.522362,167.744492,60.159248,205.072815,143.197174,951.012451,161.789764,581.655884,57.707569,24.939711,124.264130,442.839996,72.203339,110.913391,282.933258,75.850838,245.768906,123.457115,114.169998,173.757629,37.251133,67.942902,202.561203,125.583740,269.595673,19.799999,97.233513,257.948273,218.729279,193.047104,384.261078
2025-01-29,238.059555,438.090973,237.070007,194.510757,673.786621,469.260010,389.100006,123.659485,259.893616,332.824921,145.885056,96.377777,160.580872,544.713440,104.128807,521.115540,400.684845,147.350998,796.796997,45.434891,168.176300,60.612663,204.073975,143.311554,956.319702,159.836441,565.668396,57.824097,24.818508,124.722595,441.679993,74.328964,111.951912,281.922638,76.328087,221.860382,124.060234,117.349998,173.468964,37.140484,68.280014,202.882446,122.433128,270.923004,19.750000,97.406143,255.333755,221.608047,197.683914,387.155701
2025-01-30,236.299164,411.013000,234.639999,199.945633,684.254700,472.350006,400.279999,124.609177,261.502228,339.929657,147.545151,97.514549,161.720749,561.795227,104.991196,528.349731,401.731567,147.947281,815.773499,45.405735,168.550537,61.789604,213.281265,144.769714,971.190002,168.083786,604.004761,58.717434,25.088881,125.649284,446.000000,76.027527,112.189278,282.126709,76.766365,221.215820,124.759071,118.860001,178.280319,36.393620,68.674911,205.645065,126.200150,273.173645,20.010000,97.310234,257.548279,250.337692,204.107880,369.187622
2025-01-31,234.717804,411.082336,237.679993,203.081146,686.425903,468.670013,404.600006,120.030670,260.595581,338.691010,146.850235,97.030190,160.349030,551.293945,102.365692,525.367004,399.289185,141.199173,803.733643,44.997555,176.467072,61.239716,218.829407,143.616531,972.053101,167.768066,595.055298,58.843662,24.725275,124.790886,437.450012,74.639572,111.823326,280.552460,76.746895,220.878662,124.644196,115.949997,178.958893,36.319855,68.925346,205.333008,126.170807,274.520203,19.430000,94.787819,253.685043,247.846634,202.122116,365.702240
2025-02-03,226.771225,406.982025,237.419998,200.303955,694.672852,464.609985,383.679993,116.621788,260.117889,342.674500,146.579987,98.394302,163.024872,559.750610,102.614830,530.877441,396.168365,141.341125,803.089478,44.910084,182.454895,61.114304,215.328430,143.216248,997.795715,166.327774,591.073364,59.270912,24.426933,125.298119,438.600006,74.338661,112.753044,281.864288,76.104065,212.469513,124.826088,114.269997,175.401215,36.863873,68.434120,204.130676,127.119896,277.838409,19.379999,94.452133,250.231567,252.722183,202.658279,355.964996
2025-02-04,231.535217,408.418121,242.059998,205.430283,701.375916,467.489990,392.209991,118.611130,261.219482,342.010559,148.143570,99.610153,162.416321,554.946594,105.364891,528.233582,398.814240,145.013306,818.587769,45.396019,182.272552,60.458302,219.976578,136.754501,1013.697754,165.627319,577.952759,59.562218,24.119265,125.932175,440.230011,74.464859,112.060707,281.592255,77.399422,213.213242,124.826088,119.500000,175.032852,36.707119,67.326469,205.176956,125.603294,277.982666,19.290001,96.466240,250.943741,256.337585,200.741989,356.358856
2025-02-05,231.207001,409.329315,236.169998,190.449509,702.053223,473.730011,378.170013,124.789108,263.647034,346.261566,149.301773,101.280678,163.266373,562.073120,105.288239,522.771545,401.072510,144.795639,834.551880,45.784767,183.999802,60.892426,229.441025,138.822647,1034.549805,169.346527,579.754578,60.756565,24.650688,128.819534,437.630005,72.378044,109.330894,280.678772,77.964310,210.357330,125.390923,112.010002,176.031326,37.002178,66.652229,204.075592,126.376282,296.055115,19.650000,96.111366,252.153427,255.213211,203.124924,353.306732
2025-02-06,231.952911,411.835022,238.830002,190.718307,709.144714,477.220001,374.320007,128.637848,269.954773,344.319366,148.162857,101.666199,163.140823,562.936707,103.898834,513.309937,401.402008,143.763992,862.486572,46.397045,185.170502,61.123955,228.808075,138.527191,1042.594971,170.027237,570.128235,60.465263,24.081968,125.073761,435.399994,69.631233,110.863937,286.052704,79.298615,208.255020,139.119019,110.160004,177.669601,36.826984,66.719658,192.575409,126.004463,286.408173,19.379999,95.852409,250.670593,245.656067,204.594421,359.804779
2025-02-07,226.393295,405.823212,229.149994,184.487076,711.664673,472.739990,361.619995,129.797440,268.882355,344.854462,147.786438,99.985764,162.261734,558.559509,104.339615,510.394958,394.821136,144.445435,870.354675,46.066612,182.896286,61.587013,222.389679,137.793335,1036.616455,172.108795,568.893738,60.465263,23.998060,125.902924,433.070007,66.661186,109.647400,285.994415,78.956047,205.032196,138.247833,107.559998,174.490021,36.771664,65.756470,188.628830,125.192360,282.330139,19.100000,94.337029,245.783020,244.589828,203.819946,358.259033
2025-02-10,226.662094,408.269592,233.139999,185.611893,714.533203,470.170013,350.730011,133.526260,264.241760,348.035278,148.867432,101.735405,161.836685,561.279053,106.332695,516.534851,401.237244,147.426727,861.010132,45.357140,182.646790,62.271961,232.447495,137.574142,1054.601685,176.508682,550.367676,60.989613,24.119265,128.087952,451.100006,68.854752,108.084671,299.715881,77.419411,201.799438,140.315659,110.480003,174.790512,36.836205,67.133827,191.382248,125.485893,283.532349,19.770000,95.411232,250.173035,243.223816,203.760376,357.609222
2025-02-11,231.610535,407.497009,232.759995,184.467194,716.923523,472.609985,328.500000,132.756516,268.092651,348.114685,150.691605,101.290581,163.672119,560.494995,107.003433,517.067444,403.534241,149.007278,857.165283,45.473766,184.076584,65.214317,232.447495,138.803574,1051.046143,174.802002,542.772034,60.620625,23.802275,128.214752,458.820007,69.242989,107.827515,301.455353,77.947937,199.935150,141.665512,111.099998,173.762955,37.334122,67.740631,189.932114,126.327362,285.330933,20.969999,97.550018,250.748627,248.522095,207.334778,356.634583
2025-02-12,235.842087,405.120026,228.929993,182.765045,722.481262,471.730011,336.510010,131.097061,268.541168,348.878998,149.851898,102.417458,163.817032,560.395752,103.784042,510.753265,394.598297,146.603317,865.062988,44.910084,185.199280,66.285141,233.743073,137.231018,1057.779541,169.899002,535.574707,60.717724,23.746332,127.288078,462.760010,70.135948,108.035225,298.919037,77.566223,200.490479,143.493988,111.720001,174.480316,37.370998,66.729286,188.160736,124.047577,283.792023,22.480000,94.375404,244.144058,249.605179,208.148926,346.601929
2025-02-13,240.481873,406.605652,230.369995,185.283401,725.648499,480.489990,355.940002,135.245682,269.389343,352.988220,151.772583,103.840881,165.208099,562.093018,104.538139,514.413940,399.725311,147.530823,863.963074,45.026711,185.631104,67.047272,233.199127,137.793335,1069.438599,171.516876,530.238770,61.989761,23.904827,128.556152,459.220001,71.058029,108.391281,301.270752,77.174721,201.888687,142.814285,111.809998,175.265518,37.841248,66.074333,188.399368,123.127831,285.629089,24.129999,92.936745,246.485413,252.903229,206.878036,348.236298
2025-02-14,243.538544,404.515869,228.679993,184.377594,733.726074,479.589996,355.839996,138.804535,269.652557,351.181702,150.710892,102.842506,157.354355,560.554504,104.644493,506.986084,396.885559,148.650452,838.064880,45.638985,185.074524,66.439507,230.469559,136.659180,1064.463135,171.812836,529.452393,62.989910,23.802275,127.405113,460.160004,70.893028,109.172646,299.842224,78.280716,204.576050,144.039673,113.099998,177.427246,37.795151,65.554207,186.086487,119.771767,282.303436,23.600000,93.072113,245.636673,254.942535,206.788681,347.862183
2025-02-18,243.409119,405.714294,226.649994,182.924301,713.507324,482.820007,354.109985,139.354355,272.928284,354.080048,150.788742,102.585503,159.808044,564.375977,106.481377,484.925110,390.886230,149.435120,850.899780,45.221085,188.317917,66.613144,226.009323,137.335861,1048.752319,177.376816,520.731873,62.718018,23.830242,126.985680,464.109985,75.309273,108.361610,296.227203,79.063713,202.820816,142.450516,114.279999,180.752258,37.988781,65.978004,190.941727,121.092667,283.893494,27.389999,94.222710,244.583069,256.689117,208.585800,348.531647
2025-02-19,243.807373,410.795105,226.630005,184.417404,700.957642,483.769989,360.559998,139.184387,272.245850,352.591187,153.610138,102.802971,160.832047,564.266724,106.636063,494.909698,383.248993,150.459045,860.677429,44.715702,189.373459,67.597145,226.207108,138.965591,1055.217529,179.073639,528.466858,62.960773,24.137911,128.887817,456.989990,74.523087,110.132034,293.418793,78.642853,203.267059,143.407867,114.690002,190.310425,38.735645,66.517380,193.484039,122.707108,285.318787,25.719999,96.272491,240.651550,257.908783,209.002808,347.547119
2025-02-20,244.763229,412.968506,222.880005,183.710678,692.063293,481.799988,354.399994,140.064102,260.108063,347.886383,155.351593,96.091118,161.527573,559.085632,108.279594,486.561768,382.483337,151.951859,866.702881,44.025681,192.760773,67.568207,224.239059,142.101151,1027.698486,173.628036,535.405457,62.795712,24.147232,129.902298,454.690002,74.959862,109.340782,294.497467,76.959389,206.212250,145.102341,114.169998,197.716568,39.178238,67.557625,193.979675,122.413574,288.867493,26.090000,98.622025,240.397888,258.318542,207.255325,343.756561
2025-02-21,244.484421,405.108643,216.580002,178.833237,680.818420,478.739990,337.799988,134.385956,257.612335,345.940918,157.900589,93.689095,164.444931,553.358521,107.013115,451.698090,373.431030,150.162415,867.258667,43.549465,193.912277,68.831978,216.248184,146.294617,1027.896973,165.548401,530.149231,62.125702,24.520161,131.609360,444.320007,74.251312,107.471458,296.207764,75.853409,208.473190,147.811554,110.839996,195.816574,39.427189,68.944611,194.521164,121.243332,293.792969,24.870001,94.696472,233.325073,255.137680,198.408707,334.787323
2025-02-24,246.027710,400.930634,212.710007,178.425125,665.460022,498.420013,330.529999,130.237335,254.785034,347.261047,159.301559,92.591858,164.744400,554.837524,107.573837,446.952698,370.639771,151.090637,874.921997,43.209312,195.831436,68.098793,205.636520,146.628174,1028.463135,167.669449,533.135681,61.407150,24.846478,131.638626,444.420013,77.920204,109.983665,298.889862,75.579361,209.375595,149.611328,108.110001,194.595139,39.943542,68.193329,192.658005,123.347801,300.298859,24.270000,95.547333,231.286163,255.518173,197.296692,333.684601
2025-02-25,245.967972,394.876953,212.800003,174.612747,654.872498,499.820007,302.799988,126.588524,250.943863,349.474487,161.587860,96.565598,166.782684,559.830078,106.084999,455.533051,381.174927,149.683945,895.171936,42.703938,195.889023,68.967041,200.305954,149.077576,1048.384766,166.268570,537.117676,62.407291,24.930387,132.487289,443.410004,79.317879,109.320999,301.950958,74.385269,208.651688,150.702698,103.959999,193.858414,40.303146,68.655655,194.576233,125.226082,306.029083,22.990000,93.864960,236.466400,251.498108,197.852692,337.071411
2025-02-26,239.316956,396.693085,214.350006,171.935104,671.007751,494.100006,290.799988,131.237000,252.299057,348.025360,158.659454,95.092735,165.478561,557.090637,105.823959,448.957367,378.451477,148.459061,908.284973,42.703938,194.804688,68.301392,210.591293,144.398026,1024.858154,170.145615,530.885864,62.222801,24.632042,132.623856,441.500000,78.784042,110.606789,295.682983,74.825714,207.689804,148.137039,104.739998,192.171661,39.814461,68.395599,193.961304,125.196594,297.060455,23.520000,92.946411,241.032028,249.634430,200.176056,337.288055
2025-02-27,236.270233,389.547760,208.740005,167.724579,655.609497,502.410004,281.950012,120.110649,252.552505,353.097412,159.291824,95.675957,166.125793,560.614197,106.491035,453.770477,378.247955,149.923172,898.507324,42.878872,196.733444,68.368927,195.618271,144.884094,1014.668823,162.539505,520.871216,61.960636,24.333698,132.536041,437.190002,77.667839,110.092468,301.202728,74.992104,203.990997,147.447769,99.510002,185.444107,39.897438,66.825607,194.824066,128.353317,296.517487,23.090000,94.145355,239.500381,247.087753,199.997314,334.747925
2025-02-28,240.790527,393.973877,212.279999,169.496384,665.529785,513.830017,292.980011,124.879082,258.012054,360.015594,160.546860,97.474998,167.932266,572.018555,107.631844,459.968475,384.382935,151.789185,913.863647,44.803177,200.581375,68.696915,197.230270,146.266037,1041.383423,163.822006,526.575439,62.251938,24.641365,134.623535,438.559998,77.095192,112.555237,299.628418,76.655991,206.023834,148.653992,99.860001,189.990524,39.740688,68.143417,196.438812,130.782303,298.689362,23.730000,95.866402,242.563660,246.316925,205.507843,338.636902
2025-03-03,236.997055,385.538452,205.020004,166.241440,652.432251,510.079987,284.649994,114.022636,254.083115,359.132202,162.745590,96.466743,169.622787,570.638916,104.180428,452.308136,377.685822,146.497330,922.886841,44.278366,202.932327,69.767746,185.303299,148.667740,1039.635498,159.836441,521.279358,61.640194,24.473547,136.779297,440.720001,76.490379,111.556282,297.409760,75.393387,203.971146,152.014236,98.230003,188.439499,40.450672,69.551544,195.636063,131.608353,301.326630,22.740000,89.562325,240.144257,244.121490,200.523575,326.910889
2025-03-04,234.906174,385.657532,203.800003,170.133453,637.442444,495.859985,272.040009,115.952003,243.973221,349.613464,160.936020,93.876907,167.294693,550.936707,103.967735,459.629547,369.922516,145.454269,904.363953,41.469662,199.362686,67.712921,185.412094,146.952225,1029.724243,155.347778,514.241272,61.426575,24.007383,134.204071,446.029999,75.427063,107.817627,298.856293,71.742645,204.189301,147.380753,100.750000,188.875717,39.528614,68.803772,191.926697,126.563507,302.693756,21.330000,87.638229,233.988480,247.068253,197.356247,321.702606
2025-03-05,234.716995,397.973267,208.360001,172.223801,653.846558,498.500000,279.100006,117.261581,245.221115,350.060120,160.644150,94.875282,168.676071,554.142639,101.937500,460.956299,374.448700,144.315521,922.886841,41.100361,202.989914,67.606804,189.466888,146.656784,1040.529175,159.382645,521.826904,62.106281,24.184526,134.330902,451.239990,75.905060,108.114342,300.498352,72.584381,208.800446,146.605316,101.669998,189.583405,39.500954,68.444473,193.421509,127.487907,306.940491,20.809999,85.936508,237.022461,245.253372,201.059723,333.261230
2025-03-06,234.308777,393.874664,200.699997,171.556885,625.420715,497.839996,263.450012,110.533783,240.356262,341.603424,161.334915,93.550705,168.724380,545.725830,104.045090,472.325745,369.971039,146.363358,906.051514,40.293705,202.231842,67.973381,177.470657,147.352524,1019.544983,148.905777,525.261353,61.572227,24.464224,131.765442,444.779999,75.807510,104.276787,303.352295,71.106461,213.014923,146.997833,98.849998,183.544067,40.782612,67.988045,194.934784,126.150490,308.152466,20.750000,85.665794,237.549271,242.657867,194.655609,335.742340
2025-03-07,238.032562,390.321838,199.250000,173.059921,623.159729,495.619995,262.670013,112.653091,236.203110,342.754791,162.171600,90.664314,169.970551,542.698547,105.398575,477.903961,365.192841,149.607376,863.188843,40.489307,205.628769,68.909164,192.809601,148.491882,957.664368,153.068909,529.313049,62.086864,24.921062,133.774902,449.399994,76.665962,104.355911,314.025360,69.540459,210.297821,144.508759,100.309998,184.687988,42.469982,70.726585,197.942871,126.268486,314.978302,20.639999,87.628563,236.729797,255.196182,192.471222,344.888794
2025-03-10,226.492844,377.271759,194.539993,165.296829,595.600281,497.100006,222.149994,106.944962,226.395462,338.943359,163.154205,86.809196,170.270020,533.120422,108.086235,467.049988,363.109100,150.784424,823.661560,38.953842,207.903000,68.928452,182.415527,150.232162,927.970398,146.784729,524.425171,60.261353,24.837154,133.989487,435.079987,74.529587,101.952499,310.076752,65.361168,203.514984,144.164124,96.629997,180.781342,42.866470,73.960419,197.296951,126.386505,317.402283,19.930000,89.823395,236.456650,250.668747,191.108475,339.877411
2025-03-11,219.881653,377.559540,196.589996,163.473145,603.289429,496.250000,230.580002,108.724373,223.392700,329.672699,161.364075,86.433571,167.236694,521.884705,105.533928,472.710419,356.819000,147.444702,818.003357,38.738678,204.957062,68.532921,187.993301,146.463135,924.077393,142.236862,511.882019,58.911633,24.231142,129.404800,433.660004,72.354172,96.829155,299.823914,65.850548,203.891815,145.609695,96.760002,171.911423,40.044971,71.891937,192.471115,125.983307,309.189941,19.780001,92.250259,226.983932,242.911560,190.710571,334.521423
2025-03-12,216.038406,380.358124,198.889999,166.532562,617.084045,495.940002,248.089996,115.712738,222.183792,330.367493,158.435684,84.219345,162.648132,520.733276,105.504929,467.915558,353.494720,146.095428,815.819580,39.032082,203.488892,67.471741,192.087631,142.463348,920.690918,148.856461,510.338959,58.707722,23.970091,127.083206,438.600006,71.778625,97.679749,292.630310,67.465485,203.247238,144.862976,100.790001,170.321625,39.270439,70.813995,190.404190,125.835808,302.994324,20.680000,94.512772,222.749985,243.575089,193.973312,332.906799
2025-03-13,208.770081,375.892303,193.889999,162.197571,588.279724,504.250000,240.679993,115.552773,219.541794,326.109375,158.571884,83.527412,162.860657,515.959167,105.060211,468.314331,338.688934,146.994934,795.758179,38.797356,202.999512,67.163048,189.249298,142.626785,884.482239,145.669998,506.605835,57.940617,23.867537,126.702774,377.839996,70.861633,95.810417,290.773315,67.005463,202.384506,144.068405,98.110001,168.285934,40.303146,70.629478,190.717941,127.055222,303.130035,23.700001,93.004433,217.218552,239.837982,191.406876,328.161255
2025-03-14,212.563553,385.607941,197.949997,164.918167,605.710327,514.599976,249.979996,121.641335,226.609940,329.335205,158.396759,84.367622,162.261734,523.710999,108.182922,475.248779,342.648834,150.258102,807.501221,39.990520,203.210648,67.211617,193.383194,142.867188,897.690491,147.258270,520.136047,58.746559,23.979414,123.600822,394.739990,69.905624,97.561058,293.050598,69.344688,208.978958,145.399094,100.970001,171.019592,40.174061,71.425804,193.283096,127.832115,304.167511,24.049999,95.673019,218.955078,242.326126,196.072189,334.393494
2025-03-17,213.071350,385.746887,195.740005,163.722305,603.018738,523.010010,238.009995,119.501839,228.062546,332.064789,158.425949,86.453339,163.990891,528.028564,109.981125,485.334381,345.399323,151.884888,818.698242,40.528423,205.801483,68.144577,192.354675,145.511276,910.293030,151.934387,517.665222,59.125256,24.287083,124.507996,399.339996,71.895683,98.273178,297.096985,69.334908,210.823395,149.065659,104.589996,174.480316,40.247822,70.027390,194.159683,129.857910,307.522247,25.690001,96.069450,220.330612,246.834076,200.966278,337.347168
2025-03-18,211.767044,380.606232,192.820007,160.114822,580.548767,523.140015,225.309998,115.402802,229.076462,332.283142,159.797729,84.604866,162.010574,526.241943,109.865105,489.983307,340.951752,153.884888,816.464844,40.733807,205.206573,67.425430,186.588974,143.251785,891.860962,147.435852,519.588074,58.552361,24.529488,123.200874,391.369995,71.515228,98.263290,296.735382,69.599167,211.001877,147.275436,103.510002,173.956848,40.782612,68.658104,193.532242,130.487274,308.957245,25.920000,97.200699,217.501480,240.960068,199.732788,331.508728
2025-03-19,214.305954,384.873566,195.539993,163.323669,582.243591,525.270020,235.860001,117.492310,233.112625,337.345276,158.571884,85.336349,162.841385,532.098083,111.576317,489.399780,344.706848,156.985367,830.858276,41.281487,203.671219,67.328239,193.412872,142.405670,897.819580,150.395416,516.509399,59.348591,24.436255,124.293396,387.890015,71.203064,99.193016,299.980316,71.214111,208.502930,147.706253,106.230003,176.176758,40.515224,68.463890,192.526474,133.073624,306.145416,24.120001,97.974205,219.998901,246.170563,204.487640,333.389221
2025-03-20,213.170929,383.901001,194.949997,162.237457,584.177429,528.729980,236.259995,118.502068,233.015137,336.978027,158.601074,84.822334,161.856018,532.385864,112.050049,497.277588,346.755066,157.674347,836.377380,41.545551,203.392960,67.746124,189.008530,141.482635,889.229370,150.661789,516.738586,58.863083,24.417606,123.669098,389.609985,70.100723,97.778648,300.058472,70.979210,208.493027,147.252335,107.139999,175.149170,40.340027,69.095116,194.593369,132.237717,305.457031,23.959999,98.921753,220.730591,237.418137,202.856262,331.055878
2025-03-21,217.322830,388.287445,196.210007,163.423340,594.395630,521.909973,248.710007,117.672264,235.569427,333.166565,159.194534,85.223778,161.025238,531.700989,111.663322,502.675385,342.492767,157.655212,831.414124,41.535770,201.521759,66.735435,190.119553,139.848114,902.993713,150.178375,515.821960,58.552361,24.501518,123.239883,387.260010,66.276703,98.372093,298.533752,70.979210,209.593750,146.296219,106.440002,173.520615,40.561321,68.832916,193.882858,130.172592,306.426605,24.260000,98.544662,221.520798,237.954788,203.055222,330.593109
2025-03-24,219.772141,390.093597,203.259995,167.100601,616.925293,525.849976,278.390015,121.381401,241.838165,341.315582,158.863754,86.720490,160.020554,539.621582,111.953369,502.335022,354.801636,157.913589,858.543274,42.122570,200.715729,67.007538,189.712845,140.809601,919.658081,152.782806,517.993958,59.202942,24.370991,124.088547,394.470001,65.740166,99.084213,298.758575,72.701813,211.021713,146.363831,113.849998,179.831329,40.164841,68.046303,195.479187,132.454086,304.817108,24.219999,98.805725,227.198563,242.423706,209.123093,336.392120
2025-03-25,222.779053,392.157806,205.710007,169.970627,624.362122,528.869995,288.140015,120.661568,244.831161,342.059967,156.655304,84.014496,157.315750,541.100525,112.717117,499.349182,352.090179,158.793991,846.085510,42.327950,193.202179,66.871475,186.746872,139.934647,923.848999,151.855469,512.454285,59.222366,23.820919,122.518059,403.640015,64.910965,100.498573,299.980316,72.662666,210.625061,147.001236,114.809998,178.338470,40.100296,66.609039,195.728333,133.407990,297.525818,24.200001,99.153809,225.052322,243.838516,211.013092,337.327454
2025-03-26,220.568665,387.007202,201.130005,164.489639,609.079773,533.210022,272.059998,113.733200,244.733658,341.623291,157.336304,84.460533,160.918976,544.981384,114.341309,503.988403,353.202087,160.736557,820.683594,41.878067,193.163803,68.047386,177.829132,142.915253,923.342529,145.808090,511.786713,60.008888,23.503927,123.503265,397.809998,64.130562,99.677650,306.489716,71.909035,208.651688,149.048691,110.190002,178.842560,40.736515,67.716125,196.651047,132.100052,296.410828,23.420000,99.782272,226.379089,244.267838,206.278168,335.840729
2025-03-27,222.878601,387.612579,201.360001,161.679398,600.705994,534.520020,273.130005,111.403755,241.896637,347.261047,158.708099,84.876846,162.976593,553.418152,113.973938,501.576385,353.787292,159.473389,815.630920,41.623791,194.526428,68.747108,170.607651,143.905579,932.280457,143.815308,509.804108,59.620480,23.317467,128.126968,396.149994,64.189095,99.351257,305.619843,70.744308,208.354202,149.705414,106.650002,175.226746,41.455715,68.007462,197.619904,131.214996,296.468994,23.620001,99.414856,226.496155,240.238037,204.796021,334.058716
2025-03-28,216.954422,375.922089,192.720001,153.796722,574.946350,526.309998,263.549988,109.644165,236.758835,340.303131,159.272369,84.401062,162.319702,536.584351,113.819260,501.887634,349.320190,158.937515,816.464844,40.342606,196.992538,68.387543,167.760712,143.520996,923.253113,138.971466,498.326324,59.096127,23.503927,127.609978,385.709991,61.740536,96.997292,300.146454,69.188087,204.441193,149.850296,103.220001,170.932343,41.428055,68.415329,194.085876,129.533386,297.613129,22.709999,98.979767,222.837784,238.081619,198.827606,324.597168
2025-03-31,221.166061,372.537994,190.259995,154.105652,574.567505,532.580017,259.160004,108.354462,239.147385,347.856598,161.344620,87.017853,164.628479,544.038452,114.979385,509.386139,357.454529,160.085831,819.839783,40.812042,201.051575,69.602318,166.084290,144.165192,939.262085,137.925781,495.775726,59.921490,23.625130,129.395065,383.529999,61.925884,97.620399,305.307037,70.264725,203.596985,153.298096,102.739998,174.199173,41.824539,68.842621,195.386917,130.261124,302.073181,22.709999,101.542000,227.530243,242.628601,199.096161,324.705475
2025-04-01,222.221481,379.286377,192.169998,156.527252,584.177429,532.989990,268.459991,110.124054,237.548508,343.777161,149.095901,88.048706,164.763718,544.425598,115.085739,508.773468,356.508514,161.253265,799.311768,40.577328,197.932938,69.845284,167.165543,143.905579,947.822693,140.027054,481.199341,60.008888,22.879272,128.458618,383.200012,63.174553,96.611557,306.538605,69.794922,199.018524,152.680023,102.779999,172.541534,41.842983,68.871758,196.955536,130.644623,297.584045,22.049999,101.899750,228.291183,244.267838,202.717026,325.463593
2025-04-02,222.918442,379.236755,196.009995,156.497345,582.113892,537.719971,282.760010,110.393982,239.654327,343.757263,151.148697,88.970512,163.739731,543.303955,114.728020,508.851257,361.746124,159.301147,812.206299,40.929405,196.896591,69.320496,170.706833,143.376755,958.429077,143.894226,487.266998,60.028309,23.028444,128.692719,385.779999,63.369648,96.809372,304.534912,70.724739,203.755890,150.825714,102.959999,172.735413,41.252865,68.444473,199.299271,130.939636,296.401154,21.980000,102.586227,229.530136,243.916595,198.718185,329.490417
2025-04-03,202.308243,370.275299,178.410004,150.199173,529.966614,530.159973,267.279999,101.776024,222.953995,336.868835,155.487839,86.492516,166.531555,526.599365,108.695305,525.618469,347.135437,149.396851,783.290405,36.401257,193.490082,71.118370,152.772156,145.540115,960.415161,135.380539,468.306763,56.020554,22.646191,128.400085,367.250000,54.219296,87.868248,311.073639,64.274750,196.545593,156.523834,93.800003,159.173645,42.064278,70.056519,190.708710,128.068130,300.424927,22.430000,92.095558,217.082001,237.584015,186.642090,301.036835
2025-04-04,187.562531,357.106110,171.000000,145.096893,503.160278,493.540009,239.429993,94.287781,206.268494,310.803925,149.086166,82.458313,158.185150,486.122986,100.874039,510.650513,345.174957,137.109787,732.784363,33.633507,179.403412,67.959930,145.114197,140.963455,910.163940,126.541306,436.304535,53.312878,21.415520,121.386520,349.070007,55.848408,82.616333,293.324249,59.684395,180.525986,145.465637,85.760002,146.755783,39.676144,64.977570,176.231171,115.500267,285.435150,19.850000,83.432289,217.833160,221.962326,165.931732,283.629883
2025-04-07,180.672562,355.141144,175.259995,146.242905,514.644470,490.380005,233.289993,97.616997,210.349136,309.999969,146.537186,83.092682,154.784760,481.904602,99.520546,510.310089,333.090485,134.114594,718.410767,34.797333,179.009979,66.443878,152.901108,137.675156,901.871460,125.446259,436.264679,53.185802,21.098528,121.796204,340.700012,54.248558,82.388855,293.109283,60.849110,179.383835,146.054764,83.639999,149.285889,39.261219,63.180992,172.973938,115.372429,280.878143,19.570000,82.832817,211.638351,220.303574,166.817032,275.733826
2025-04-08,171.671768,351.866211,170.660004,144.199982,508.862488,492.640015,221.860001,96.277313,212.732773,305.980011,145.934006,81.070625,153.007309,476.346344,97.422630,537.911804,326.975006,131.033249,720.902344,34.259422,168.569717,66.492462,154.775940,134.896469,902.487305,122.822113,417.772705,51.993252,20.361990,120.908531,340.000000,51.965847,80.826134,293.050598,60.761024,173.444778,144.123215,78.209999,141.540466,38.883175,62.258434,168.729416,118.460304,271.734985,18.129999,79.922508,206.516663,215.668793,168.478226,269.708374
2025-04-09,197.987091,387.523254,191.100006,158.161591,583.948242,521.409973,272.200012,114.303062,229.869492,329.960541,146.877716,88.811928,156.803757,512.403320,102.285538,562.634705,346.628296,139.741364,748.170471,36.332794,172.571182,67.979362,183.661865,139.982712,958.538330,137.807388,451.887177,56.822105,20.968004,123.922722,364.640015,57.867725,90.439812,297.087219,64.920731,190.576706,146.605270,96.839996,164.311432,39.547054,65.628227,183.714447,126.297989,282.235535,21.530001,88.479424,217.745361,229.602402,186.283997,296.360229
2025-04-10,189.593674,378.452728,181.220001,152.291931,544.591003,515.809998,252.399994,107.544655,222.777420,322.198608,144.659515,89.813042,158.001602,496.407806,96.610527,578.098633,344.901886,129.167221,715.611511,35.061390,167.159134,68.766548,170.915161,138.588562,957.664368,132.025421,425.872925,55.316750,20.128910,121.445038,350.049988,53.068184,84.297745,299.843445,61.769138,179.522888,145.996826,88.699997,151.806320,40.210361,64.793053,178.445679,124.960571,272.850006,19.879999,80.531647,215.794235,223.982117,180.554321,284.693298
2025-04-11,197.290115,385.498779,184.869995,156.597000,541.879456,524.109985,252.309998,110.903862,231.694016,330.923340,147.617111,91.983788,161.237778,506.756683,99.713898,583.029541,345.135986,129.789246,727.026978,35.159195,167.974792,69.417671,180.477676,138.867386,956.770508,131.035355,436.543671,56.040108,20.427254,123.766647,352.470001,53.058426,83.961456,302.892914,61.181885,187.438324,148.623749,93.400002,143.081818,40.969219,63.909340,183.206955,126.130814,277.281006,19.740000,83.528984,214.965012,229.768280,180.713470,288.916962
2025-04-14,201.641174,384.863617,182.119995,158.520325,529.827087,529.520020,252.350006,110.683914,230.242233,332.690155,150.175812,93.896812,163.382324,509.450775,99.955597,570.959900,348.393646,129.492584,748.805725,35.863354,171.861099,70.408936,176.926437,141.098053,972.570923,133.302597,447.682648,56.118305,20.623043,124.820145,350.910004,54.053455,83.733978,308.923401,61.759350,191.649307,152.197128,94.500000,146.358337,41.503239,65.735039,184.775604,126.996216,284.979462,20.309999,83.586990,218.662384,233.261444,185.020676,293.514832
2025-04-15,201.262802,382.799438,179.589996,155.769897,519.898071,528.169983,254.110001,112.173561,228.682571,333.315430,149.455872,93.143501,162.744736,514.341858,99.675224,567.585144,345.379822,128.746155,751.614868,37.154316,171.221924,69.835564,177.511703,137.338623,970.187439,132.609543,439.383209,55.913029,20.921387,123.693169,350.380005,53.487652,84.080147,305.414581,63.168755,188.620193,154.611572,95.290001,146.552200,41.671871,65.705910,183.446869,126.504524,286.317505,19.850000,82.881172,215.121109,234.861679,184.692429,288.897247
2025-04-16,193.426956,368.786713,174.330002,152.800171,500.747772,516.450012,241.550003,104.465385,225.229721,328.868744,149.738022,90.387947,160.735428,510.415039,100.729027,568.995300,337.459991,129.530884,729.498718,36.508839,166.263443,69.660629,173.206589,134.694534,961.080627,128.471069,435.188690,54.505424,20.548458,127.103493,344.190002,52.238991,81.864647,302.110992,62.620655,189.355118,154.988220,88.290001,142.063950,40.856800,63.744244,178.344177,127.104378,274.042603,19.230000,83.499977,209.170181,232.783340,181.489380,285.658142
2025-04-17,196.125198,364.985809,172.610001,150.637680,499.920410,518.210022,241.369995,101.466087,227.534912,327.161469,153.201508,92.400093,164.831360,514.292236,103.368332,441.656036,346.306396,131.932770,833.786560,36.587074,167.532120,70.943443,169.615677,137.338623,987.646240,127.342392,425.932678,54.505424,20.641689,128.357864,348.799988,54.394886,83.882332,304.261230,63.335148,185.551361,157.624817,87.500000,143.896072,41.259651,64.394890,181.407654,126.750366,268.855316,18.930000,86.033218,213.648010,233.017517,180.832855,289.704651
2025-04-21,192.321777,356.391602,167.320007,147.159744,483.152679,506.920013,227.500000,96.887177,224.621567,317.722168,152.666428,91.597221,161.115234,506.329193,101.850479,413.665344,338.347534,127.971054,812.007812,36.107849,164.791412,70.719925,164.874100,136.271393,951.169434,121.600006,420.303436,53.146706,20.548458,127.289688,343.220001,54.746075,83.081192,301.739624,62.650017,183.694153,156.630051,85.559998,141.152710,40.219730,62.811977,179.220764,124.026337,265.355103,18.840000,84.650574,207.570251,230.490341,177.410965,281.691345
2025-04-22,198.873245,364.033112,173.179993,150.946609,498.724091,520.789978,237.970001,98.866699,231.095642,328.938202,153.473923,94.015755,163.185699,524.233459,104.702499,415.464600,345.691895,131.387329,821.457825,37.477058,168.297180,71.818092,168.217010,137.934753,972.481506,125.976097,433.136169,53.801632,21.005297,129.092880,349.910004,55.663063,85.148331,311.865326,64.822861,190.755493,158.494019,86.260002,142.267502,40.463314,64.715370,183.040863,111.861694,269.931580,19.510000,86.787369,213.716293,235.056824,188.183929,288.052521
2025-04-23,203.712143,371.545593,180.600006,154.813202,518.651978,526.809998,250.740005,102.685799,236.284744,331.886139,151.168167,94.124779,161.095795,526.897705,103.803398,416.223236,347.632843,130.794022,823.323975,37.897598,171.464035,71.234993,175.488113,136.780975,969.114990,130.094757,430.057556,54.378357,20.874769,127.240677,351.959991,55.984974,86.335205,311.278931,66.496521,194.966446,162.357132,90.389999,147.492538,40.004250,65.327171,182.062759,118.283295,269.446777,20.590000,86.951752,213.559372,239.525726,192.660233,292.603241
2025-04-24,207.465775,384.357513,186.539993,158.729614,531.491821,531.640015,259.510010,106.404922,239.973007,333.216156,150.730362,94.997040,155.069183,532.315674,105.021523,412.614990,350.773499,133.081100,853.411194,38.709343,174.679276,70.476959,186.637756,130.098648,968.757324,136.144089,425.095764,55.023506,21.238379,126.789909,360.910004,57.048294,89.025459,309.070007,68.082092,195.155151,164.250061,94.470001,157.167023,40.107307,64.433739,185.227707,119.945236,271.327759,21.490000,88.759827,217.766632,223.767471,196.370605,303.574524
2025-04-25,208.371826,388.872986,188.990005,161.400360,545.567932,530.960022,284.950012,110.983856,238.903809,332.680176,150.389862,94.253632,156.517502,530.347351,104.963531,407.158813,348.764252,132.755737,878.038940,38.816921,180.189758,69.884155,190.764313,128.242981,970.425720,137.114349,422.684662,55.434055,21.368902,126.270523,367.720001,56.209351,89.292503,309.578247,68.248489,195.790771,164.414246,96.650002,157.874695,39.264122,64.181244,183.769821,123.141289,272.297333,20.049999,88.682465,216.648621,226.772751,197.385239,303.168945
2025-04-28,209.228104,388.188202,187.699997,160.055008,548.030212,530.940002,285.880005,108.704391,238.580093,335.002808,151.138992,94.382500,157.324295,531.351440,105.021523,408.481537,348.120575,134.066742,870.842163,38.904942,186.271622,69.767532,190.923035,128.608337,971.796326,138.747955,419.795258,55.561127,21.490103,126.936905,368.619995,55.906940,89.173820,309.646667,67.954857,194.569214,163.380859,96.389999,157.467529,39.713814,64.278358,185.153900,122.728264,274.478912,20.510000,89.852386,216.883972,230.431808,199.802460,303.772369
2025-04-29,210.293457,391.046295,187.389999,159.606567,552.715637,534.570007,292.029999,108.994316,239.953384,338.983002,151.683807,95.195290,157.722824,536.510864,104.760498,398.006866,350.149231,133.301178,878.694092,39.110321,187.404709,70.311745,189.633499,129.137161,984.865662,139.391510,425.962585,56.049881,22.180027,127.887482,370.980011,56.131310,90.172760,307.388916,69.589378,197.568527,164.433548,96.059998,155.848663,40.238468,65.307747,195.147018,123.642822,279.782501,20.340000,88.837158,218.963089,233.583450,199.444336,304.108704
2025-04-30,211.577850,392.257050,184.419998,158.251282,547.292603,533.250000,282.160004,108.894333,239.953384,342.933472,152.072952,96.394646,158.024155,544.841675,102.121185,400.156281,351.602539,130.200714,892.343018,39.002739,188.944534,70.506119,190.923035,130.358261,987.646240,139.322205,427.427216,56.431099,22.758068,128.132477,374.980011,55.019218,89.955170,312.422424,69.501297,197.965775,165.495911,97.349998,156.474350,41.278389,64.948433,194.233505,124.036179,282.070740,20.100000,86.168571,219.247498,235.954514,200.478851,305.958679
2025-05-01,212.394302,422.168030,190.199997,160.742645,570.430420,530.229980,280.519989,111.583702,242.180084,339.906128,150.273102,96.553246,155.506592,543.420105,102.266212,389.691376,349.466492,130.392105,788.263550,39.286362,187.240067,69.281616,195.743988,128.406418,992.154968,144.044830,418.350586,56.812328,22.310555,128.259888,374.630005,55.370399,89.816704,306.548370,70.284302,195.363724,164.230743,96.650002,154.724350,40.566372,64.142410,194.454971,125.294937,275.147888,19.980000,87.647903,218.031433,233.846909,202.537964,310.598511
2025-05-02,204.458893,431.972961,189.979996,163.463196,595.163208,539.799988,287.209991,114.473030,247.692856,345.017883,151.888092,97.881462,156.031494,556.105164,102.681923,388.952240,355.533142,132.535645,817.566650,40.166565,192.208237,69.631477,202.003265,128.598724,1002.655823,149.232742,421.997192,57.995110,22.562281,130.161041,380.869995,57.155598,91.478325,304.906311,72.232018,197.687714,165.013016,98.800003,160.834717,40.978592,65.152359,197.583008,128.048447,272.665771,20.620001,88.382736,222.807480,239.594040,206.606415,320.214447
2025-05-05,198.026917,432.856232,186.350006,163.642578,597.406250,512.150024,280.260010,113.793190,247.741913,346.050140,150.798462,98.456352,154.388733,557.824951,99.839584,393.708069,352.811951,129.664841,815.422485,40.215462,189.883926,69.680069,199.106735,126.906525,1009.208984,147.807053,420.721863,57.985329,22.254612,129.945450,381.059998,55.945961,91.102486,308.581329,72.280945,196.048996,167.263275,100.589996,158.791412,40.791218,64.190964,197.693726,126.455345,271.541077,20.270000,84.708580,220.846054,243.135986,207.839890,319.650543
2025-05-06,197.648575,430.017944,185.009995,162.665955,585.483459,512.330017,275.350006,113.513260,244.495056,345.117126,150.282837,97.683220,154.796982,555.707520,101.231743,383.690582,350.519897,129.760544,769.423096,39.941628,181.245361,69.699501,198.481781,125.704659,1004.843567,146.232864,405.527771,57.887581,21.331608,130.396225,382.980011,55.643547,91.161827,309.627136,71.918816,188.749313,168.122833,98.620003,157.491119,41.362709,64.618256,193.707550,126.032478,262.213684,19.940001,84.727921,218.708115,243.077438,207.501694,317.454315
2025-05-07,195.398376,430.057678,188.710007,150.856918,594.953857,518.219971,276.220001,117.032425,244.632385,347.251160,153.036118,97.960747,154.835892,563.004395,101.135071,380.335175,353.806824,129.942337,771.011292,40.029644,182.155701,70.360352,203.163849,126.839203,1001.512329,147.886261,406.354767,58.229706,21.247700,131.268402,384.970001,57.184864,100.973320,310.936829,71.625191,191.768509,169.359009,100.360001,161.108459,41.119122,65.414574,198.025894,125.383438,267.449432,20.309999,84.805267,219.198456,247.224365,208.814743,316.860748
2025-05-08,196.632996,434.841003,192.080002,153.746887,596.150146,513.250000,284.820007,117.342354,248.634567,348.660583,151.440582,96.573059,154.213776,563.789795,102.546570,374.976288,355.864746,131.138504,745.927063,40.684906,179.724915,69.164993,206.100082,126.368073,1002.069214,148.807037,409.274017,58.366554,21.415520,131.317429,383.989990,57.467766,103.970177,306.401703,71.752426,193.486664,166.114014,101.699997,161.939468,40.856800,66.346848,197.961334,126.534019,263.774689,21.000000,85.878510,220.149734,247.975693,213.360687,320.778351
2025-05-09,197.668472,435.396759,193.059998,152.222183,590.647400,513.739990,298.260010,116.622520,248.251999,349.921143,150.039612,96.101097,153.251465,565.300903,103.745384,370.200989,353.767761,132.526093,729.171082,40.870724,178.775833,68.533318,206.526611,125.416214,1002.447083,148.846619,401.652039,58.425205,21.168491,130.572617,383.279999,56.872704,104.781212,306.587433,71.299728,188.431488,163.892700,102.839996,168.421341,40.856800,68.279366,196.568008,126.534019,257.773010,21.420000,85.656128,217.972580,244.773590,213.828201,322.133667
2025-05-12,210.150497,445.846771,208.639999,157.912476,637.441284,514.299988,318.380005,122.971024,255.089020,353.206604,149.961777,96.130898,156.400848,574.874329,105.533928,368.362793,367.305573,135.521271,750.016785,42.406189,184.073242,67.571198,219.799057,126.608452,1010.461975,155.658310,431.004028,60.282452,21.938082,129.347656,395.940002,61.047920,109.281441,304.867249,73.691139,199.455536,159.189377,108.120003,183.096008,40.285313,67.677284,202.390396,128.392624,266.402313,22.180000,89.214241,228.289642,249.183838,217.797195,338.882385
2025-05-13,212.283997,445.727722,211.369995,158.978745,653.989746,511.880005,334.070007,129.899384,257.992584,354.081512,144.416290,95.266464,154.291519,573.204224,105.823959,302.840424,364.389313,136.219849,740.576660,43.305954,182.068542,67.017250,230.551956,125.291214,993.437805,160.658127,427.377411,60.389980,21.729057,126.466507,397.399994,60.862568,110.161697,301.710266,74.783524,195.264420,158.213943,112.459999,183.995453,39.957405,70.027390,201.356949,128.549973,262.223419,22.559999,91.051331,226.318405,253.996796,220.413345,348.765442
2025-05-14,211.685822,449.498840,210.250000,164.798569,657.309387,503.399994,347.679993,135.308105,260.572388,354.399628,142.392670,96.210396,153.601379,569.913635,104.876526,299.562836,363.618744,135.569138,710.300781,43.755836,171.841721,67.211617,230.254349,123.502861,985.989685,161.331375,404.561340,59.911007,20.921461,125.986320,399.470001,60.218731,111.704643,300.547150,75.068924,186.534576,158.416748,117.720001,183.154663,39.676342,70.105080,200.397293,128.618820,254.301926,21.520000,89.504326,224.102005,253.240479,222.064621,345.916290
2025-05-15,210.808502,450.512909,205.169998,163.393448,641.877502,507.329987,342.820007,134.798233,262.387054,360.205902,145.554565,95.733475,157.868652,578.781189,105.940025,266.825958,369.295319,136.133713,727.900513,43.403751,175.947937,69.592598,230.770172,126.435387,1004.813660,157.816650,403.445435,62.814182,21.472527,130.680435,404.690002,60.872330,110.992523,307.369354,74.389870,189.643143,163.351883,114.989998,183.633728,40.735004,72.396927,205.112427,133.270325,263.425659,21.549999,89.881401,227.965988,261.943085,228.172287,346.064697
2025-05-16,210.619064,451.646332,205.589996,165.615723,638.348511,514.309998,349.980011,135.368103,262.455750,363.009583,147.227951,97.611366,158.714310,579.854919,105.559502,283.904419,371.392273,135.980621,753.364441,43.706932,178.214111,69.971611,226.772583,126.896889,1020.087708,158.895828,410.549286,62.188580,21.691051,132.101425,417.130005,61.564941,112.179390,311.405914,74.970505,194.767838,164.607391,117.169998,184.288773,41.212807,72.833923,206.707626,133.230957,266.457947,21.660000,89.368958,229.711670,262.021698,230.559647,349.794281
2025-05-19,208.146591,456.219757,206.160004,165.964508,638.438232,512.390015,342.089996,135.538055,259.826874,365.773499,148.356506,97.492149,160.162659,582.966431,103.881325,307.226746,370.026794,134.140305,751.096619,43.785179,179.850815,69.903580,228.776321,126.714218,1028.550171,158.054260,412.402496,62.481831,21.852571,132.836380,420.679993,60.560162,111.427711,313.966736,74.852409,195.065765,167.243973,114.739998,184.132339,41.512608,71.726845,208.618149,134.922409,269.822754,21.379999,88.159821,229.907791,263.642395,234.051147,348.795135
2025-05-20,206.232422,455.523834,204.070007,163.413361,635.118591,508.739990,343.820007,134.348343,260.611633,364.719635,149.494797,97.174194,161.008331,577.697571,102.398270,312.760681,367.754242,132.958603,743.039673,43.706932,179.017929,69.670357,229.817871,126.723816,1031.016113,158.717606,412.233124,61.993080,22.346630,132.493378,417.609985,61.028412,111.130989,312.569031,74.320976,196.416473,168.161438,113.510002,184.494080,41.428288,72.260963,208.729431,134.902740,269.001160,21.270000,87.457741,226.789154,262.208313,234.021301,345.748108
2025-05-21,201.476883,449.956177,201.119995,167.977539,633.523560,507.029999,334.619995,131.768951,256.060150,356.229004,149.027802,95.812950,160.804184,566.195557,101.139648,294.670837,361.697327,131.302307,721.096924,42.298607,176.064163,69.825844,227.883560,125.137375,1019.560730,155.618683,396.819824,61.778030,21.890575,130.386444,414.029999,58.511570,109.251762,309.285034,72.027985,185.531479,168.663666,112.059998,181.277573,40.987961,69.473846,205.770905,132.709763,265.411285,20.690001,84.980957,222.983994,256.236298,232.310379,338.842834
2025-05-22,200.749084,452.232941,203.100006,170.279556,634.590210,503.570007,341.040009,132.798706,255.697235,355.900909,148.473251,95.316154,160.415390,566.792053,100.466423,288.533875,357.103485,131.040787,711.398743,42.357292,176.780807,69.135849,228.677124,125.108528,1012.430847,155.747391,399.011780,61.934429,21.890575,128.867462,414.329987,59.818764,109.914436,307.203217,72.224808,186.196884,169.233459,110.709999,176.183975,40.407104,65.006699,207.403198,131.844376,265.959076,20.549999,83.986336,219.433823,253.780701,229.057602,341.494141
2025-05-23,194.677597,447.579956,200.990005,167.887848,625.109741,503.459991,339.339996,131.259064,255.736404,351.496521,148.794312,95.723526,161.222168,560.270569,100.524956,287.463989,353.767761,132.251541,709.916687,42.249710,177.478104,69.748093,226.881683,124.358574,1002.854736,154.420715,392.216766,61.690056,22.156609,128.671478,407.690002,58.550594,108.519867,307.457336,71.673698,183.277008,172.092178,110.309998,172.361313,40.585106,65.803017,205.919312,130.816422,265.724335,20.049999,83.069733,216.805527,254.036102,231.564316,339.713409
2025-05-27,199.602600,458.029266,206.020004,172.302536,640.322388,509.160004,362.890015,135.468063,260.229065,357.223206,150.374084,96.955597,163.069016,571.176086,101.003036,286.909607,361.268188,133.501022,721.365479,43.247276,179.860489,69.757812,233.755966,126.310387,1012.092773,160.301697,402.070496,62.315659,22.432140,130.278641,413.100006,61.291801,111.130989,307.828766,72.815277,187.885254,173.096588,114.559998,179.146286,40.753746,66.074936,210.027863,132.635117,273.344086,20.549999,83.420776,221.454086,258.554382,240.506989,347.746460
2025-05-28,199.811951,454.718475,204.720001,171.764420,641.578430,503.109985,356.899994,134.778244,258.463409,357.650757,149.569473,96.617767,162.680237,572.538086,99.627327,289.934326,358.985901,131.747879,715.566467,43.090794,177.313477,69.145569,237.505600,125.637360,1007.468811,162.222458,400.655701,61.914879,22.023592,129.377075,412.230011,60.267502,110.300171,305.766449,72.559410,187.716415,172.671646,112.860001,180.035934,40.407104,65.268906,208.312103,131.310638,272.317047,20.370001,82.474915,220.188980,255.617462,242.387039,345.748108
2025-05-29,199.343384,456.030884,205.699997,171.266144,643.043884,506.179993,358.429993,139.157211,259.326599,360.305298,150.697891,96.478668,163.846664,574.387207,100.193230,289.992706,359.210205,133.578522,718.729553,43.266838,179.763626,69.475983,240.025192,126.839203,1003.093384,161.281876,402.269775,61.631409,22.280121,130.190445,413.359985,59.935825,110.794701,304.808594,73.327026,189.166443,171.783127,113.029999,180.857178,40.594479,66.997498,208.850006,133.238037,277.344757,20.250000,83.469528,220.591064,254.095047,242.874466,348.023499
2025-05-30,200.240662,457.701141,205.009995,171.146576,645.476318,503.959991,346.459991,135.098175,258.963684,363.079193,152.297318,98.088303,165.139496,582.161255,99.812714,293.630157,359.210205,132.406509,733.749268,43.159256,180.238174,70.068794,240.124374,126.387306,1034.357544,163.885757,401.343170,61.621628,22.318127,130.905823,415.089996,59.106640,111.803543,306.753601,73.592735,188.600327,174.410049,110.730003,178.764999,41.184700,68.599838,210.222610,134.898575,281.883331,19.549999,83.225754,221.375641,254.458450,244.615250,344.303741
2025-06-02,201.088074,459.301849,206.649994,168.445938,668.813416,502.809998,342.690002,137.347641,259.611084,363.208466,152.483719,99.131584,163.088486,577.807007,100.544472,296.363068,358.888336,133.510696,743.149048,43.110352,181.090439,69.971611,246.711014,125.868111,1050.934082,164.915436,395.016479,62.413406,22.289619,130.896027,403.399994,60.461800,111.714523,307.343353,73.533691,187.934937,176.496140,114.629997,180.094604,41.315865,68.675224,209.156052,135.867218,282.167023,19.740000,84.561653,221.169678,259.212463,246.176956,340.979706
2025-06-03,202.653305,460.296082,205.710007,165.605759,664.776062,497.829987,344.269989,141.186722,261.190369,363.745300,151.522125,99.340240,162.184494,578.552551,101.276237,292.959045,363.882111,135.167007,746.789673,43.667812,181.342209,69.155289,254.785599,126.771919,1049.681152,167.459885,398.463776,62.911938,22.185110,131.033234,412.489990,61.247395,112.357422,307.058319,74.448921,190.745560,176.129120,117.309998,183.878143,41.062912,69.458397,210.315353,135.906769,283.243011,20.290001,85.722038,224.386414,260.489410,247.559647,345.659058
2025-06-04,202.204681,461.190887,207.229996,167.469315,685.810486,491.000000,332.049988,141.886566,259.179443,365.872955,150.344650,98.714264,161.309662,580.699890,99.812714,292.142120,363.218903,133.055466,761.769592,43.384193,181.429367,69.359360,258.981567,126.666161,1045.802979,166.430237,402.180115,62.941257,22.223114,130.298233,413.910004,61.640202,112.248627,306.252319,74.183212,191.758560,174.477646,118.580002,186.459152,40.510162,68.410896,210.946030,136.944595,280.738953,20.250000,83.810814,223.984314,260.803711,249.559082,345.589813
2025-06-05,200.021332,464.978882,207.910004,167.628769,682.490723,488.739990,284.700012,139.957016,256.952789,364.650024,150.776398,97.333160,158.247726,582.002258,99.354134,287.726593,362.414124,132.600220,761.610413,43.403751,181.555283,68.912331,257.840820,126.060417,1005.151855,169.440018,396.899506,63.166080,21.966585,131.258606,415.200012,61.542000,111.299126,303.706512,73.710831,190.834930,175.733170,115.690002,186.234314,40.566372,69.996849,210.222610,137.458557,280.826965,19.990000,83.225754,223.199753,262.119904,250.593597,345.223755
2025-06-06,203.301331,467.663300,213.570007,173.079849,695.540100,493.529999,295.140015,141.686600,260.660645,368.080109,152.120682,96.846306,159.433609,586.654785,101.734810,294.904205,360.500397,135.806274,765.788025,44.239956,183.840805,69.339928,244.945312,126.393814,1009.258728,172.291412,400.426544,64.573685,22.185110,130.905823,416.920013,61.669662,112.654144,302.114136,75.118134,194.678467,175.511032,116.190002,188.121170,41.034801,70.642967,212.179520,137.488220,283.986328,20.059999,85.049217,220.924500,264.094177,254.284073,349.566803
2025-06-09,200.838837,470.019623,216.979996,175.693954,691.901367,493.329987,308.579987,142.596405,261.651367,364.540710,152.316925,96.826431,158.014435,580.898743,102.417793,294.875061,358.410004,136.338989,769.597778,44.141575,183.191956,69.748093,242.316620,126.325783,1000.547668,175.390320,407.032288,64.417282,22.774179,130.729431,416.260010,60.795681,114.394890,299.578186,75.246063,197.836670,174.448669,121.730003,194.759506,40.894276,70.388435,210.649231,139.346436,283.644043,20.480000,85.848793,219.296524,267.247162,250.086288,354.236237
2025-06-10,202.055115,468.200195,217.610001,178.198334,700.215515,491.130005,326.089996,143.926086,263.475922,368.557373,153.514053,96.697258,158.286606,586.078125,104.613083,295.458557,361.069611,138.847641,802.899780,44.358006,183.521225,70.311745,242.663818,128.143463,1001.631714,175.717056,413.020203,63.684162,23.087715,131.444824,416.059998,62.720402,117.431313,295.302429,74.252098,201.233276,172.903427,123.239998,197.770676,41.343971,71.279297,209.842377,136.914932,287.018616,22.080000,88.910652,220.551819,271.333282,240.725830,354.730865
2025-06-11,198.176926,469.890381,213.199997,176.951126,691.981140,488.140015,326.429993,142.806259,263.034485,371.152252,152.346359,95.186996,157.577026,587.271057,106.652267,302.042908,353.758148,140.232727,804.312195,44.003845,185.458130,70.039642,250.877258,126.267448,991.200378,174.627991,413.627991,62.745762,23.258736,132.571793,412.839996,61.974079,118.212669,296.570404,73.740364,203.318893,177.094910,121.139999,195.228775,40.978592,71.465302,209.434280,140.166794,285.434052,20.680000,91.026642,217.325317,276.519501,244.227310,359.251953
2025-06-12,198.595657,476.104248,213.240005,175.304840,691.203613,490.339996,319.109985,144.975906,263.122772,369.253265,153.720108,94.223198,158.617096,585.819702,107.062057,309.765137,356.407928,140.416763,807.714111,43.895638,186.349091,70.204849,254.011856,128.600342,997.097168,197.874741,413.807312,63.635281,23.600779,133.718353,413.679993,61.669662,117.312622,297.985840,72.834961,203.696320,177.799927,118.500000,195.199448,40.435207,72.287643,209.647614,139.346436,290.794312,20.770000,92.333290,219.188644,276.038208,238.726410,357.095276
2025-06-13,195.854004,472.216827,212.100006,174.277161,680.746277,487.540009,325.309998,141.946396,259.895538,350.810516,154.151840,93.835693,155.798203,558.729736,109.393951,304.931458,348.065979,141.327240,815.005127,43.374241,185.051376,69.509941,246.701096,127.190887,984.667114,213.082169,401.699310,62.648006,23.315744,132.904968,391.679993,59.440517,116.649956,296.757141,71.211159,199.296616,178.022064,116.160004,190.643539,40.294678,73.207886,208.015320,144.001862,288.769562,20.139999,94.546791,213.078842,272.295898,235.354263,353.227112
2025-06-16,197.818024,476.372711,216.100006,176.372437,700.474915,490.230011,329.130005,144.665955,265.202332,353.425323,152.307129,93.686646,156.381424,565.330688,109.745201,301.346558,346.986420,141.443466,803.287720,43.689045,184.838303,69.020576,250.073776,127.735222,978.849854,209.003098,404.013153,64.036064,23.182728,131.327209,401.730011,60.785862,118.173111,291.233093,71.988617,199.733612,177.017654,126.389999,194.769272,39.816879,72.228912,207.829834,144.762939,289.102142,20.740000,92.635582,211.911789,276.823975,235.294571,358.559479
2025-06-17,195.046448,475.279053,214.820007,175.554276,695.596313,483.480011,316.350006,144.096039,264.378387,355.771637,149.520416,93.646904,154.087418,566.106140,111.228241,302.531738,342.295288,144.174896,787.034546,43.511963,179.628052,68.139725,247.365707,125.674500,972.247009,206.112091,389.232208,63.860111,22.802685,129.631866,382.679993,58.920055,116.837868,287.321014,71.348938,194.410294,177.181839,127.099998,193.273453,39.207912,70.349274,205.696716,146.759506,283.712463,20.799999,93.123131,207.832031,278.022308,234.508743,353.850403
2025-06-18,195.983597,477.466339,212.520004,172.930206,694.139832,485.140015,322.049988,145.455811,268.733643,338.412598,147.901382,94.481522,153.601379,535.566528,110.437935,300.896027,340.577820,143.535629,780.857605,44.328495,179.637741,67.738434,249.240494,125.460663,969.442871,208.775375,391.526154,64.358620,22.688667,129.759247,378.040009,58.438877,116.570831,284.686768,73.553375,193.109268,176.360916,126.790001,193.918701,39.039272,70.065369,205.770905,144.179764,283.301666,21.490000,91.465446,206.763062,278.179504,234.647995,355.947693
2025-06-20,200.390182,474.642731,209.690002,166.265213,680.751221,484.850006,322.160004,143.826096,269.753815,336.613068,146.979019,95.504944,154.631744,529.840271,111.911217,295.812531,343.119690,144.852921,758.676086,44.761353,179.453751,67.376305,248.564392,125.460663,974.802612,203.132004,396.832153,64.827827,22.774179,130.327652,376.920013,58.713837,116.343338,282.553802,74.202896,195.045914,177.017654,128.240005,193.772049,39.067379,70.026207,205.705994,144.940842,283.008179,21.080000,92.333290,208.646027,275.979279,238.109665,356.659973
2025-06-23,200.888687,483.193085,208.470001,164.818466,696.893372,487.769989,348.679993,144.146042,272.961426,341.763123,148.480301,97.243736,156.527222,539.165222,109.023178,294.509796,350.323212,142.247406,766.544067,45.548363,177.962296,68.257164,252.322861,125.480103,998.857239,204.983414,399.156006,65.863976,22.831186,130.592239,380.119995,59.686016,116.462029,284.578644,75.787331,194.996262,178.620834,129.580002,196.890778,39.685715,69.243027,208.432663,144.120468,266.487274,21.190001,89.427460,214.353760,284.043427,246.505249,362.308899
2025-06-24,199.692322,487.279297,212.770004,166.394943,710.531311,493.480011,340.470001,147.875412,275.894379,349.597565,149.333984,97.372910,155.875961,554.256165,105.705849,299.348419,353.718872,139.041367,773.944580,45.902519,179.695847,68.717163,262.265778,127.385307,996.311646,213.131668,403.305054,66.362511,23.097216,135.315735,382.339996,60.314499,117.852623,286.495361,76.869873,196.118500,178.176590,138.429993,201.212036,39.938667,69.898949,208.302826,140.206360,271.426910,22.549999,87.165207,215.736542,288.571533,247.440308,369.026184
2025-06-25,200.948502,489.426849,211.990005,170.296127,707.019531,486.209991,327.549988,154.284363,278.640961,343.264404,149.422287,96.637650,154.524826,546.472107,105.735130,295.822296,355.132111,138.731400,788.088928,46.089428,179.540894,68.149506,263.140808,124.440025,981.017639,208.626862,409.568512,66.655762,23.049713,134.649338,387.549988,59.735119,118.617447,280.676361,77.814629,199.624359,173.453934,143.399994,200.791641,39.460865,68.861221,205.696716,139.741806,274.224426,22.200001,86.784912,216.442657,285.890045,248.584229,367.601532
2025-06-26,200.390182,494.576965,217.119995,173.149704,724.388794,485.049988,325.779999,154.994232,283.241516,344.029968,149.157349,95.405571,154.194351,542.604919,107.315735,296.409973,356.741638,139.903412,790.893921,46.689529,180.896729,67.992912,268.629364,124.634438,977.407898,210.706024,411.034607,67.398659,23.030708,130.994019,384.950012,61.414345,120.643738,280.755035,78.690498,200.081223,174.477646,143.679993,201.700867,39.442131,69.497559,209.953644,141.016846,273.011536,22.500000,88.627861,216.962433,286.744568,249.678452,377.791321
2025-06-27,200.469955,493.075653,223.300003,178.128479,731.911072,485.679993,323.630005,157.723770,281.632751,346.595001,149.549866,96.647575,155.389954,547.088440,106.720573,302.766785,361.884186,139.273834,771.328491,46.355053,176.558075,68.834625,267.813995,127.375565,979.625610,208.151657,407.204773,67.105408,22.983206,131.689819,385.829987,70.743355,121.517822,286.573975,78.237801,197.753540,176.151291,143.809998,202.453674,39.638874,69.399658,212.244446,142.983780,271.074829,22.690001,87.925789,219.316162,284.554199,253.169952,380.591003
2025-06-30,204.547546,494.537201,219.389999,175.833649,736.360718,485.769989,317.660004,157.963760,284.379395,352.997772,149.883469,97.154320,154.865036,558.640198,105.178986,305.568146,359.823212,138.692688,775.386841,46.551804,179.763626,69.245689,274.078064,128.347595,984.398621,216.458298,404.392181,67.818993,23.030708,133.287170,386.880005,69.761353,123.176605,287.183411,78.847961,196.500153,177.221649,141.899994,202.981613,40.538261,67.960564,215.982010,144.328033,273.109344,22.400000,87.506493,217.590088,289.543976,256.034821,384.053528
2025-07-01,207.189514,489.208130,220.460007,175.444519,717.534851,489.609985,300.709991,153.274536,284.869843,353.415344,152.993973,97.611366,156.711929,561.294495,106.583969,319.447357,366.221985,140.997940,771.776123,47.368332,183.995758,70.146133,263.230255,131.477554,980.440918,216.785019,420.360016,67.545280,23.790800,133.532166,392.100006,72.088692,122.660095,292.412598,80.196205,200.041428,172.745621,136.110001,205.748383,40.922379,71.524040,221.444641,142.519226,284.172211,22.850000,89.700493,224.229492,286.027557,247.708862,386.734528
2025-07-02,211.795486,488.253693,219.919998,178.238235,711.898071,480.480011,315.649994,157.223862,286.429535,352.172577,152.640732,96.985405,156.692459,558.222717,108.349960,301.248596,364.936371,143.332214,775.138184,47.919235,184.731796,69.402298,268.360870,132.663437,976.861084,227.695557,426.633484,67.046753,24.056829,131.425232,378.470001,75.015045,122.153526,289.601440,81.052391,201.434067,171.169266,138.520004,210.773529,40.838058,71.484886,221.899063,142.845398,290.363922,21.879999,92.089516,222.562302,282.540619,243.461349,394.164062
2025-07-03,212.902130,495.958923,223.410004,179.126236,717.325378,485.000000,315.350006,159.313522,291.752014,356.785767,153.082291,97.730606,156.332825,565.897400,109.472000,302.218292,364.769531,143.709976,776.520752,48.135666,183.308182,69.832932,273.610718,131.594223,981.494995,234.962646,428.199280,68.216988,24.113836,131.748627,379.309998,75.015045,123.166664,289.060791,82.272705,202.130356,174.059235,137.910004,211.193954,40.800583,72.326797,222.956345,144.061157,291.723541,22.490000,91.348427,223.905853,286.783875,245.580139,393.600189
2025-07-07,209.313034,494.845398,223.470001,176.392380,716.666870,478.029999,293.940002,158.213715,287.779846,354.578613,152.356171,98.714264,156.012054,561.801514,108.408501,297.477631,360.804626,142.770447,768.762207,47.870049,181.710220,69.500160,272.616455,130.690201,986.626099,229.952896,417.597321,67.784294,23.980822,131.023438,376.929993,75.152527,122.332314,288.520203,81.032700,198.579178,176.316711,134.800003,208.642258,40.097939,73.178513,221.982544,144.229187,286.549133,22.000000,90.246559,220.649902,287.274994,247.702026,387.318207
2025-07-08,209.372864,493.751740,219.360001,173.967850,718.981384,477.470001,297.809998,159.973404,278.721741,352.500671,152.866409,96.468727,153.475021,559.137268,111.413620,301.385742,360.667236,148.427032,773.526733,46.384563,183.782700,68.746536,270.250000,131.263687,980.321594,232.170670,425.047638,67.449944,24.341866,130.690231,382.239990,72.589508,121.001320,286.691956,80.294617,199.623627,172.930496,137.820007,211.790298,40.341522,70.936661,222.399902,143.230881,290.510651,23.590000,93.405914,219.355362,285.261444,246.108124,390.068451
2025-07-09,210.499435,500.601959,222.539993,176.222778,731.063110,478.910004,295.880005,162.852936,279.096313,355.692169,153.347214,96.190514,153.115372,562.551697,111.033112,296.694031,364.141418,148.213928,782.737488,46.079594,184.605896,68.002701,276.315247,130.719376,976.592651,233.467636,418.774231,68.118637,24.284857,130.553024,373.380005,72.235985,119.799454,288.018890,80.491440,199.902176,173.183487,138.410004,211.555679,39.919933,72.101639,221.398254,144.486160,290.041138,23.440001,92.177269,221.218735,284.986420,249.375626,397.873932
2025-07-10,211.765579,498.583679,222.259995,177.220520,725.536011,478.269989,309.869995,164.072739,284.054077,353.822998,154.730774,94.253006,154.058243,560.968933,112.135628,293.363861,366.359375,149.327820,786.447693,46.207489,188.847702,68.286522,273.829468,132.274643,964.739319,233.160080,429.595642,67.617119,24.493883,130.925415,371.429993,73.276917,120.743065,293.297241,81.052391,204.428192,176.112366,144.160004,214.752609,40.013229,73.070824,219.589752,144.703613,293.807037,23.820000,92.996376,223.513580,282.324524,251.607071,403.958099
2025-07-11,210.519363,500.413055,225.020004,179.784744,715.828918,475.859985,313.510010,164.892593,282.743164,345.918976,153.955597,93.795944,152.658524,547.689270,112.623466,297.859650,363.189453,150.432007,788.795166,45.971378,186.378159,68.384407,272.815308,131.477554,964.898499,228.754837,433.714722,66.820580,24.370365,129.377075,363.350006,71.322723,119.064423,294.791290,81.239372,203.771683,175.061478,146.419998,216.307098,39.622902,72.835876,218.810699,145.168182,288.818420,23.430000,93.230400,219.806519,278.552734,254.446213,401.573914
2025-07-14,207.987076,500.114777,225.690002,181.151657,719.230835,476.309998,316.899994,164.042740,284.556793,348.474091,153.877090,95.167114,149.460510,550.516479,111.150177,294.411865,363.228699,146.886932,795.091553,46.305862,185.477493,67.992912,274.028381,131.778900,975.419128,227.484879,424.219849,66.692749,24.085335,129.386856,366.989990,70.949562,119.163750,296.727692,82.105400,196.709061,175.878845,146.240005,215.133911,39.584824,73.462418,220.786148,147.550247,290.539978,23.299999,91.826233,218.109848,278.749176,261.339813,401.425476
2025-07-15,208.475601,502.898621,226.350006,181.590668,708.725586,470.130005,310.779999,170.671631,282.437653,345.014221,152.258057,94.779610,148.410706,547.868530,110.164742,285.723877,351.971954,145.957123,767.648132,45.400799,182.068405,67.885246,279.337891,130.068100,962.263184,233.120407,416.889191,66.063393,23.382252,129.436066,364.179993,70.694244,118.180405,294.506226,77.607956,191.844788,176.044250,155.610001,213.481674,39.280174,73.129570,218.226425,146.957199,286.118774,22.920000,90.246559,210.862427,277.678558,263.660950,400.307617
2025-07-16,209.522415,502.699768,223.190002,182.558487,701.263000,471.309998,321.670013,171.341522,281.718140,347.877563,161.687714,94.541145,149.431351,553.005127,109.501274,286.487854,350.755005,145.211288,785.602234,45.282745,186.161270,67.797157,279.208618,131.565063,946.044495,239.410751,415.213593,66.250229,23.382252,129.682175,361.769989,70.802269,119.014755,293.798523,78.641296,192.282486,178.330917,160.080002,211.800095,39.270657,73.198090,219.691772,148.429947,292.486511,22.690001,89.232445,212.421753,276.912415,265.165161,408.459412
2025-07-17,209.382828,508.744659,223.880005,183.167114,699.766541,473.399994,319.410004,172.971252,285.739563,347.788116,159.921494,94.481522,151.268494,553.094788,108.945137,282.158569,352.364532,146.625443,757.452576,46.256672,186.962265,69.089088,284.816498,141.372894,948.570312,246.802429,423.860809,67.164764,23.353748,118.627586,366.450012,71.666428,121.388695,295.243469,78.444458,193.764633,174.341431,160.410004,211.751190,38.985054,73.599472,221.073654,149.744522,291.733337,22.799999,90.500084,214.363571,276.990997,259.287659,413.593842
2025-07-18,210.539307,507.104187,226.130005,184.643784,702.629883,473.799988,329.649994,172.381348,287.089905,347.032471,160.627975,94.441795,151.794067,550.158020,105.149712,276.849792,352.717834,145.327515,767.608398,46.551804,184.871857,68.364830,281.724213,139.234421,945.626953,243.528244,413.657684,66.918930,23.249235,121.738228,365.790009,71.165611,120.604004,291.999786,79.359695,189.049606,173.913284,156.990005,211.780533,38.880329,74.353287,219.376450,149.744522,288.319611,23.100000,89.359207,214.932373,280.792236,262.266296,409.280487
2025-07-21,211.835358,507.114136,229.300003,189.672455,711.299438,474.410004,328.489990,171.351532,286.794189,348.911591,161.275589,95.057816,151.725555,552.139099,105.422905,276.350281,357.271576,144.978821,758.129028,46.709202,180.564117,68.580147,286.566467,137.737473,942.255859,241.633194,403.873566,67.204094,23.049713,122.476509,367.679993,72.687714,120.027901,290.692505,79.005409,187.080032,175.616104,157.000000,209.776337,40.451157,74.568665,218.152222,149.803833,289.405334,23.260000,88.735130,216.648621,279.652832,261.857819,407.165588
2025-07-22,213.749542,502.351776,227.470001,190.909668,703.158569,478.130005,332.109985,167.002258,287.247620,349.826233,164.778595,95.236656,154.945419,556.230469,105.900993,279.278931,364.112000,145.327515,772.313171,46.994499,182.771713,68.178871,277.001312,141.956100,936.339233,236.245728,426.493835,67.027100,23.885809,123.766045,372.869995,74.033058,120.246422,294.063965,81.072075,188.910324,160.816025,154.720001,210.118515,40.898602,75.909866,219.413528,147.441528,299.010773,23.240000,90.665855,222.454391,276.951691,258.012573,414.235138
2025-07-23,213.500305,502.948303,228.289993,189.802170,711.908081,482.630005,332.559998,170.751617,292.501129,353.236420,165.926666,95.067749,154.906265,559.545471,107.257195,286.507477,369.352692,148.310791,794.643921,47.358490,186.131958,67.689499,282.072235,141.586731,935.921509,240.006058,465.480865,67.479454,24.094835,123.864479,372.459991,75.368576,122.113792,293.031860,82.371117,196.848312,160.232178,158.649994,182.089035,40.784359,71.289093,221.908356,154.676727,302.463654,23.490000,92.674583,225.392471,277.000824,262.176605,424.561493
2025-07-24,213.111465,507.929413,232.229996,191.737778,713.125244,480.600006,305.299988,173.711136,292.294128,351.924042,166.378006,95.981865,155.424973,560.949036,108.096291,272.863281,366.153290,150.935684,801.149170,47.604431,186.405472,67.630768,287.063599,140.468887,928.572815,240.928787,473.778961,67.154930,24.085335,123.677444,371.690002,74.062508,121.130440,289.453979,82.538422,201.742432,156.738937,162.119995,181.541534,41.012844,70.456955,208.191528,153.421417,301.808258,22.629999,93.240150,222.385406,255.882706,266.988220,426.477844
2025-07-25,213.231125,510.743042,231.440002,192.745514,711.010132,484.070007,316.059998,173.471176,294.334442,354.976288,165.141663,96.846306,154.925842,565.647644,107.715767,275.292419,368.361481,149.976761,808.370605,47.663460,185.868225,67.699280,288.525177,139.438538,930.243469,243.200836,477.060303,67.548286,23.959688,124.563400,370.739990,74.897209,120.653671,293.375916,82.981277,204.398376,156.583267,166.470001,180.857178,41.012844,70.339478,207.968933,155.062180,299.881287,20.700001,92.586823,223.607956,255.106720,270.554565,430.677887
2025-07-28,213.400620,509.540039,232.789993,192.146881,715.948608,481.700012,325.589996,176.720627,293.999298,353.415344,163.100708,96.985405,153.761215,565.707458,108.730484,276.330658,370.216370,151.371536,803.814880,47.447033,184.149033,66.642250,292.621704,137.611115,928.761841,245.770569,483.682800,66.791084,23.495764,124.376366,369.470001,77.813751,119.561066,294.113068,81.751122,201.871750,153.518143,173.660004,185.022003,40.327393,69.840210,208.747986,154.261566,294.706940,20.680000,94.605301,226.753052,258.534729,269.578278,429.873627
2025-07-29,210.629044,509.609619,231.009995,195.309753,698.359863,476.559998,321.200012,175.480835,292.777100,349.259552,164.955231,97.700798,153.271866,560.769836,110.135468,255.712631,370.324280,152.097992,758.894958,47.171574,186.786438,67.904816,295.723938,139.866241,929.338623,248.022781,480.890198,66.830414,23.486099,126.010429,370.700012,76.920135,119.104156,297.504211,81.337791,205.761154,158.363922,177.440002,187.104416,40.660599,70.437378,205.631805,155.299393,296.927277,20.410000,95.551155,226.802338,257.748962,269.279449,427.004059
2025-07-30,208.415771,510.275757,230.190002,196.087997,693.581116,476.000000,319.040009,179.240219,295.329926,348.881744,164.121170,96.965523,149.621368,556.578857,109.179306,260.580627,365.162079,148.736969,756.040161,47.181416,184.920715,67.288216,300.894287,138.865036,922.318115,248.637955,476.023041,67.145096,23.012510,126.542007,364.000000,75.299835,118.736641,298.428162,80.481598,202.916229,157.799561,179.509995,185.285980,40.555878,69.497559,206.039856,156.564575,294.785187,20.340000,94.264008,224.229095,255.637146,272.507080,431.045258
2025-07-31,206.940277,530.418762,234.110001,191.468399,771.627808,471.880005,308.269989,177.840439,291.988556,343.473175,161.648483,97.353043,147.262741,563.905579,108.925613,244.438828,360.677032,146.877274,736.136475,46.502613,184.637451,66.446503,292.025146,134.063171,934.380188,251.783127,466.448303,66.948425,22.509930,124.218864,357.690002,73.345657,118.309532,294.948578,79.349854,196.122162,159.628906,176.309998,178.294418,40.708199,69.566093,206.216080,155.744202,288.652161,19.799999,92.967110,220.423416,248.653412,270.046478,434.917633
2025-08-01,201.766022,521.082947,214.750000,188.704651,748.252747,472.839996,302.630005,173.691132,285.217163,337.388550,164.189865,97.859764,147.438919,557.355408,106.974243,232.890762,366.712708,146.644806,758.278259,44.918751,190.693695,67.395882,286.993988,135.385147,948.500427,242.506317,461.820557,65.994537,22.703230,125.301682,347.799988,73.276917,115.806465,297.720459,76.545105,196.052536,158.568283,171.699997,178.097473,40.822441,68.919968,201.912750,154.992996,290.393250,19.309999,90.451332,223.213577,245.608505,268.352997,425.653717
2025-08-04,202.733078,532.546448,211.649994,194.601334,774.550964,459.109985,309.260010,179.970093,290.036987,340.172363,167.830231,98.952728,147.546555,567.230469,104.759445,236.034882,373.739594,146.296112,764.912781,45.105667,192.618011,67.493752,296.022217,135.657318,951.338318,250.552811,465.341278,67.351608,22.741890,127.900436,338.850006,73.473305,118.547913,299.037567,76.348282,196.420578,158.597488,176.779999,179.938919,40.889084,69.047234,204.769257,155.556396,295.342712,19.500000,90.539085,230.519287,247.504196,275.176880,430.628235
2025-08-05,202.304367,524.701904,213.750000,194.232162,761.671204,464.190002,308.720001,178.230377,287.188446,335.479645,167.535873,98.674530,147.301880,563.477539,104.632599,245.849258,378.244263,148.233292,761.879028,44.820377,193.946487,67.581848,291.259552,135.550400,939.647827,253.668243,465.191620,66.397728,23.921026,128.648575,338.739990,73.041229,117.524841,293.670776,76.722244,197.992264,159.716476,174.309998,182.568130,40.622517,69.683571,205.019684,154.518555,293.523346,20.190001,90.880379,234.117935,246.217468,271.082520,431.154510
2025-08-06,212.603043,521.908203,222.309998,195.648987,770.181213,468.910004,319.910004,179.390182,287.168732,337.776276,167.388672,102.698616,149.601791,566.553528,103.920349,240.736389,379.608398,147.981461,742.403015,44.682648,191.748642,68.032059,299.949707,136.862625,964.472656,254.422287,447.757690,68.059639,23.128494,128.884811,345.619995,74.121437,114.396004,302.409058,76.377815,194.142624,162.489670,163.119995,183.070343,40.317871,69.057022,203.322464,153.945282,278.450073,20.410000,90.792618,234.936249,247.798874,271.241913,424.690582
2025-08-07,219.362457,517.831909,223.130005,196.078018,760.044983,461.470001,322.269989,180.739975,282.822052,330.170502,168.311035,102.460144,150.218369,558.679321,103.373955,239.649170,378.990112,148.349533,637.453857,44.190762,194.249298,68.932495,302.027802,139.895401,973.325134,247.437408,453.542389,68.738174,23.418444,129.997177,338.269989,73.011772,112.121399,302.654755,75.826698,197.445160,163.637878,172.399994,183.070343,40.889084,71.054138,200.864746,153.955154,278.479401,19.770000,90.295303,235.202438,245.716522,270.982910,414.165680
2025-08-08,228.654190,519.024841,222.690002,200.966980,767.497559,465.399994,329.649994,182.669632,284.615967,334.833374,170.077286,103.066246,150.237946,571.720093,104.203300,245.741547,380.638916,150.141418,622.324707,45.263065,193.458069,68.844406,303.230865,141.149323,976.840271,248.092239,459.506683,70.596756,23.756721,132.182495,341.049988,72.854652,111.674423,300.236755,77.064079,199.504257,165.593689,172.759995,184.360336,41.079487,70.887711,200.614334,153.065598,281.932281,19.950001,91.572708,237.755981,239.575607,273.961517,413.569885
2025-08-11,226.747803,518.756470,221.300003,200.547943,764.075562,464.730011,339.029999,182.029739,285.404449,333.958496,170.558075,103.264961,151.676605,570.993347,103.256874,247.191147,380.324829,148.630417,631.843750,45.410633,194.034393,69.245689,302.166962,140.818832,984.567444,250.701645,461.172272,69.495377,23.756721,129.308105,333.649994,72.687714,111.793617,299.165314,76.806694,198.708481,165.729935,172.279999,180.903961,41.108047,70.926865,200.744202,153.006302,278.860870,20.650000,91.202164,236.474289,233.671997,274.150818,405.646423
2025-08-12,229.213104,526.183350,221.470001,202.882675,788.148987,470.390015,340.839996,183.129562,288.647247,335.382721,169.537582,102.956955,151.784256,571.580688,103.549583,256.202393,388.637360,149.589325,636.031433,46.728882,194.034393,69.206543,311.046051,142.762909,987.066895,251.872406,476.152710,70.193565,23.824377,128.973434,338.429993,73.551872,112.955757,296.491821,78.677628,204.637100,164.056290,174.949997,190.022507,41.174690,70.349274,201.263550,153.688293,278.753296,21.809999,92.235779,241.423630,232.159012,278.563934,409.786896
2025-08-13,232.886124,517.573425,224.559998,201.505783,778.252319,477.309998,339.380005,181.559830,286.360535,341.169281,171.146820,100.343773,152.097458,575.283875,104.983841,266.232239,399.609467,150.974396,656.979492,46.473106,196.798767,68.961861,307.327362,145.173553,974.719177,242.268188,483.513245,69.229866,24.317295,127.378716,351.070007,75.810471,115.856133,299.863251,77.103676,208.039108,161.409592,184.419998,190.337601,41.612617,70.780029,203.795456,153.905762,283.008179,22.219999,93.493668,252.722336,237.400085,267.834961,410.769867
2025-08-14,232.337158,519.462402,230.979996,202.483566,780.297424,479.220001,335.579987,181.989746,289.938446,344.097443,171.441177,100.204666,150.463058,581.117310,104.769196,265.918793,392.877014,150.286713,680.792236,46.935471,199.934341,68.071205,309.455200,144.463959,971.273865,243.042099,483.762604,68.148155,24.268970,127.260605,348.579987,75.015045,115.528343,303.677032,78.608337,209.113419,160.816025,180.949997,190.751205,41.412693,70.721275,202.367218,153.283051,283.947266,23.860001,93.269394,249.488525,234.472977,268.671814,414.542969
2025-08-15,231.149414,517.165710,231.029999,203.441406,783.390198,477.200012,330.559998,180.420013,286.321075,343.081573,173.325150,99.592178,151.069824,579.066650,104.867668,297.771454,391.954529,151.633057,699.034973,46.177971,201.897751,68.433342,304.593079,146.194183,967.937927,246.336105,487.722168,65.099663,24.297964,129.692017,354.850006,75.584618,114.614532,303.657349,76.321648,209.819672,161.711212,177.509995,191.598068,42.117184,73.824654,202.087524,152.975281,289.992249,24.559999,92.957367,248.512436,237.053955,266.828857,404.901764
2025-08-18,230.450760,514.113464,231.490005,203.042313,765.572021,478.519989,335.160004,181.979736,287.346161,341.358521,172.942459,100.289322,152.400848,581.495605,105.094170,302.159546,387.361511,150.441696,695.864868,47.142059,201.780548,67.660126,304.016388,145.367950,975.217041,247.119919,486.256012,65.837204,24.230309,128.235123,357.239990,76.036339,115.766739,303.431274,76.658218,207.909790,162.110184,176.139999,191.361725,42.259987,74.128120,201.742584,154.375092,286.226349,23.660000,92.416626,247.358902,236.786957,267.426544,409.717377
2025-08-19,230.121384,506.825775,228.009995,201.116669,749.719238,485.309998,329.309998,175.610809,286.488678,341.069733,174.463379,100.876915,155.023712,582.859436,105.783501,297.996735,399.629120,148.864883,701.008850,47.299469,201.409348,68.638870,293.228241,147.904968,976.710815,232.783051,496.977722,65.650368,24.471935,129.199829,361.029999,75.496239,115.488609,305.623199,76.747307,211.082993,164.221695,166.550003,192.947144,42.783592,74.901520,202.059555,152.548401,289.092316,25.309999,92.180672,252.751892,238.596619,264.916107,413.142944
2025-08-20,225.580032,502.799225,223.809998,198.871719,745.968079,488.679993,323.899994,175.370850,288.045959,342.543732,175.483856,102.151703,156.110062,589.996887,106.876587,293.687042,394.270630,150.059738,703.231812,47.565083,204.300705,69.196754,289.509583,146.514954,990.372925,233.219589,493.506836,65.994537,24.529926,130.371246,353.429993,74.887398,116.253441,307.736511,77.370949,210.287201,168.191742,165.199997,197.703369,42.897839,74.578453,202.301956,155.457199,289.972656,23.540001,93.291634,253.520950,239.852478,265.424194,417.611084
2025-08-21,224.472153,502.151855,221.949997,199.300751,737.368225,488.589996,320.109985,174.950912,287.287018,342.304688,175.572159,97.560493,155.346664,589.240417,107.565933,297.125031,390.305756,152.341675,707.598083,47.476543,204.642593,69.157616,287.948517,144.813889,965.587891,231.334503,482.485992,65.906036,24.877869,129.938095,353.429993,74.808838,115.429016,307.874146,77.044281,202.826675,169.787552,163.710007,197.644287,42.869274,74.480553,202.693512,155.189148,289.297760,23.500000,93.183487,252.051910,236.737503,267.685547,414.930237
2025-08-22,227.326706,505.129517,228.839996,205.626480,753.021484,489.000000,340.010010,177.960434,291.988556,348.629120,175.925400,96.435104,155.287949,596.248535,109.584702,301.111542,405.115173,154.917419,709.452209,48.676739,205.717102,68.638870,292.323425,145.455429,954.494873,234.519348,498.673248,66.201057,25.013180,130.518875,362.089996,76.969231,118.061211,308.709656,78.301453,210.685089,167.121368,167.759995,202.912552,42.307583,74.715500,207.737061,155.109741,289.632996,24.799999,95.149803,260.018188,239.397598,265.513855,432.584290
2025-08-25,226.727844,502.171814,227.940002,208.021103,751.534973,486.179993,346.600006,179.780121,290.667816,347.414032,175.061920,95.678200,152.821671,590.524536,110.037682,298.604034,401.297516,154.937012,693.153503,48.676739,202.737808,67.464394,292.552155,144.055695,937.606506,233.566864,489.457581,66.024040,24.297964,129.810135,363.209991,77.745018,116.918938,308.090393,79.380455,206.636536,162.859421,163.360001,202.823944,42.107662,73.736534,205.667435,155.139511,284.456055,24.549999,96.526222,255.226593,236.767181,265.593536,429.238129
2025-08-26,228.873764,499.960999,228.710007,206.674133,752.333130,492.209991,351.670013,181.739792,294.285126,349.764496,174.449112,95.658295,152.645508,588.931702,109.791489,294.264923,399.962799,154.114334,733.726074,49.434238,203.529022,67.268646,296.310547,142.889267,937.367554,232.376266,487.193542,67.253265,24.085333,129.534500,354.910004,77.234375,116.859344,307.598938,80.687134,205.164322,162.188019,166.619995,202.833786,41.850616,73.266617,207.485352,158.415649,285.550568,24.350000,95.415260,254.694183,239.931610,272.895599,428.205505
2025-08-27,230.051529,504.641541,229.119995,207.013367,745.628906,495.720001,349.600006,181.569824,294.984955,348.937866,174.745636,95.688171,153.614410,587.986084,111.032303,297.644135,400.649750,155.955582,731.871826,49.562130,203.235977,67.366524,298.537781,143.511368,945.513062,233.963730,486.834503,67.302444,24.230309,129.406555,356.350006,76.654991,117.296379,306.114685,81.667130,203.920883,159.765137,167.130005,202.331589,42.145744,72.336594,206.264084,158.683685,283.963013,24.850000,96.250931,255.029434,242.117004,272.307861,429.605530
2025-08-28,232.117584,507.529541,231.600006,211.164001,749.350098,499.859985,345.980011,180.140060,296.749268,348.449829,173.421127,95.718048,152.332321,587.806885,111.623161,296.086761,399.874451,156.033920,729.668823,49.670341,203.099243,66.906502,306.889893,142.869812,940.972290,238.438446,488.450195,68.275986,23.776052,129.317932,353.959991,76.517509,116.849411,306.891205,81.152390,204.209366,161.302567,168.580002,200.972656,41.822060,71.120178,206.357330,159.497772,281.635834,24.930000,96.791672,253.915298,242.997116,274.947754,431.829681
2025-08-29,231.698380,504.591736,229.000000,212.431152,736.969238,502.980011,333.869995,174.151047,297.094269,350.362122,175.121246,96.584496,153.692688,592.595093,112.548836,303.511200,399.207092,157.287521,730.286865,49.916283,205.521713,67.523109,295.694122,144.493134,939.339111,224.359528,491.422394,67.941635,23.930695,130.587799,356.700012,75.977417,117.584435,308.188690,81.350365,204.736572,162.625900,162.630005,199.387238,42.107662,71.080727,204.632614,157.452667,283.706604,24.350000,97.302910,254.427994,240.782043,274.150818,416.072083
2025-09-02,229.282990,503.028229,225.339996,210.874680,733.387573,501.140015,329.359985,170.751617,295.398926,348.658997,176.000946,97.450951,154.622452,589.190613,112.942749,302.463165,398.755646,158.492142,732.888611,49.601475,207.006485,67.591629,296.539276,146.077545,934.858154,223.536026,486.246033,66.673080,24.143324,129.406555,345.630005,73.331978,117.475174,312.132843,80.954399,202.717255,162.888611,162.320007,196.758026,41.698296,71.672653,202.861313,156.866913,282.927643,24.209999,97.322571,255.098434,238.814163,274.340088,413.103210
2025-09-03,238.016342,503.257294,225.990005,230.141235,735.323059,501.489990,334.089996,170.591660,295.211670,349.455750,175.941635,99.034470,154.798615,590.594177,110.205101,301.562042,400.129608,154.799896,735.520386,49.247326,206.947876,67.523109,300.665588,144.483398,945.771912,221.700485,483.273865,66.545235,23.959688,130.115280,348.500000,73.776169,116.591156,312.755646,79.697227,198.390167,158.821259,162.130005,192.750198,41.641174,70.666367,199.505157,156.966217,279.900330,24.000000,93.055679,257.011108,241.385254,274.877991,412.179840
2025-09-04,239.323837,505.866455,235.679993,231.777542,746.895935,506.910004,338.529999,171.631485,299.459808,349.575287,176.692856,100.518387,155.796875,592.943542,110.687637,304.010773,406.327820,154.437546,740.584473,49.798229,208.061432,66.798843,304.354431,142.782333,951.866089,221.254028,488.200867,66.859917,23.718063,130.735443,344.309998,74.378304,118.011543,313.348694,81.003899,197.982315,156.807053,161.789993,184.429260,42.060062,69.916595,200.586578,157.532074,276.202515,24.610001,94.156807,260.846375,244.431000,281.193817,417.243713
2025-09-05,239.234009,492.950165,232.330002,234.471466,750.687012,499.769989,350.839996,166.992264,290.155273,341.836609,176.366669,100.100105,156.609192,581.575195,107.565933,308.917969,413.493286,150.490646,724.933655,49.234364,207.631653,66.515015,332.980286,143.688309,959.414062,230.977310,491.302704,65.788040,24.046673,130.863434,348.970001,72.956886,117.117599,310.768677,78.162872,199.156128,157.196274,151.139999,185.059479,42.250465,69.946198,199.738220,156.380478,279.693268,24.490000,91.384308,266.170380,245.765976,278.165466,420.083405
2025-09-08,237.427460,496.136902,235.839996,233.722473,750.537292,493.779999,346.399994,168.282028,288.706360,340.920288,176.070145,101.862877,155.620712,583.944397,108.176483,313.678223,414.470398,150.823639,736.327881,48.927700,204.925858,65.996284,343.678894,139.094681,967.748779,236.612823,486.365753,65.768364,23.727726,130.134979,358.660004,73.193779,118.041344,309.206818,78.341057,197.584442,158.334747,151.410004,182.981720,41.241329,68.831390,200.204361,153.104340,276.291290,24.480000,89.860428,269.177429,253.241898,274.997559,419.785583
2025-09-09,233.904175,496.346008,238.240005,239.304901,763.905945,492.720001,346.970001,170.731613,293.575500,342.603485,174.913681,101.872841,156.061127,581.356201,108.964294,340.780426,409.930298,151.656113,748.260376,49.748772,205.541260,66.417145,334.750122,140.459045,975.117554,239.619110,481.139526,66.220718,23.882366,129.888885,354.059998,72.650879,116.581230,308.930054,79.944702,193.307053,160.300308,155.820007,182.203781,41.479332,69.127357,199.691589,150.652206,276.074341,24.440001,90.312675,265.243591,256.228302,275.186829,415.128815
2025-09-10,226.358551,498.297913,230.330002,238.845520,750.218079,490.079987,347.790009,177.300537,296.226868,336.757172,173.757187,100.000504,153.996094,576.757202,110.786110,339.663788,407.847778,154.535461,752.257812,49.590492,206.732986,66.377991,367.462494,140.027145,952.254333,325.759338,475.284973,66.997589,23.747055,127.339333,350.160004,73.292496,115.011841,302.425659,79.489342,191.576218,160.854935,159.539993,181.199356,41.403172,70.084305,197.360931,153.878708,274.634644,24.770000,92.731239,262.798492,254.023117,282.329498,419.914642
2025-09-11,229.592392,498.935272,229.949997,240.043900,749.140625,496.910004,368.809998,177.150558,301.174835,342.105499,176.435867,102.231369,155.248825,586.064758,110.431595,346.353638,417.905090,154.985977,753.912720,50.203819,215.114044,66.182243,357.579193,141.568161,960.250549,305.449615,490.115814,66.564903,24.027344,130.577957,350.549988,73.371468,116.293175,304.887054,80.429749,194.132690,163.375137,155.669998,181.534180,42.021984,70.360542,200.726425,156.509521,278.795929,24.610001,92.544434,268.566162,254.151672,280.486542,428.324646
2025-09-12,233.624710,507.788452,228.149994,240.473312,753.819641,493.739990,395.940002,177.800476,302.505463,338.061890,176.000946,103.067947,154.534378,577.782471,110.451294,345.276215,417.184570,153.869492,753.025452,50.035652,213.277634,65.585220,357.817810,140.881088,963.815491,289.892395,478.197296,65.424187,23.070503,131.641083,349.359985,72.058609,115.180702,301.891846,80.637627,189.049606,161.633377,158.570007,179.810898,41.860138,70.676231,197.137192,154.722565,272.544159,24.080000,90.873077,268.004150,250.621368,280.616058,428.463654
2025-09-15,236.249695,513.225830,231.429993,251.268646,762.908264,491.540009,410.040009,177.730499,304.466858,337.683380,175.348572,103.267136,153.487183,580.320984,110.638397,342.900787,417.204285,154.065369,745.848022,50.045540,212.564560,65.299202,362.013763,138.044418,956.048279,299.774445,473.635223,65.906036,23.167152,129.278580,347.100006,72.088226,114.842987,298.600098,80.588142,187.547531,157.283844,161.160004,175.478104,41.764935,70.538124,197.398239,157.224319,270.581818,24.770000,90.774757,268.260529,253.390228,285.686676,432.852356
2025-09-16,237.696945,506.932007,234.050003,250.819260,777.174744,490.989990,421.619995,174.860809,304.752716,338.659454,174.419464,102.998230,154.681183,583.765259,112.932899,334.907074,415.960724,156.249359,762.316284,50.114788,211.245850,65.328789,357.947021,137.445679,948.052246,304.249115,479.904327,65.817535,23.099497,130.686218,352.730011,71.811836,114.455612,299.806091,80.568336,189.467392,158.568283,160.460007,174.916824,41.641174,68.890587,196.661743,157.432800,269.280182,25.270000,92.947533,266.712616,254.655991,291.853058,437.548859
2025-09-17,238.535355,507.907928,231.619995,249.191467,773.902466,492.329987,425.859985,170.271301,307.276001,344.804596,175.150894,103.844757,156.912582,595.919983,113.533600,336.710846,411.568695,156.788025,757.750610,50.846825,215.690369,66.117783,344.195953,138.623535,958.966064,299.050140,471.818420,66.594406,23.244473,132.074219,362.070007,71.377510,115.319756,301.466766,81.647339,191.924377,161.818253,159.160004,177.546036,42.088623,69.364128,197.342300,157.164749,270.887512,24.900000,92.239662,264.178833,256.198639,288.396301,447.468109
2025-09-18,237.427460,506.344452,231.229996,251.688080,778.421875,490.500000,416.850006,176.220657,308.734772,336.816925,172.146057,103.177498,153.966751,583.396912,112.194328,330.018219,412.042419,155.563812,760.541809,51.568970,216.843002,65.545761,343.380615,138.132767,948.340942,294.297607,480.263733,67.538452,23.341124,132.467972,367.459991,71.170219,114.088089,297.680817,82.657043,194.242111,157.400604,157.919998,178.845856,41.574532,69.837677,195.962540,157.045624,271.991913,30.570000,91.905388,263.804138,262.052826,295.957336,463.652618
2025-09-19,245.032959,515.785217,231.479996,254.374435,776.556213,492.850006,426.070007,176.650589,310.262512,340.233093,174.152588,101.912682,152.714005,581.515442,111.101234,331.861389,410.275757,152.988068,749.636108,51.687675,217.311890,65.516174,342.972931,139.143753,947.146057,306.243347,478.746338,67.076263,23.225143,133.914993,365.899994,69.975822,112.995483,298.906555,83.785530,192.272537,158.558548,157.389999,176.630234,41.393650,70.123772,195.188751,157.095261,281.438629,29.580000,90.371658,261.467499,263.437225,299.991913,463.235626
2025-09-22,255.592819,512.319641,227.630005,252.187408,763.882446,493.709991,434.209991,183.589844,307.956085,342.971985,172.195480,102.400673,149.807327,581.843994,110.313416,336.405273,406.633820,152.831360,752.586853,51.361225,217.429077,65.299202,337.435181,138.427231,939.279480,325.580780,474.164307,66.623909,23.234810,134.485931,364.079987,70.360794,111.803543,299.509521,84.300285,189.457428,157.614685,159.789993,176.876419,41.089005,71.376678,194.843811,158.276642,282.020416,28.760000,90.460152,256.725189,268.351959,299.872345,468.756256
2025-09-23,253.945969,507.121246,220.710007,251.318588,754.138733,494.100006,425.850006,178.410400,308.251770,337.334839,174.538055,102.101898,149.249481,567.389709,112.214012,342.703644,405.558014,154.173096,744.641785,51.143593,217.448639,65.792320,337.584564,139.281158,939.617981,311.372864,468.933441,66.417397,23.321793,133.767349,361.779999,70.015305,111.495636,299.707214,83.518257,188.721329,159.356445,160.899994,179.259445,41.269886,71.347092,195.132828,159.378616,282.819153,29.340000,91.895554,256.153381,269.212280,304.464783,467.922180
2025-09-24,251.830002,508.037384,220.210007,246.804718,759.389954,497.089996,442.790009,176.950562,308.922058,337.314880,174.646790,102.311050,149.171188,566.234924,112.814728,346.764557,404.432831,155.896805,739.527832,51.143593,214.889374,65.535896,337.953064,139.546188,941.280945,306.044922,467.186462,66.201057,23.283134,131.798584,353.269989,70.301575,112.667702,300.834137,83.260887,184.931381,158.607208,160.880005,181.622787,41.108047,72.836777,194.470917,160.212555,275.334778,31.219999,94.019173,253.708252,264.554657,299.155090,466.462616
2025-09-25,256.381317,504.930328,218.149994,245.456528,747.659546,494.959991,423.390015,177.670502,308.951630,333.580017,175.674759,102.629745,148.906937,564.731873,113.829033,340.604187,402.143066,157.405045,712.353210,51.291977,213.472992,65.072372,334.755951,137.337708,939.329224,289.049011,458.421753,66.722244,22.809546,131.227646,354.160004,68.347099,112.230659,298.827423,83.468765,180.504822,159.580246,161.270004,179.259445,41.269886,73.645744,193.631866,159.348831,267.406616,33.990002,95.179291,251.933594,278.309967,296.046997,460.435577
2025-09-26,254.974014,509.341949,219.779999,246.205521,742.508179,500.029999,440.399994,178.170441,311.524109,336.010193,177.631882,102.739296,149.249481,562.571655,115.434204,339.145386,404.748688,156.856598,722.271973,51.648106,215.495010,64.766624,333.192200,137.848114,912.084656,281.240631,463.433014,66.102722,22.964188,131.463913,360.369995,68.416191,112.707436,301.733673,84.151802,184.191818,160.446259,159.460007,181.731125,41.517414,74.829597,194.088684,162.168304,269.181610,35.500000,96.821167,253.501221,281.148041,293.855408,462.461182
2025-09-29,253.945969,512.468933,222.169998,243.718903,742.158752,499.250000,443.209991,181.830048,311.159454,338.788940,179.519775,102.659622,150.257523,565.568054,112.479904,340.229614,401.501526,152.880325,724.235840,51.855843,217.985886,65.131538,326.588715,137.583099,913.000854,280.546143,461.236847,66.594406,23.051172,131.030762,359.420013,68.653107,114.008629,299.509521,83.795425,185.407562,158.597488,161.360001,180.431274,41.174690,75.184753,195.104858,162.446274,270.157806,34.480000,94.235466,249.754715,276.688202,292.867950,468.269714
2025-09-30,254.145599,515.805115,219.570007,242.770203,733.153870,502.739990,444.720001,186.559509,310.903168,340.004028,183.275848,102.639694,150.374969,566.234924,111.032303,340.347900,399.912506,152.087021,760.611572,51.034779,226.171570,65.407684,328.590668,137.848114,921.723816,279.038025,484.176880,67.282761,24.626577,131.847809,352.750000,68.830780,113.730515,300.399200,82.973801,197.564758,157.828751,161.789993,180.923630,41.841103,74.474442,196.242203,166.119507,278.273315,33.549999,92.996689,247.772980,279.021973,300.039307,473.770477
2025-10-01,254.964035,517.557800,220.630005,244.567749,716.142273,498.200012,459.459991,187.219452,306.250916,346.428009,183.898544,101.544182,149.914978,571.172546,110.283875,343.304901,391.848907,151.391678,822.836182,50.134571,238.713882,65.861359,332.056793,140.498291,913.468811,286.747192,529.807373,67.607285,26.298632,131.385147,343.720001,73.243134,112.190926,297.067871,80.053596,212.133514,156.524857,164.009995,177.634659,41.726860,77.611664,195.943878,165.990433,294.346497,35.939999,93.852028,244.499725,283.303802,300.099152,477.414490
2025-10-02,256.640839,513.604187,222.410004,245.356689,725.836060,495.920013,436.000000,188.869263,303.136261,344.555603,183.829361,101.285240,148.809082,574.716431,109.594543,348.647186,389.865082,150.206619,817.283630,49.936726,231.075195,65.190712,336.827606,139.683609,912.901245,286.519012,524.047485,67.174591,26.172987,130.912643,351.480011,73.608360,111.386368,296.435272,79.687325,209.592453,153.654373,169.729996,179.535187,41.317493,77.128258,196.717682,165.424561,293.261810,37.299999,91.807068,243.849014,283.531250,298.672852,487.095459
2025-10-03,257.529144,515.207520,219.509995,245.017136,709.373596,498.750000,429.829987,187.599411,305.580688,348.429932,186.458603,101.653740,149.024384,577.822327,111.534531,355.034241,389.914429,150.382919,837.241028,50.095001,228.486633,65.733147,337.016846,139.359695,911.517090,283.899689,542.375549,67.194382,26.453274,132.487656,346.739990,71.002411,111.714157,297.522644,79.855606,214.236115,150.540817,164.669998,177.565735,41.574532,78.982956,194.890427,165.374924,293.744995,36.830002,92.573936,242.882797,285.162903,296.229218,494.323853
2025-10-06,256.201660,526.381165,220.899994,250.090240,714.465088,500.019989,453.250000,185.519623,306.224457,347.872162,185.984161,102.281166,147.204010,576.189758,112.460205,353.624725,384.259064,150.843231,842.404724,49.847694,224.852890,65.190712,334.148346,137.121780,907.095825,289.307007,543.004517,68.173820,25.544758,131.650940,350.140015,70.252213,111.992271,292.639374,79.875404,210.967621,150.806000,203.710007,179.032959,39.451538,81.005386,194.843811,167.578873,290.027435,36.590000,93.311302,238.268661,286.201233,297.446045,491.871368
2025-10-07,255.992096,521.810120,221.779999,245.426575,711.889404,502.299988,433.089996,185.019684,304.748688,350.999542,186.705704,102.818962,149.288620,577.215088,112.519295,358.444611,381.771912,151.714874,840.989197,49.748772,227.431686,65.871223,335.064667,138.191650,910.939514,282.014526,538.232788,68.252953,25.390118,130.942184,348.309998,68.021362,111.773750,292.916168,80.320862,208.037918,151.798035,211.509995,174.345673,39.413460,82.090584,194.825180,168.045471,291.427673,37.169998,93.625916,236.513718,290.601746,300.956909,483.262756
2025-10-08,257.569092,522.676514,225.220001,244.288132,716.641479,499.839996,438.690002,189.089233,301.123688,349.943787,187.496460,102.480354,147.478058,573.830444,112.282951,364.614838,378.791229,150.569016,843.072632,49.303612,225.878525,65.210442,344.118347,136.277649,910.939514,286.370209,535.257935,69.578644,24.819878,132.172653,348.769989,68.199028,111.138054,291.018188,78.925102,204.241287,152.505203,235.559998,178.826172,39.337299,82.909424,195.636246,167.350540,290.520477,37.430000,92.170837,234.246094,286.240784,301.774780,498.563629
2025-10-09,253.556702,520.236694,227.740005,241.202316,732.285278,496.739990,435.540009,192.548859,302.609344,345.641235,188.870392,101.354958,147.370407,562.736206,111.189865,362.416809,372.770660,148.512329,852.672485,49.254150,225.341293,65.457008,343.640228,142.039322,938.911011,295.146271,533.750610,69.212593,24.394615,131.227646,347.470001,67.182320,110.244095,290.434998,79.083488,203.762955,154.057083,232.889999,176.226517,38.870811,82.583855,190.396912,161.006760,291.319214,37.799999,90.401154,231.367188,285.024475,298.573120,496.816101
2025-10-10,244.803406,508.844055,216.369995,236.249054,704.122375,489.130005,413.489990,183.139893,298.013733,342.264862,188.514557,101.424675,146.499374,555.688904,109.043076,349.415955,370.855957,145.828827,830.880981,48.126423,225.155685,66.117783,323.331787,147.310211,926.085388,291.170685,523.887695,67.214172,23.950024,130.499207,337.510010,64.378944,108.456200,293.598236,76.836403,201.750061,157.612610,214.899994,169.077393,38.589977,82.228706,187.301788,156.559158,286.092957,36.369999,86.163750,228.951675,274.730225,290.733490,487.820251
2025-10-13,247.188858,511.921265,220.070007,243.818771,714.505005,491.929993,435.899994,188.299332,305.026031,341.916290,188.692474,101.703529,144.346283,557.443298,110.530067,353.516327,374.428802,148.806122,816.835144,48.334160,224.960327,65.881088,355.273560,146.142166,931.611938,306.128754,523.668152,66.739296,23.901697,129.327789,339.320007,66.511078,109.528938,296.662598,78.123268,204.420654,156.630417,216.419998,172.435303,38.493141,83.165924,189.166306,157.700867,288.331360,37.220001,87.284554,231.179871,274.136902,296.757843,501.184937
2025-10-14,247.298645,511.443207,216.389999,245.117004,707.466797,495.970001,429.239990,180.010223,299.192322,346.975800,188.643051,106.772774,145.980667,566.095337,110.579308,354.768097,382.670044,149.246857,809.807129,49.550922,223.817459,66.581322,342.753815,148.743256,942.515747,297.173798,524.916016,67.926483,23.698732,131.188278,335.940002,66.767738,110.422890,301.061493,83.706337,205.427094,156.237549,218.089996,171.283173,39.267845,83.501350,194.480225,158.246872,289.761200,35.630001,86.684830,237.361618,273.078796,299.301208,523.734070
2025-10-15,248.865662,511.303833,215.570007,250.689438,716.351929,496.390015,435.149994,179.810257,302.767822,344.296661,188.959351,108.585350,144.277756,561.001831,109.909668,355.970581,383.242462,148.972626,823.982666,51.717354,222.567963,66.157234,349.924988,148.370270,950.959900,301.765564,526.952454,68.777290,23.573084,127.994583,330.630005,67.577156,110.959259,301.743561,85.587158,205.377289,154.921402,238.600006,172.592865,39.103222,84.635880,188.784088,155.864227,293.182892,37.150002,86.262070,238.130630,277.627655,299.341095,530.267456
2025-10-16,246.979263,509.491333,214.470001,251.118851,710.881104,488.809998,428.750000,181.790039,295.686157,334.048096,189.898361,106.035797,146.411285,548.113342,108.954445,351.554871,382.344360,148.580872,816.815125,49.897152,223.207458,66.660217,352.733734,149.852417,921.713806,311.088287,535.846985,68.351883,23.418444,126.195038,329.230011,65.978050,109.141556,301.822632,83.151993,210.180374,153.202560,234.559998,172.799637,39.083855,83.905838,189.408707,155.913879,291.693939,36.840000,85.446060,239.678543,272.900818,299.061829,537.128601
2025-10-17,251.810028,511.453217,213.039993,252.956360,715.722961,492.420013,439.309998,183.199890,294.715546,340.511993,190.985657,107.290657,148.172913,559.167664,110.530067,351.485870,386.795593,149.922623,800.316956,50.728111,225.863892,67.498528,347.932983,150.873215,932.378723,289.530762,537.983215,69.380768,23.689068,127.094803,333.260010,66.501221,109.926247,304.550934,82.439262,208.326904,155.245514,233.080002,173.882858,39.267845,83.392830,189.212921,156.807358,294.652191,37.009998,85.023300,241.256027,278.151764,299.361084,523.346863
2025-10-20,261.741119,514.649841,216.479996,256.201935,730.947510,494.079987,447.429993,182.619949,299.469635,343.021820,191.479858,106.613434,148.720993,564.540405,110.983055,359.252869,383.824829,151.293747,806.427795,51.479935,228.313675,67.498528,347.843353,150.804504,932.159607,275.487061,542.894653,69.895226,23.863039,128.053909,343.399994,66.747993,111.207581,304.234619,85.151596,207.659256,155.245514,240.559998,176.846863,39.509941,83.629601,192.074982,159.547409,299.109283,38.099998,85.593521,238.860229,280.495392,301.894470,528.933044
2025-10-21,262.270081,515.516296,222.029999,250.120209,732.045715,491.290009,442.600006,181.140106,294.250031,345.810516,189.661148,105.786812,148.388214,570.192200,110.992912,360.130096,385.808624,150.617966,797.067139,50.965534,227.654495,70.240280,341.289703,150.352997,933.543701,273.469452,557.020081,69.964478,24.017679,126.106056,357.549988,67.478447,113.531860,303.947968,83.904320,219.995850,149.293427,238.029999,178.077789,39.025749,82.860092,194.918396,171.788193,296.949768,38.119999,84.954483,241.817993,278.913177,305.834229,522.430725
2025-10-22,257.958344,518.384338,217.949997,251.348541,732.185425,491.809998,438.970001,180.260208,291.298492,343.967987,190.708893,106.703064,148.955856,569.524353,112.962440,356.305695,383.903778,152.361267,809.886902,50.550053,224.988235,69.835915,338.939117,150.205765,940.693420,270.994690,566.214050,69.905121,23.892033,126.511444,354.089996,68.189163,112.320053,306.547729,83.033195,217.335205,154.066895,230.229996,168.102524,38.541561,81.725555,192.615692,176.692459,291.861542,36.919998,85.937637,241.282990,284.312469,297.116913,511.736145
2025-10-23,259.086151,518.404297,221.089996,252.736649,732.774475,490.160004,448.980011,182.139999,291.724426,344.565552,190.244324,106.424202,148.965668,571.926636,114.213097,355.280640,380.015076,153.330841,818.469910,51.202950,224.565186,68.977890,342.913177,148.713806,938.074524,278.359436,570.915833,69.519279,23.843708,124.919548,354.119995,68.781433,112.270386,303.443817,83.607346,221.948959,154.891937,234.990005,169.559906,37.185829,82.130051,205.723373,178.141891,288.814545,38.160000,88.562660,241.619858,281.830383,305.594849,518.298279
2025-10-24,262.320038,521.441650,224.210007,259.567413,737.127197,492.100006,433.720001,186.239532,297.568024,345.979858,188.198242,105.737015,150.283310,571.826904,113.632080,357.301239,381.643585,152.351456,822.866089,52.004230,224.309387,68.751053,352.713837,148.753082,928.206360,281.599487,571.504822,69.875435,23.930695,125.423813,353.519989,68.218773,110.929466,302.277374,85.537666,222.227982,154.813354,252.919998,166.546646,37.592548,83.274445,201.500183,177.357605,287.700287,38.279999,86.547188,240.470566,304.040588,303.081360,520.518860
2025-10-27,268.298615,529.318970,226.970001,268.904663,749.566345,488.070007,452.420013,191.468979,301.242523,346.418091,188.099411,104.043953,149.544174,570.521118,114.173706,360.731323,380.251953,152.077240,823.823059,52.449390,224.348724,69.096237,360.602142,149.813156,925.925964,279.681274,562.800049,70.627312,23.940359,125.750107,357.799988,67.705482,111.585022,306.439026,86.131607,220.234985,150.481903,259.670013,166.822372,37.989582,84.872650,200.502686,177.943344,287.108643,39.540001,87.196075,241.401886,309.607971,312.028107,524.840515
2025-10-28,268.488251,539.825195,229.250000,267.107147,750.185364,481.440002,460.549988,201.007935,302.440948,345.501770,184.768387,102.749245,149.179520,564.111755,113.277565,362.564667,380.725677,150.950974,817.532837,52.301003,223.866653,69.194870,371.478485,147.349457,920.260010,279.114746,556.660645,71.844177,23.679401,125.186508,359.910004,66.560440,110.899666,302.880341,86.022713,216.139404,147.142426,258.010010,164.360550,38.076740,82.445747,199.887390,177.377472,288.025665,41.529999,85.328079,241.818008,309.093781,308.986023,522.251465
2025-10-29,269.186920,539.307312,230.300003,274.197510,750.414917,475.760010,461.510010,207.017273,302.589539,339.904419,184.442200,102.042145,146.617142,552.798279,114.675934,350.165070,373.116119,151.900955,810.983459,52.014130,221.505386,67.409760,384.436462,143.462555,908.569519,273.618530,557.339478,70.567955,23.476437,123.031021,337.859985,64.507263,109.499138,298.876892,85.131798,213.259537,144.156555,264.329987,157.812134,38.938595,80.660095,198.470337,175.084183,287.710114,41.340000,86.596344,236.289490,304.782257,313.464355,583.013367
2025-10-30,270.883667,523.582764,222.860001,281.098145,665.357239,478.519989,440.100006,202.867722,306.481995,343.639313,186.863876,101.813087,147.415421,551.901123,112.942749,339.805817,374.606445,150.353546,841.856506,52.459278,224.516006,68.031097,374.964508,144.826904,916.296814,255.321014,555.253113,72.131081,23.476437,123.268326,339.239990,64.063072,111.088387,298.955963,85.121902,214.295898,143.164536,254.839996,158.058304,37.728119,80.541702,197.935883,176.136520,287.936951,40.160000,86.655334,237.607239,306.611694,309.943512,580.683289
2025-10-31,269.855652,515.665649,244.220001,280.808533,647.267456,477.540009,456.559998,202.467773,308.145905,339.366577,186.685944,100.767372,148.193985,550.216553,112.617775,336.661530,374.645935,154.466919,860.158997,52.874763,214.520004,67.952202,368.151855,143.393845,908.887695,261.006042,566.403748,72.328941,23.824377,122.230125,340.309998,63.757065,111.863152,295.001923,86.092010,214.624741,141.760010,256.119995,160.412949,38.483459,80.304939,199.142624,177.208694,294.277466,39.990002,87.363205,235.932816,303.991150,308.148193,574.818176
2025-11-03,268.538147,514.888916,254.000000,283.335083,636.645264,475.679993,468.369995,206.857285,306.392853,335.542053,184.106125,101.175690,145.878006,542.322021,112.026917,329.002991,373.422089,150.862808,893.723694,52.983578,208.538177,67.034988,361.100128,140.949799,925.431030,256.275146,563.898071,73.654625,23.834042,122.447647,337.470001,61.842083,111.366508,292.965576,86.418678,213.309372,142.025208,259.649994,160.412949,38.221996,80.679825,195.621307,175.759262,292.177094,39.500000,87.078094,233.465775,301.340942,307.819061,568.176392
2025-11-04,269.526276,512.200134,249.320007,277.163483,626.272583,487.660004,444.260010,198.668182,306.293793,338.928375,184.699188,101.852921,145.040283,550.974121,112.401131,326.085419,378.090454,150.226227,904.021301,52.963795,212.404724,67.715500,350.532562,140.262711,938.095337,246.654251,564.257446,71.547386,23.486099,124.385620,335.350006,60.440395,110.720879,295.772949,86.250389,213.080185,145.030716,250.050003,158.326569,38.076740,80.591034,194.325546,174.339615,292.571533,37.029999,86.429214,235.566223,297.504089,303.410553,545.263733
2025-11-05,269.626099,505.059784,250.199997,283.924286,634.888184,488.769989,462.070007,195.188583,308.700562,338.669434,183.849136,101.056183,143.680252,551.532288,111.948135,323.039734,368.970825,149.511276,922.911987,51.885525,213.270523,67.567566,357.544434,140.223450,932.401428,248.781189,566.653320,71.329727,23.785717,123.139786,335.529999,61.309048,110.611610,302.158752,86.072205,211.465851,145.757538,256.329987,162.509262,38.435036,81.034981,194.909134,172.741257,315.409271,38.380001,86.222740,232.187698,303.358276,304.318146,566.742493
2025-11-06,269.256775,495.041443,243.039993,284.363708,617.906555,493.149994,445.910004,188.059357,310.423950,335.601837,184.807922,101.265327,144.015350,551.502441,112.755638,316.948364,364.262970,149.785507,934.505554,52.716484,215.503860,68.109993,354.167969,138.967072,920.983643,242.310959,564.996094,70.281059,24.017679,123.545174,327.350006,61.091885,109.747459,294.982147,85.171402,209.931259,147.230820,237.699997,160.333466,38.560925,80.896866,193.781509,173.833298,311.198700,37.240002,84.217110,229.215363,308.945435,304.477753,567.369873
2025-11-07,267.959259,494.762604,244.410004,278.451691,620.671936,499.059998,429.519989,188.129349,311.206360,334.665619,184.412552,102.171608,144.853043,550.196594,115.434204,319.560364,366.276367,151.822617,921.476501,52.627453,215.621933,69.579498,348.032593,140.311798,920.145935,237.798660,571.414917,70.310738,24.027514,124.939323,326.950012,60.302200,109.995781,296.217804,85.619194,209.203812,150.658676,233.539993,159.508850,38.764290,82.800896,191.961517,175.689774,315.744568,38.130001,85.367409,231.008682,302.972626,306.472534,560.718079
2025-11-10,269.178131,503.904602,248.399994,289.706421,630.705200,496.980011,445.230011,199.028152,313.860748,333.500366,186.231277,102.002312,143.394455,551.183472,116.418968,316.968079,365.605225,152.439606,963.614197,52.845085,215.179214,69.549911,356.956818,139.987869,912.986145,239.359085,575.348145,71.319832,23.988173,124.474609,328.850006,60.015938,111.485695,295.664215,85.678902,210.429504,152.308777,243.979996,159.538651,38.589977,83.629601,193.939774,177.734863,319.156403,38.450001,86.743828,230.879868,307.377502,311.130463,568.435242
2025-11-11,274.992676,506.573486,249.100006,290.914764,626.033020,497.070007,439.619995,193.138794,312.602875,337.553955,191.588593,103.018150,146.390457,556.556152,117.955200,322.753906,369.365601,153.017441,985.525391,53.052826,221.534897,70.624916,350.552490,142.402496,911.290894,234.707672,585.470520,70.943893,25.089722,125.572128,333.220001,62.335636,114.078156,303.305420,85.768463,215.033295,154.007965,237.520004,158.694153,39.413105,84.606285,198.232620,177.923492,333.740631,37.880001,89.162384,233.168549,311.941467,309.913605,565.527649
2025-11-12,273.214355,509.023315,244.199997,286.321014,607.993164,502.399994,430.600006,193.778732,317.347107,338.182648,192.142105,103.018150,145.868134,559.426880,116.320488,334.197388,366.296143,150.157669,1014.594116,53.527660,229.464783,70.526299,353.799469,141.725220,911.430542,225.603622,586.997864,73.169861,25.443790,127.371674,337.049988,63.372089,115.866066,303.414185,85.838120,218.630630,152.790039,258.890015,162.032364,39.509941,84.734535,199.399796,176.404556,331.600769,37.889999,87.569664,232.534470,313.194336,308.218018,570.596130
2025-11-13,272.694855,501.205811,237.580002,278.192078,608.871704,513.109985,401.989990,186.839478,306.521606,335.388397,192.992172,102.121826,145.818863,553.785095,116.980286,327.751190,363.276001,152.371048,1019.668152,52.301003,228.539963,70.092346,338.620392,142.343597,922.479370,216.241165,579.121582,76.553322,25.365108,127.806709,333.600006,65.178497,106.886818,304.046783,84.285744,220.424332,152.387344,247.960007,161.177948,39.810139,82.860092,197.698486,172.701538,331.324677,35.910000,87.913773,229.334259,303.131683,303.380615,551.208496
2025-11-14,272.155334,508.067291,234.690002,276.035004,608.442444,508.940002,404.350006,190.149109,300.707672,329.340851,193.664307,102.062073,145.533051,543.976685,118.500153,317.244049,357.640350,154.368973,1023.571655,52.043800,228.608841,70.181114,341.090454,143.158279,920.385254,221.488907,577.704102,77.166702,24.647135,129.121765,331.109985,63.342480,105.088982,303.503113,84.634041,220.434296,152.662338,246.809998,158.296753,39.761723,82.751572,198.056686,174.299896,332.054413,35.520000,89.830933,225.747665,303.957001,304.028931,551.686523
2025-11-17,267.209961,505.388428,232.869995,284.633301,601.004822,503.260010,408.920013,186.579514,297.498657,325.079651,197.272110,102.530151,143.709839,535.125183,116.900810,315.923279,353.366760,151.626740,1019.997620,50.925964,230.222366,69.707710,341.279694,145.101730,910.024475,218.517166,566.174072,76.949051,24.666805,128.568054,325.070007,62.088860,104.979721,301.397583,83.012009,219.667007,150.039902,240.520004,153.984909,39.713299,84.596413,195.111328,174.359467,336.955231,34.709999,88.034904,222.923965,295.485291,299.351105,549.714783
2025-11-18,267.190002,491.745178,222.550003,283.894318,596.692078,504.369995,401.250000,181.340088,296.547852,320.519043,197.687241,100.976509,144.862915,525.885010,118.241875,309.082794,332.097473,152.131790,1028.333740,51.084240,230.094467,70.240280,339.138336,146.024384,892.563721,219.143326,575.028748,76.543434,25.030710,128.538406,324.470001,61.684147,105.565750,301.091156,83.449860,224.719208,153.074890,230.289993,156.299805,40.168438,83.501350,190.504196,173.456039,339.203491,34.330002,88.987488,217.544083,288.306244,295.241791,544.566711
2025-11-19,268.308929,485.102783,222.690002,292.412750,589.334351,501.260010,403.989990,186.499527,300.370941,323.453003,200.168213,100.199692,144.862915,528.656006,116.572998,304.657196,330.143219,150.230392,1047.851074,51.460152,229.149963,70.131798,353.002655,144.395020,888.096313,224.152527,572.792542,77.552536,24.470098,124.731682,318.109985,61.832214,103.966568,299.262390,83.748390,221.630081,152.839157,223.550003,156.071274,39.887611,83.136322,189.628555,172.512909,337.635620,35.110001,87.300621,226.302505,286.894257,300.039307,550.770325
2025-11-20,266.001099,477.340485,217.139999,289.057312,588.166321,501.119995,395.230011,180.620163,295.527710,323.103729,200.721741,106.673187,146.045532,526.184021,116.245178,307.072083,328.050842,148.853851,1041.551636,50.451130,225.745819,70.230415,345.433044,143.403656,890.778748,209.403168,571.744385,74.634048,23.998007,122.576195,312.399994,60.637814,102.009811,300.666107,81.997002,221.400879,152.878433,206.020004,152.335663,39.471203,83.165924,187.210541,171.480438,331.393738,33.619999,86.794556,226.322311,288.753662,289.865753,543.819885
2025-11-21,271.236176,471.044861,220.690002,299.253448,593.257812,504.040009,391.089996,178.860367,295.171143,327.305084,201.542145,104.890480,148.736023,538.663879,116.304787,315.381195,338.848358,148.527054,1057.934204,51.005104,232.465546,71.946480,338.839508,143.629410,896.482666,197.546036,586.458801,75.287003,24.627464,126.669647,324.190002,61.990147,103.579193,305.796478,82.703529,226.592621,152.475754,203.779999,158.366302,39.926342,82.914635,189.081268,169.118271,335.217224,34.500000,86.695328,232.128235,295.753754,286.694000,548.101685
2025-11-24,275.662079,472.920593,226.279999,318.147766,612.026428,507.809998,417.779999,182.529968,295.151337,328.622345,203.667282,103.635620,144.853043,536.121948,115.202133,314.474396,332.196136,148.299286,1068.376831,51.371117,225.804840,71.591431,376.448486,142.814728,883.628906,199.056747,585.051270,75.425499,24.804499,125.759995,318.730011,61.131367,101.254921,301.397583,84.245949,226.184052,148.370163,215.050003,160.214233,38.938595,83.659561,187.727982,172.636612,331.999512,35.790001,86.883858,226.649261,302.395874,293.286835,557.232910
2025-11-25,276.711090,475.903748,229.669998,323.001190,635.157654,508.570007,419.399994,177.800476,300.103516,333.841583,205.577133,106.563629,146.341202,544.714233,113.751801,321.600677,346.497406,147.091095,1108.090454,51.915199,228.057877,71.611160,383.490234,143.413483,891.815796,195.826599,596.740906,75.504646,25.296261,126.610329,319.549988,62.858799,102.615707,306.883850,84.683792,229.960785,154.607101,206.130005,160.720932,39.306580,84.255493,190.076324,171.580109,338.762634,35.830002,85.951118,235.903091,302.753845,292.678436,564.213196
2025-11-26,277.290527,484.394379,229.160004,319.515961,632.552063,511.230011,426.579987,180.240204,304.699188,333.103119,206.462418,108.655067,146.104660,543.179199,114.010078,324.981506,350.840088,148.061600,1102.499878,52.419712,223.984711,71.877449,395.980103,145.248962,905.706665,203.708176,592.218750,75.257317,25.286425,127.094803,317.519989,63.500423,102.734909,308.811432,85.141541,227.658875,153.703491,214.240005,164.277725,39.587414,84.960686,189.051422,172.616669,342.198853,36.810001,86.417488,239.380707,301.491028,295.850189,571.303101
2025-11-28,278.589325,490.889587,233.220001,319.745605,646.868164,513.809998,430.170013,176.980560,310.087158,333.751770,205.825806,110.059319,146.015976,548.761292,115.152466,325.040649,352.271210,149.665924,1073.677979,53.072613,224.024063,72.114151,401.348511,145.994934,911.021729,200.716537,589.803040,76.118027,25.315931,127.450752,320.130005,63.796547,103.767921,308.238098,85.430122,225.984756,154.675858,217.529999,167.178787,39.810139,85.705605,191.240540,174.330978,343.082703,40.560001,88.005135,240.242676,306.830597,297.675476,573.324585
2025-12-01,282.835358,485.631561,233.880005,314.462799,639.799927,508.549988,430.140015,179.900253,305.966949,329.710114,204.254150,111.075150,145.306396,542.222290,115.857765,318.574707,352.675842,151.062241,1056.127319,52.667023,221.475876,71.458649,384.536011,146.750732,909.396240,199.712723,584.132812,75.227638,24.853676,126.570763,322.850006,64.958832,106.052460,301.883606,84.982330,223.354034,153.369537,219.759995,167.069504,39.451839,84.076714,189.280273,167.463791,335.167572,40.009998,89.563011,244.116608,303.937103,287.701416,565.657104
2025-12-02,285.922455,488.884155,234.419998,315.381531,646.019531,506.649994,429.239990,181.440079,304.936890,328.941681,204.333740,111.951569,143.749252,544.156067,114.616035,319.885651,349.418854,148.794434,1044.376953,52.617558,220.747818,70.187393,380.044098,145.867340,919.437988,199.871750,579.361145,76.048775,24.735651,124.899773,322.809998,64.501869,104.125504,299.049438,85.897827,225.795425,151.866776,215.240005,174.123444,39.325951,84.007187,192.195786,168.241196,336.031555,43.470001,88.600502,240.926315,300.069153,288.569153,580.006104
2025-12-03,283.884369,476.642090,232.380005,319.196381,638.532043,503.600006,446.739990,179.570282,309.146271,328.931702,204.244217,113.943413,144.586960,551.950928,117.020020,334.838074,353.248322,150.121460,1031.837891,53.507874,226.523056,70.326431,379.087921,145.327484,919.667297,206.461243,579.440979,76.919365,25.148731,123.881355,326.779999,65.217117,105.029381,306.000610,88.913002,227.658875,149.008606,217.600006,181.415863,39.384052,84.374680,192.514221,167.892349,343.042999,43.759998,91.101036,244.661530,300.904388,287.741272,588.987976
2025-12-04,280.437592,479.744995,229.110001,317.189087,660.425537,503.230011,454.529999,183.370087,313.078339,326.426880,201.409286,114.371658,143.256485,540.567688,116.364388,328.707275,348.837830,150.784958,1012.799622,53.577118,225.017776,69.968895,379.506256,144.198715,893.341492,213.020950,574.240051,76.929260,25.276590,123.990120,328.730011,65.256859,104.761200,306.825989,89.768799,226.333542,145.934326,215.979996,178.951935,39.955395,82.825241,191.280334,170.742889,337.819214,40.500000,92.400925,243.898636,306.243927,291.102539,596.615601
2025-12-05,278.519379,482.059723,229.529999,320.834106,672.295593,504.339996,455.000000,182.400131,312.028473,330.558350,200.862183,114.640556,141.374115,543.767395,115.768364,326.164307,352.254944,148.546860,1008.626587,53.646729,222.430222,69.521965,388.679413,143.735855,892.164856,216.251083,571.774414,77.137024,25.601154,123.673714,346.260010,65.425735,104.592346,309.501068,89.390663,225.456619,145.178040,217.970001,181.356232,40.371796,82.567001,190.384796,170.533585,327.619873,41.410000,92.966530,246.177414,306.194244,283.203094,600.618530
2025-12-08,277.630219,489.901825,226.889999,313.499329,665.686646,497.230011,439.579987,185.539963,312.196808,326.167419,200.553833,113.096870,136.338074,538.703674,115.212074,321.123474,347.586182,147.269363,995.927795,53.597008,219.518005,69.770264,399.495972,144.340454,885.025024,219.192993,567.222290,78.017509,25.345438,120.717323,339.119995,63.121033,106.906677,308.069061,89.619530,223.692825,145.649490,221.110001,179.766617,39.994129,80.004478,191.041534,170.952194,319.019470,40.299999,92.162773,242.561096,307.427185,286.444672,593.976807
2025-12-09,276.920868,490.899536,227.919998,316.856934,655.863159,491.429993,445.170013,184.959991,297.637360,325.828125,198.902618,114.590759,137.609406,535.822998,117.467041,321.103638,342.976990,147.051498,980.583374,53.239033,219.390106,69.611351,404.665222,143.359207,885.942383,220.176956,562.091187,78.660576,24.912685,119.886772,344.320007,62.912418,106.300774,309.063507,88.455254,222.447205,147.692459,221.619995,178.355835,38.870808,79.100639,189.230515,171.360825,311.690247,40.500000,92.708534,240.430908,308.719849,284.569550,591.845825
2025-12-10,278.519379,477.470184,231.779999,319.984741,649.044495,490.429993,451.450012,183.770050,307.145538,325.059692,205.447815,112.718422,137.796661,537.128723,118.748497,325.836853,348.798065,149.943207,991.984375,53.775997,221.544739,69.730530,411.318512,148.374405,871.951782,221.647919,572.812561,79.392662,25.355272,121.172157,343.130005,65.356194,108.098618,308.804932,90.246452,229.612000,147.103134,221.419998,180.491882,38.657764,80.719597,191.111176,174.141602,313.209717,40.779999,96.052513,243.928345,310.897430,282.863983,612.747009
2025-12-11,277.770081,482.369019,230.279999,312.210205,651.620178,495.850006,446.890015,180.920197,314.346069,344.918762,208.899460,115.048882,138.723053,561.559998,118.748497,334.132355,355.086029,149.259888,1007.698120,54.253300,220.364120,68.638046,404.744904,147.720245,881.993530,197.635498,577.893677,78.423126,25.374943,121.893951,350.429993,67.293335,110.710938,307.989471,92.137154,231.555161,148.262115,221.429993,180.491882,38.948284,80.660011,192.892349,176.832657,315.195953,39.509998,95.963203,245.791016,308.978363,287.671509,622.963623
2025-12-12,278.019867,477.440277,226.190002,309.072449,643.154358,499.519989,458.959991,175.010529,315.475189,347.114197,210.461166,116.460983,140.772949,570.092529,118.033264,339.202942,357.261475,148.536957,1025.797974,54.830036,219.714783,70.038414,358.490601,149.315994,881.983521,188.809723,571.285278,76.968842,25.424120,124.049438,356.429993,67.025124,110.849998,314.960541,92.306328,225.536346,150.914047,210.779999,178.256470,39.597095,81.097031,192.703278,178.068558,315.553467,37.810001,94.802238,245.008286,307.486847,299.031921,595.360901
2025-12-15,273.853729,473.738708,222.539993,308.003174,646.956116,506.380005,475.309998,176.280457,316.960815,346.176178,213.037460,116.550804,143.029816,567.301514,116.980286,338.468658,354.619141,148.348801,1060.420044,55.018970,223.778107,70.485344,338.451080,149.880951,858.140747,183.790558,575.341187,77.414032,25.994564,127.025604,351.149994,67.333076,110.489998,316.959412,92.445648,227.728622,155.589294,207.580002,176.815872,39.509941,81.097031,196.474548,181.507141,323.071381,37.509998,93.631348,246.484543,306.910156,300.198883,587.265320
2025-12-16,274.353271,475.305145,222.559998,306.354340,656.587891,499.839996,489.880005,177.710388,312.533569,344.399811,208.193222,115.183609,143.108658,564.201477,113.920677,331.621887,350.337769,145.328339,1052.533325,54.501892,220.059128,69.889442,339.935120,149.038467,857.971252,187.497772,569.596863,76.721512,25.109392,125.433701,347.890015,66.677429,111.620003,312.752899,91.739120,223.912064,155.137482,209.169998,176.408539,39.461521,80.769264,197.280548,179.334351,324.491547,37.310001,90.069069,244.195862,301.461212,297.954712,586.438843
2025-12-17,271.585876,475.035736,221.270004,296.511261,648.944397,504.269989,467.260010,170.930756,311.969025,343.701263,209.217773,115.423126,145.671036,563.653259,116.632607,329.071716,354.380737,148.071518,1040.054199,54.243355,220.688782,70.187393,324.716217,148.751053,860.224915,177.370026,562.004395,75.188065,24.627464,125.285385,354.660004,65.256859,110.629997,316.919617,92.137154,221.849319,155.785736,198.110001,173.358444,39.587414,79.746239,198.902496,176.613388,323.766571,36.049999,94.226715,245.672119,301.600433,291.421722,559.513245
2025-12-18,271.935547,482.877869,226.759995,302.247223,663.881592,503.390015,483.369995,174.130569,310.007935,345.297974,207.208450,114.594818,143.414185,564.390869,115.768364,325.608643,352.632416,146.259247,1055.119019,53.954983,219.222855,69.879509,328.560791,148.047333,855.179138,178.930420,561.834595,76.127914,24.627464,123.713272,355.809998,65.197250,111.870003,317.874268,91.032593,223.563293,154.508865,201.059998,175.047424,39.132275,80.302444,197.101440,177.699768,322.187531,36.279999,91.517799,245.424423,298.746704,300.907043,563.436523
2025-12-19,273.414185,484.813446,227.350006,306.943939,658.206482,494.529999,481.200012,180.980209,314.177673,348.531281,205.278717,114.125786,142.369522,570.391479,115.917366,324.894196,342.708771,146.318649,1069.654663,54.959309,223.158279,69.581558,338.998840,146.848053,853.214661,190.797516,567.269226,77.582207,24.774994,124.039551,355.859985,58.322880,111.239998,314.085449,92.555107,224.051559,154.047241,213.429993,175.146759,38.560925,79.001320,198.126358,181.407455,325.127136,36.820000,91.230042,238.221512,299.273712,306.412689,573.782593
2025-12-22,270.716675,483.815735,228.429993,309.562073,660.934143,499.950012,488.730011,183.680054,320.001495,351.365448,206.223694,112.369385,140.625122,573.850403,117.367699,322.651611,344.089569,148.348801,1074.686279,55.565880,224.230682,69.730530,340.735260,145.747879,847.610413,197.168365,575.131409,77.275520,24.794662,123.792366,357.529999,56.842705,112.379997,314.463318,93.818893,227.210449,156.856308,214.949997,177.660370,38.715870,79.497932,194.991928,185.065308,329.109558,36.369999,92.589455,239.836456,301.073425,313.913208,579.946350
2025-12-23,272.105377,485.741333,232.139999,314.128876,664.371155,500.510010,485.559998,189.199768,322.814331,352.652802,204.691833,110.672867,141.108032,574.498291,118.629288,322.294373,342.678986,149.051910,1069.854370,55.655373,225.096466,69.392860,348.588776,142.407715,852.386963,194.146912,579.367249,77.186485,24.470098,123.139786,352.420013,56.961914,113.220001,309.113220,94.007965,230.020554,159.174301,214.899994,175.931656,38.657764,79.249626,194.534195,185.145050,329.208862,36.349998,92.013939,239.915710,302.057831,314.711121,579.956360
2025-12-24,273.554016,486.908630,232.380005,313.869049,666.978943,501.339996,485.399994,188.599792,326.023376,354.409180,206.681259,111.381416,142.399094,577.588379,118.430618,325.052917,345.033234,149.042023,1075.185425,55.933796,226.178726,69.631218,349.486877,142.467194,869.408997,196.283798,578.548035,77.186485,24.617630,123.406746,352.980011,59.604374,114.480003,311.589386,94.833908,230.658310,159.743973,215.039993,175.981323,39.045116,79.905151,195.957123,185.763000,331.661865,36.160000,91.091118,240.757874,302.833405,315.927948,581.290710
2025-12-26,273.144409,486.599365,232.520004,313.289459,662.722595,498.299988,475.190002,190.519684,324.775421,354.269470,206.532059,111.511147,142.645462,577.737793,118.321342,329.270142,347.457031,148.566666,1075.954224,55.854244,226.267242,69.392860,351.392883,142.506836,870.894775,196.780746,580.166443,77.324989,24.676640,123.436409,353.799988,60.528244,113.559998,308.954102,94.794106,229.830093,159.625046,214.990005,175.732956,39.200062,79.865433,196.394943,184.557007,330.638947,36.200001,90.833130,242.234146,303.360382,314.322144,580.533936
2025-12-29,273.504089,485.990753,232.070007,313.339417,658.126526,501.049988,459.640015,188.209808,320.655182,353.880249,206.462418,112.299530,142.477936,576.043335,119.731941,326.402435,345.142517,149.527267,1076.932495,55.038857,227.113373,69.680878,348.658630,142.962769,865.400330,194.186676,584.492188,76.958946,24.588123,123.169449,353.160004,60.806396,114.190002,306.816040,94.057716,230.139435,160.507172,215.610001,174.550659,39.200062,79.726372,196.116333,183.809494,327.361664,36.680000,91.914703,241.580215,304.006683,311.126770,576.162476
2025-12-30,272.824707,486.369904,232.529999,313.629242,665.380310,503.709991,454.429993,187.529846,320.328369,352.892303,205.815857,111.690781,141.965454,575.564880,120.188896,329.597626,344.049835,150.834473,1077.950928,54.969250,226.031143,69.591492,349.117645,142.883469,863.216492,196.005508,582.873779,76.583008,24.578287,124.365845,352.510010,60.786526,114.790001,306.318817,93.848747,230.179337,160.517075,215.339996,174.282410,39.413105,79.984612,195.389938,183.400833,326.428131,37.299999,93.373360,240.936218,300.337616,311.336487,574.947632
2025-12-31,271.605835,482.518677,230.820007,312.779816,659.525330,502.649994,449.720001,186.489914,319.139801,349.988281,205.855652,111.181831,141.236160,569.045898,119.543198,327.563416,341.814758,150.933517,1072.889404,54.690823,224.801315,69.432587,345.375519,142.249130,859.915833,193.719543,578.877747,76.207062,24.489771,123.881355,349.989990,63.289909,113.769997,303.932159,92.744171,228.433060,158.980789,214.160004,172.364929,39.442154,79.736305,194.126205,182.792862,325.057617,36.900002,92.887146,238.934860,294.530731,307.581940,570.446777
