Date,AAPL,MSFT,GOOG,AMZN,NVDA,META,JPM,GS,BAC,JNJ,UNH,PFE,KO,PG,NKE,WMT,XOM,CVX,CAT,HON,UPS,DIS,NFLX,TSLA,COST
2021-01-04,125.856712,208.406540,85.708336,159.331497,13.076018,266.845886,110.051926,234.088074,26.464046,135.059662,319.662109,28.367760,45.081974,120.756111,129.605042,45.541046,33.693787,67.829155,165.243362,176.116821,131.416641,173.592010,52.285999,243.256668,359.197845
2021-01-05,127.412773,208.607574,86.337173,160.925507,13.366434,268.860138,110.650742,239.326294,26.666737,136.647583,315.363403,28.660603,44.586376,121.527168,130.650421,45.298641,35.317585,69.662804,166.595062,176.548737,129.587448,174.334534,52.080002,245.036667,355.030884
2021-01-06,123.123840,203.198502,86.057968,156.919006,12.578444,261.259796,115.846443,252.240875,28.332310,137.933456,328.598053,28.413992,43.167957,122.806404,131.686523,45.581455,36.218796,71.904816,175.866486,179.767059,129.202286,174.998886,50.049000,251.993332,349.626129
2021-01-07,127.325241,208.980957,88.634811,158.108002,13.305860,266.647491,119.650749,257.629395,28.957994,138.399475,333.866211,28.560425,42.689449,121.658615,134.091736,45.578346,36.502953,72.241135,176.202103,180.063446,127.565613,174.471298,50.889000,272.013336,347.641937
2021-01-08,128.424194,210.254242,89.624687,159.134995,13.238803,265.486633,119.782829,256.242523,28.667177,138.114639,332.366272,28.614368,43.646465,121.606033,135.386871,45.572128,36.908905,72.929764,176.229309,177.878448,127.076187,174.578781,51.040001,293.339996,349.550507
2021-01-11,125.438484,208.215073,87.616676,155.710495,13.582566,254.840118,121.570511,259.555054,29.143059,137.536453,329.951721,29.107582,42.894527,120.782402,136.034424,45.777271,38.029324,73.346123,175.866486,176.464111,129.860214,174.969559,49.910000,270.396667,343.947357
2021-01-12,125.263451,205.764236,86.616386,156.041504,13.446208,249.134903,123.481476,266.957581,29.662996,136.466370,326.860260,28.652901,42.817619,120.081444,134.184265,46.299404,38.873703,74.739372,179.204895,176.904449,131.504929,171.940903,49.424999,283.146667,344.126862
2021-01-13,127.296043,207.114120,87.005699,158.294495,13.493073,249.680634,123.595955,267.602448,29.486750,136.259232,324.729218,28.406292,42.860344,120.265480,132.324799,45.826996,39.312122,74.667313,177.708054,175.329178,130.863083,172.067902,50.778999,284.803345,346.725372
2021-01-14,125.370438,203.935699,86.300476,156.373505,13.162519,243.727356,124.318062,271.957397,29.953810,138.641113,320.604126,28.321520,42.065689,118.986221,130.715179,45.677803,40.846615,76.460938,179.077927,176.675812,131.151901,169.439774,50.085999,281.666656,342.378784
2021-01-15,123.649025,203.581467,86.102615,155.212494,12.822743,249.402847,122.090065,265.897583,29.090178,138.339081,321.308533,28.282990,41.612820,118.092522,130.178619,44.953644,38.881828,73.738472,176.555893,174.439941,127.485397,167.495575,49.798000,275.386658,342.199402
2021-01-19,124.320076,207.209824,88.813850,156.037994,12.988022,259.066956,121.561668,259.881958,28.878679,140.479324,322.122375,28.306108,41.450466,117.058655,128.837234,44.565151,39.653118,75.676224,176.984589,175.108963,125.383347,168.296707,50.176998,281.516663,334.933197
2021-01-20,128.404755,214.772903,93.576736,163.169006,13.327547,265.397339,119.738808,256.587097,28.499741,140.134094,320.887726,28.128851,41.595722,115.595383,132.102798,45.224041,40.213337,76.372849,175.415894,176.226959,128.239548,169.644958,58.633999,283.483337,341.386719
2021-01-21,133.111832,215.376068,93.792458,165.349503,13.827865,270.745331,118.734901,255.615326,27.997429,139.573166,324.692596,28.113440,41.826431,115.481674,131.001984,45.018913,39.060436,73.674416,175.279068,173.813217,128.448135,167.339249,57.984001,281.663330,342.804016
2021-01-22,135.251511,216.314301,94.278488,164.611496,13.673306,272.362579,117.819031,255.633057,27.803549,141.143814,317.878662,28.167391,41.433388,114.591385,128.911224,45.478901,38.508347,73.450226,175.051132,171.289398,127.557579,168.804749,56.516998,282.213318,342.331573
2021-01-25,138.995712,219.741562,94.196663,164.699997,13.614225,275.845337,116.348389,250.023743,27.459862,143.240891,318.116486,28.729965,41.681179,116.565895,127.246109,45.438496,38.078041,72.785614,170.855835,170.967575,129.771942,167.935226,55.678001,293.600006,341.934692
2021-01-26,139.229111,222.422195,95.081390,166.306503,13.396848,279.853851,115.872864,248.893051,27.265989,147.124420,313.817596,28.753084,42.116951,117.315147,124.979599,45.845638,37.241791,71.552498,170.737305,170.281586,129.515167,165.658829,56.193001,294.363342,344.863800
2021-01-27,138.159378,222.967880,90.794075,161.628998,12.880829,270.021057,112.596931,241.446411,26.287790,144.880615,304.561676,27.928478,41.467552,113.163414,121.205238,44.705021,36.819595,70.623657,164.736282,168.858734,126.482483,159.279068,52.327999,288.053345,336.747375
2021-01-28,133.325851,228.740723,92.396927,161.880997,13.013695,262.936584,114.578339,242.939240,26.719604,145.985245,309.281097,27.936274,41.997334,114.908722,124.628082,44.677048,37.396042,71.280258,168.119843,171.789047,126.177643,167.925446,53.860001,278.476654,337.380432
2021-01-29,128.336670,222.068008,91.039574,160.309998,12.952621,256.318542,113.310219,239.538330,26.129168,140.781372,305.101288,27.967442,41.142857,113.013565,123.582726,43.663841,36.405537,68.221512,166.751801,165.462585,124.356415,164.300797,53.238998,264.510010,333.005585
2021-02-01,130.456802,229.430038,94.293343,167.143997,13.199163,259.969910,114.146828,242.683136,26.402359,140.418869,305.485474,27.889534,41.424824,113.683472,125.543900,43.284660,36.470482,69.190376,168.466431,165.623489,125.367340,167.036377,53.903999,279.936676,331.200867
2021-02-02,131.283493,229.295975,95.590721,169.000000,13.518001,265.000427,117.660530,253.495316,27.345303,139.158936,309.802490,27.258516,41.834976,113.524811,129.133255,43.750870,37.046917,69.710846,175.561844,169.485474,128.600586,172.888596,54.816002,290.929993,335.981995
2021-02-03,130.262299,232.637207,102.660660,165.626495,13.491827,264.573730,119.007881,254.890991,27.829990,138.511673,309.043365,27.141655,41.672638,113.665840,128.245209,43.884499,38.500221,71.232216,174.604218,168.655472,128.135284,172.370743,53.945000,284.896667,335.632324
2021-02-04,133.617599,231.689392,102.278801,166.550003,13.625197,264.414978,121.746628,259.484436,28.640741,139.797562,301.204987,27.180607,41.877708,113.736351,130.095367,44.297874,39.239052,71.264252,174.786591,169.883530,130.181107,176.083344,55.216000,283.329987,336.901001
2021-02-05,133.203644,231.871338,104.045799,167.607498,13.552153,266.012543,121.508873,259.263611,28.526178,141.920547,296.805603,27.203978,42.424576,114.212379,134.239746,44.866627,40.554340,71.472427,176.017853,171.856842,131.881989,176.991959,55.078999,284.076660,336.257202
2021-02-08,133.349762,232.129807,103.793358,166.147003,14.397481,264.504303,123.411011,265.137878,29.160686,142.326096,296.650177,27.126078,42.655270,113.859772,132.667068,45.074856,42.299919,73.250053,180.076279,172.652969,131.135818,185.628555,54.792000,287.806671,340.669006
2021-02-09,132.473160,233.374313,103.327187,165.250000,14.222483,267.351990,122.917862,265.411682,29.037310,143.491196,301.488495,27.242935,42.467289,113.419037,131.168472,45.323498,41.804493,72.833672,179.921234,171.094620,133.919830,183.879745,55.907001,283.153320,340.413544
2021-02-10,131.869247,232.464874,103.915871,164.328995,14.722049,269.753143,122.988342,268.786102,29.063747,143.957214,304.936646,27.063751,42.381840,113.022369,131.788300,44.795124,42.209091,74.082779,180.322510,171.213165,132.908936,185.267075,56.359001,268.273346,337.156647
2021-02-11,131.616013,234.063644,103.941147,163.106506,15.207158,268.284607,122.644867,267.054749,28.975624,143.309982,304.634705,26.822256,42.979973,113.119339,132.787354,44.760948,41.152206,73.682419,180.897095,171.230072,130.269363,186.517624,55.758999,270.553345,333.445374
2021-02-12,131.849762,234.542313,104.348801,163.885498,14.918487,268.393799,124.388527,270.588104,29.407434,143.758698,300.217133,27.048172,43.313221,112.493507,131.473770,44.900810,41.713676,74.106796,180.568756,172.407318,131.087708,183.352173,55.652000,272.040009,333.966064
2021-02-16,129.726517,233.307297,105.231064,163.447495,15.286431,271.836792,127.382614,275.570221,30.200560,142.455597,296.906250,27.024797,42.954342,112.757942,131.094452,45.270660,42.968719,75.625336,184.572495,172.297272,129.771942,182.062546,55.728001,265.406677,335.149536
2021-02-17,127.437553,234.324463,105.548958,165.432007,14.863395,271.439819,127.778923,276.259247,30.323935,142.964752,298.954987,27.180607,42.834709,113.233948,133.203674,45.749287,43.637520,77.890915,184.499527,170.992935,129.170181,182.150482,55.133999,266.049988,338.974396
2021-02-18,126.336967,233.931030,104.997971,166.411499,14.786617,267.292419,128.210434,273.750610,30.130056,143.033783,300.372620,26.923529,43.381580,114.177094,134.221222,42.784279,42.952206,77.143822,182.328964,172.364990,130.068787,178.789597,54.821999,262.459991,337.914093
2021-02-19,126.492828,231.225082,104.201508,162.494995,14.883835,259.523346,130.350388,278.803253,30.438503,140.651886,296.869629,26.830038,42.817619,112.052757,131.381256,42.995628,43.241192,77.793480,191.439911,172.398849,129.616669,179.424652,54.021999,260.433319,335.878510
2021-02-22,122.723434,225.026337,102.403275,159.037003,14.314719,258.302979,131.574417,279.907532,30.976063,140.565048,299.668427,26.689814,43.261948,111.576752,126.432037,42.793602,44.834766,79.896667,198.872787,172.449661,130.472473,187.348053,53.377998,238.166672,331.561340
2021-02-23,122.587074,223.836472,102.699844,159.725006,14.101581,263.789886,132.631195,281.974518,31.302126,139.323273,301.378754,26.417154,43.185047,112.405357,125.932457,42.103642,45.454041,80.903572,200.806259,173.652298,129.834641,192.555435,54.615002,232.946671,323.930542
2021-02-24,122.090347,225.064728,103.905449,157.976501,14.457555,262.251984,134.964844,292.071289,32.059998,141.190308,303.848236,26.292509,43.330307,112.528740,125.488426,41.401241,46.816410,83.891891,202.894745,178.725372,129.237183,192.965759,55.341000,247.339996,322.557739
2021-02-25,117.843712,219.729538,100.740936,152.858002,13.269464,252.706879,133.133118,289.527222,31.663443,141.337906,300.793396,26.347038,42.868889,111.576752,125.386635,41.009632,46.040268,83.112328,202.301956,174.208282,127.170273,186.586014,54.669998,227.406662,316.119904
2021-02-26,118.106728,222.982483,101.013687,154.646500,13.675303,255.614090,129.601822,282.213013,30.588316,137.603912,303.857391,26.089956,41.860626,108.888252,124.937050,40.378727,44.892570,81.204056,196.884644,172.132706,127.428658,184.690628,53.884998,225.166672,313.374237
2021-03-01,124.466888,227.358078,103.228004,157.307007,13.802188,262.847321,132.534332,292.580048,31.540071,138.350693,306.079895,26.245760,42.638187,109.558197,127.597504,40.829369,46.568722,82.868721,200.423203,175.424744,130.367508,190.493988,55.063999,239.476669,314.103241
2021-03-02,121.866341,224.412201,102.946800,154.726501,13.367932,256.983337,132.102783,293.484528,31.310932,138.090195,306.070770,26.105534,42.809082,109.214424,127.013504,40.437759,46.296234,83.185425,196.829910,175.730972,130.286774,189.477921,54.782001,228.813339,310.969543
2021-03-03,118.885925,218.357391,100.510323,150.250000,12.768150,253.421295,134.656616,296.579498,32.095253,135.658722,304.451904,26.791094,42.706551,108.562119,124.455048,39.654560,46.667793,84.119278,195.999939,176.096771,129.527817,187.836548,52.070000,217.733337,306.671356
2021-03-04,117.006088,217.560928,101.620193,148.878494,12.334892,255.633926,132.587128,292.021271,32.325520,132.923309,305.311615,26.643072,42.672375,107.671860,122.397163,39.635910,48.476051,84.858223,194.048264,172.634567,128.736618,183.703888,51.129002,207.146667,302.051208
2021-03-05,118.262527,222.233994,104.568512,150.022995,12.425880,262.222198,132.895370,290.318665,32.706337,135.554504,317.467072,26.791094,43.398655,111.047874,123.611504,40.130093,50.309078,88.512413,200.787994,175.730972,132.733109,185.618805,51.639000,199.316666,300.422729
2021-03-08,113.334122,218.194290,100.384354,147.597504,11.560113,253.322067,134.656616,296.366730,32.883469,136.683395,320.274902,26.759922,44.124958,112.220222,124.733154,39.744698,50.259533,89.121445,202.083038,176.683731,129.883087,197.264542,49.333000,187.666672,294.836945
2021-03-09,117.941116,224.325836,101.799240,153.142502,12.488773,263.670837,133.705536,293.174194,32.166103,136.943924,321.930481,26.837831,43.458473,111.224174,126.021652,40.058601,49.483383,88.918427,197.723648,176.607178,131.820801,190.034790,50.644001,224.526672,301.805023
2021-03-10,116.859993,223.020828,101.914780,152.882004,12.436908,262.837402,136.611618,303.310516,33.096016,138.203064,319.753632,27.211771,43.954071,112.246681,127.541855,41.081127,51.002644,90.436943,201.608810,181.115723,133.403275,190.572144,50.453999,222.686661,306.586060
2021-03-11,118.788498,227.540359,104.877464,155.679504,12.960833,271.747467,135.898300,303.381439,32.980885,138.194397,322.954834,27.040384,43.475571,111.867653,130.878967,41.065567,50.622837,90.290756,200.423203,180.766953,135.026108,192.223251,52.306000,233.199997,311.149445
2021-03-12,117.882690,226.216171,102.256477,154.474503,12.823680,266.310120,137.509842,309.332062,33.600815,138.593826,326.782379,27.219557,43.389408,112.951866,130.192978,41.684067,51.167793,90.591217,208.850159,182.366226,135.389435,192.623840,51.801998,231.243332,313.506805
2021-03-15,120.765709,225.314163,102.483124,154.084000,13.158086,271.618469,136.822968,306.884399,33.432552,139.305893,324.818115,27.585709,43.966663,113.322067,134.355072,41.469612,49.863201,89.527458,210.437073,183.914413,131.312149,192.233017,52.025002,235.979996,312.910339
2021-03-16,122.304626,228.096909,103.774017,154.593002,13.257834,277.105438,135.184982,303.035614,33.335140,140.130859,325.478973,27.912909,44.130371,113.657021,134.086258,41.457191,48.806324,87.408005,206.533646,180.179947,131.457504,189.771027,52.403000,225.626663,309.823944
2021-03-17,121.515694,227.454010,103.702606,156.786499,13.307709,281.798615,136.576401,305.908966,33.609695,139.609863,323.257660,27.881742,44.147610,113.198677,134.243866,41.112198,49.020992,87.724731,213.072815,181.217789,129.705475,190.748016,52.444000,233.936661,311.660706
2021-03-18,117.395691,221.389572,100.981941,151.399506,12.690515,276.450531,138.830765,308.613739,34.486458,139.349319,332.317169,27.866161,43.570339,113.445480,132.714355,40.575390,46.907249,84.549660,210.382339,182.910660,129.342148,187.856094,50.479000,217.720001,305.781281
2021-03-19,116.869720,221.034592,101.328102,153.748001,12.813455,287.851105,136.620422,305.243805,34.123356,138.975891,335.557251,27.679186,43.777119,112.837257,127.449181,41.115326,46.643032,83.948715,205.466599,181.115723,128.607422,186.742340,51.217999,218.289993,311.395599
2021-03-22,120.181305,226.446472,101.099480,155.543503,13.153099,291.254395,132.948181,300.925018,33.352852,139.375397,336.732117,28.045343,43.940823,114.750046,128.172180,41.311935,46.164131,83.266624,206.132370,180.452209,130.036484,188.422775,52.311001,223.333328,316.678406
2021-03-23,119.353416,227.972183,101.812134,156.875000,13.037888,288.367035,131.618423,294.220581,32.679783,139.245163,338.237427,27.546753,44.276844,116.883217,127.106140,41.801922,45.594398,82.803764,199.046051,177.440842,129.067688,184.387772,53.508999,220.720001,322.216888
2021-03-24,116.967125,225.937927,101.420349,154.353500,12.611215,279.943146,132.639984,291.453705,32.679783,140.599792,340.165009,27.741512,44.388847,116.847984,123.435394,41.542889,46.519169,85.020622,201.763855,180.528732,129.108032,180.470016,52.081001,210.089996,320.039368
2021-03-25,117.454124,222.944077,101.385635,152.313004,12.503736,276.569641,134.339584,293.138702,33.352852,140.651917,340.614746,27.788254,44.819641,117.658920,119.245476,41.823776,46.387051,85.321075,204.518112,181.940872,131.804657,182.609634,50.285999,213.463333,327.897430
2021-03-26,118.058022,226.916656,100.948723,152.601501,12.806971,280.816345,136.576401,290.336395,34.256195,143.222305,345.562164,28.240101,45.698456,119.395409,123.277824,42.173306,47.650352,87.278091,209.306198,185.896469,135.623550,181.642426,50.805000,206.236664,333.274994
2021-03-29,118.233315,225.726837,101.960411,153.786499,12.915697,288.555542,134.454056,288.864288,33.928513,144.186203,347.930328,28.528343,46.396332,121.264145,123.741302,42.653942,47.394394,86.823364,209.962830,186.194199,135.752731,180.597061,51.395000,203.763336,337.184998
2021-03-30,116.782059,222.473907,101.940079,152.764496,12.839389,285.757507,136.039200,294.433472,34.530743,143.291779,342.881927,28.131037,45.793224,119.395409,123.240700,42.363697,46.808159,86.019447,212.571182,185.522186,136.156403,181.261414,51.339001,211.873337,331.125916
2021-03-31,118.973549,226.235336,102.589249,154.703995,13.314692,292.236694,134.057800,289.990509,34.265049,142.718658,341.514221,28.224524,45.414139,119.377800,123.185097,42.391792,46.098072,85.093712,211.467636,184.654495,137.246414,180.274643,52.166000,222.643326,333.710388
2021-04-01,119.801460,232.549271,106.017113,158.050003,13.777026,296.334534,135.361130,290.558075,34.973560,141.398712,336.924896,28.279047,45.241817,118.364090,122.851402,42.326248,47.386139,85.873260,212.261108,184.424789,138.287903,184.622253,53.942001,220.583328,336.039429
2021-04-05,122.626053,238.997528,110.371346,161.336502,13.952333,306.504761,136.078629,286.922119,35.248104,141.919739,339.779419,28.263466,45.500294,120.276894,125.252228,43.515331,46.651279,84.866341,213.145721,186.525940,138.828842,184.163055,54.067001,230.350006,341.606354
2021-04-06,122.927956,237.836472,110.331696,161.190994,13.826651,303.875366,135.121964,290.043701,35.150677,141.884979,334.446594,28.084291,45.827694,120.320969,127.143250,43.724426,46.519169,84.111153,210.345856,186.457886,139.652374,185.364746,54.452999,230.539993,340.943665
2021-04-07,124.574028,239.793915,111.568031,163.969498,14.107943,310.652100,137.239044,289.591400,35.469513,142.076080,335.612305,27.975227,45.905243,120.532516,126.568535,43.630798,46.725594,84.606491,210.136108,185.870956,138.828842,183.244705,54.699001,223.656662,339.703369
2021-04-08,126.970062,243.008469,112.349625,164.964996,14.281005,310.582703,137.407379,293.661926,35.159538,141.520279,334.923950,28.014179,45.767372,120.990883,123.917389,43.602711,46.238434,83.656403,210.199951,187.027863,139.692764,183.010239,55.458000,227.933334,341.985107
2021-04-09,129.541428,245.503311,113.363297,168.610001,14.363793,310.027100,138.434875,293.369232,35.416374,140.026688,345.396912,28.512760,45.819077,120.206352,125.558136,43.624565,46.131096,83.575195,210.446198,193.084595,142.050278,183.567108,55.530998,225.673340,343.869110
2021-04-12,127.827202,245.560928,111.821449,168.969498,15.170764,309.114258,138.142578,294.282715,35.478371,140.365326,345.378571,28.801006,45.965549,120.691200,126.661209,43.630798,45.825588,82.649475,210.610336,194.462723,144.181778,182.199326,55.278000,233.993332,345.383850
2021-04-13,130.934204,248.036575,112.440376,170.000000,15.640080,307.348114,136.494965,290.593475,34.822998,138.489639,343.744720,28.949017,45.741535,119.095734,123.787628,43.496597,45.998978,83.023018,209.169388,194.802979,144.859985,181.222336,55.373001,254.106674,345.762573
2021-04-14,128.596634,245.253845,111.823929,166.649994,15.238593,300.462189,133.943817,297.395447,35.318947,138.871704,344.781830,28.956808,45.732918,119.527649,122.601097,43.480988,47.328339,84.671440,212.115158,195.126221,142.268265,183.147003,54.001999,244.076660,343.831207
2021-04-15,131.002426,249.005753,113.897911,168.954498,16.096682,305.423218,134.794174,300.233246,34.309341,139.279861,357.980988,29.291796,45.948315,120.973259,123.908127,43.743160,47.047607,83.981209,212.060486,195.517532,145.037628,181.652191,54.922001,246.283340,349.161499
2021-04-16,130.671249,250.195572,113.952461,169.972000,15.872495,303.795898,135.795151,303.567688,34.672447,140.886353,358.898895,30.047462,46.249870,120.982063,124.501427,43.883598,46.783382,83.607681,212.826538,197.448563,145.094101,182.951599,54.653999,246.593338,350.979156
2021-04-19,131.333572,248.276443,114.182571,168.600494,15.323129,299.886658,135.219376,304.259430,34.690155,141.277130,357.824982,30.327921,46.525574,120.417915,122.888451,43.602711,46.634773,83.851295,211.941910,196.478775,143.761948,183.117691,55.444000,238.210007,349.871490
2021-04-20,129.648529,247.815857,113.747643,166.734497,15.133110,300.293457,132.225342,294.318207,33.724812,144.568298,363.965576,30.405819,46.672039,121.422821,117.827209,43.939770,45.652199,82.284065,207.600708,193.382401,145.077972,178.584442,54.957001,239.663330,351.935394
2021-04-21,130.028412,250.042084,113.730774,168.100998,15.321883,299.122620,133.350327,297.324524,34.291630,144.663818,366.058258,30.795336,47.051140,120.629463,120.413452,44.067738,46.238434,83.420929,212.005753,196.078949,144.173691,178.897079,50.889999,248.039993,354.169769
2021-04-22,128.508942,246.769943,112.472618,165.451996,14.812917,294.211212,130.542297,293.404694,33.972790,143.439423,363.974640,30.101999,46.904678,119.431870,119.746040,43.590233,45.635689,81.975456,208.749878,195.024155,143.317917,178.555115,50.877998,239.896667,351.490417
2021-04-23,130.827148,250.589005,114.822319,167.044006,15.226871,298.785309,133.040298,300.942780,34.699013,143.734680,367.435120,30.117577,46.930519,118.819771,120.682289,43.662014,45.883389,82.462700,210.811142,190.974960,144.488602,178.809143,50.555000,243.133331,353.402863
2021-04-26,131.216675,250.972794,115.389648,170.449997,15.439088,300.680450,133.368042,304.640717,34.902706,142.518875,363.350494,30.133156,46.232635,116.442299,121.989326,43.040943,45.974232,82.438332,211.223434,188.439972,141.945312,180.030396,51.029999,246.066666,348.896332
2021-04-27,130.895294,251.375809,114.416664,170.871506,15.343079,301.206299,133.979233,307.398682,35.318947,141.702652,362.102234,29.953981,46.163719,116.371323,122.462067,43.187630,46.576977,83.396553,211.021790,189.639420,156.736526,180.391876,50.555000,234.913330,350.496368
2021-04-28,130.106293,244.265472,118.026520,172.925003,15.238343,304.708801,134.847336,308.711243,35.451797,140.660599,362.184875,30.234436,46.172321,116.566513,121.164291,43.034698,47.980633,85.442886,212.817459,189.588379,160.159790,179.170639,50.652000,231.466660,349.909363
2021-04-29,130.008957,242.298340,120.505150,173.565506,15.286222,326.944336,137.469345,313.021301,36.408279,142.588394,368.573212,30.070829,46.749588,117.551186,123.528061,43.577751,48.665958,86.807129,208.392563,190.464569,164.479248,181.066025,50.900002,225.666672,354.406586
2021-04-30,128.041443,241.981735,119.524712,173.371002,14.971765,322.548798,136.246933,309.012787,35.894615,141.311874,366.049011,30.109783,46.508343,118.358467,122.934822,43.665131,47.262287,83.696991,208.978836,189.732986,164.592285,181.740128,51.347000,236.479996,353.030884
2021-05-03,129.093369,241.674698,118.783295,169.324493,14.799449,320.068268,135.848328,310.529205,35.921177,143.465454,372.566040,31.029058,46.939137,119.760117,123.314880,44.354866,48.566872,85.694633,209.033875,189.869080,171.325882,181.241867,50.910999,228.300003,359.890594
2021-05-04,124.525337,237.769287,116.753960,165.593506,14.315172,315.881165,137.726242,310.245514,36.310860,145.688522,377.559296,31.122534,46.646191,119.352036,121.942970,43.917927,48.872391,86.165596,213.834366,191.766113,173.029419,180.010864,50.318001,224.533340,356.066864
2021-05-05,124.768837,236.502625,116.877449,163.526993,14.422149,312.567108,139.533279,317.144928,36.656258,145.080688,378.623962,31.138115,46.525574,118.393967,122.554771,43.880474,50.342106,88.479912,217.929520,192.412613,173.198975,177.333893,49.608002,223.646667,353.419861
2021-05-06,126.366188,239.630829,118.097916,165.318497,14.486487,317.528168,142.341354,324.549866,37.205341,145.662476,380.891174,30.831299,46.990833,119.884308,123.741302,44.193794,50.820995,88.528641,217.187439,194.513763,173.408905,177.607437,49.955002,221.179993,363.154266
2021-05-07,127.039406,242.250443,118.957855,164.580505,14.775010,316.595490,142.828491,328.913147,37.355904,146.322418,383.351105,31.138119,46.964989,119.893181,127.745773,43.927479,51.547600,89.340668,220.778687,194.624313,175.604980,180.587265,50.383999,224.123337,364.634430
2021-05-10,123.761200,237.183929,116.129585,159.524506,14.229883,303.587646,142.810806,326.953156,37.240772,147.859497,386.325043,31.358402,47.309620,122.128700,126.438789,44.121727,51.671455,88.975281,222.262817,196.453262,174.498886,180.059708,48.668999,209.679993,361.939819
2021-05-11,122.844093,236.272308,114.497978,161.195496,14.270284,304.143219,140.436813,319.184662,36.815659,146.652451,377.889740,30.957172,46.801281,121.525452,127.106140,43.723820,50.028332,86.644707,219.230438,194.939087,173.045578,177.490204,49.507999,205.733337,358.808899
2021-05-12,119.780548,229.334732,111.042351,157.597000,13.723910,300.194214,139.471268,314.289337,36.470280,146.061920,372.079559,31.224657,46.560040,120.239151,123.648567,42.592728,50.296406,87.188789,217.416473,187.180984,170.114807,173.758102,48.498001,196.630005,353.135223
2021-05-13,121.926994,233.201767,112.177528,158.073502,13.630895,302.883148,143.058823,318.200256,37.054798,147.590271,375.007568,31.547209,46.964989,122.173065,123.852524,43.313374,49.676502,86.628471,219.935852,191.085022,174.127487,174.236816,48.666000,190.563339,360.089752
2021-05-14,124.346588,238.114716,114.864975,161.145004,14.207194,313.479950,145.282242,327.033020,37.515312,147.816055,376.145813,31.484268,47.154530,122.430328,126.003075,43.714424,50.907948,88.894058,221.914658,194.228775,174.700699,169.703583,49.337002,196.580002,364.729248
2021-05-17,123.195305,235.264862,115.125336,163.519501,14.129887,313.003754,145.866867,327.458649,37.851856,147.963669,375.071808,31.555082,47.076988,122.181931,126.448036,43.517017,52.097496,89.982193,224.259949,193.468475,174.628021,166.166870,48.894001,192.276672,364.292816
2021-05-18,121.809914,233.249741,114.233643,161.613998,13.980513,307.546539,143.811768,323.299438,37.338188,148.015793,376.678162,31.507870,46.818516,120.931084,125.660095,44.463245,50.623116,87.277870,219.386139,189.923248,172.771088,165.776077,48.627998,192.623337,363.201660
2021-05-19,121.653778,233.826813,114.495499,161.589996,14.030387,311.148285,142.713379,317.818970,37.169926,147.694519,375.870422,31.334797,46.672039,121.179497,123.249985,44.466393,49.408424,84.828377,217.004196,189.068909,173.061737,165.375504,48.770000,187.820007,360.213104
2021-05-20,124.210007,237.058380,116.845200,162.384003,14.575763,316.129150,142.465347,319.060486,37.081360,148.554169,375.081055,31.562939,47.085613,122.421463,123.537338,44.623047,49.291145,85.124298,215.281876,189.760910,172.730698,167.417419,50.167000,195.593338,363.932312
2021-05-21,122.375793,235.798492,116.300171,160.154007,14.954060,313.767700,144.086411,324.807068,37.550739,148.458633,377.825500,31.429205,47.059757,122.421463,122.971893,44.413124,49.358162,85.584618,217.343185,190.675003,171.878876,168.433487,49.789001,193.626663,361.218719
2021-05-24,124.005104,241.194000,119.353622,162.249496,15.572752,322.102295,144.865891,326.607361,37.754433,149.026611,377.201324,31.319063,47.214848,122.385971,124.269676,44.416256,49.936192,86.801140,219.001358,192.212692,173.144455,170.299545,50.290001,202.146667,363.808929
2021-05-25,123.809975,242.098114,119.472641,162.952499,15.608411,325.237732,143.368896,323.255157,37.205341,148.615967,379.128784,30.941439,47.206230,122.802895,124.510651,44.597984,48.805267,85.379105,217.279053,191.392563,171.570663,172.116760,50.133999,201.563339,365.640137
2021-05-26,123.761200,241.876877,120.685661,163.257996,15.660528,325.108765,143.351120,325.817993,37.231915,147.733444,379.275696,30.618883,47.413017,122.527901,126.892967,44.544716,49.374924,85.584618,217.773758,191.589035,173.452682,172.409836,50.236000,206.376663,365.867767
2021-05-27,122.229416,239.780182,119.147308,161.505493,15.449060,330.159088,145.583389,329.338745,37.683590,147.506195,378.807556,30.406473,47.809338,119.742371,126.587051,44.394321,49.056599,84.672188,221.044342,197.569000,172.633347,174.920715,50.386002,210.283340,367.651520
2021-05-28,121.575752,240.136078,119.596123,161.153503,16.203659,326.170410,145.485931,331.029358,37.541893,147.890686,378.091675,30.469410,47.637012,119.627060,126.749657,44.500847,48.897430,85.313339,220.861099,197.261475,174.093658,174.539673,50.280998,208.406662,358.894257
2021-06-01,121.253784,237.943192,120.501205,160.932495,16.223610,326.567230,147.089294,340.301270,38.011272,144.640182,373.318756,30.288471,47.628407,117.879417,124.938393,44.384926,50.648247,87.664200,222.400208,199.004196,173.030884,174.725311,49.908001,207.966660,358.856323
2021-06-02,122.014786,237.847015,120.078163,161.699493,16.736065,326.587128,147.098160,341.191040,38.028980,145.225647,372.520111,30.516613,47.817955,118.393967,124.622581,44.287800,51.050354,88.839645,223.041550,197.116211,171.911346,172.927658,49.924000,201.706665,361.095398
2021-06-03,120.531807,236.317825,119.251457,159.350494,16.927084,323.501343,147.195602,345.889343,38.464767,145.085785,374.456879,30.658222,47.938572,120.514153,124.622581,44.366131,51.251411,88.436874,223.389618,195.800613,171.968140,172.185165,48.943001,190.946671,364.207458
2021-06-04,122.824562,241.203644,121.589745,160.311005,17.534058,327.777771,147.434753,348.318451,38.482555,145.024612,372.327301,30.799826,48.455528,120.602829,124.223198,44.444454,51.477585,89.143776,223.554535,196.526810,170.872955,173.103500,49.473999,199.683334,367.670471
2021-06-07,122.834320,244.108170,122.300407,159.900497,17.574703,333.959229,146.743851,345.390991,38.349152,144.037231,367.380005,30.673960,48.283215,121.019798,124.418228,44.146793,51.142506,88.568382,219.651810,194.937851,172.730698,172.917892,49.466000,201.710007,360.915131
2021-06-08,123.653870,242.915604,123.131607,163.205505,17.413115,331.081818,146.159195,342.312256,38.135715,142.770218,368.747681,30.563816,47.947193,119.618172,123.860924,43.811546,52.047230,89.373947,220.018295,196.321762,170.167160,172.273087,49.238998,201.196671,360.251099
2021-06-09,124.034370,243.896576,123.555618,164.057495,17.318577,327.678589,144.334381,340.603790,37.637665,144.692596,368.160217,31.319063,47.800728,119.573792,122.458374,43.576550,52.482845,88.593056,214.970383,194.613220,163.109329,171.989731,48.581001,199.593338,360.497711
2021-06-10,123.039223,247.407074,125.053322,167.482498,17.385178,329.871338,142.084442,332.737823,37.077370,145.994553,368.518188,32.003506,48.171207,120.460907,121.659592,43.827202,52.566620,89.110878,206.798462,193.280502,164.845398,172.507553,48.727001,203.373337,363.391510
2021-06-11,124.249008,248.032242,124.672943,167.341507,17.784510,328.680664,141.986984,336.394958,37.228558,144.142105,365.213837,31.586552,48.386597,119.635910,122.551239,44.099800,52.080742,88.699913,202.190353,192.366470,164.845398,173.298935,48.876999,203.296661,362.271881
2021-06-14,127.302788,249.955811,125.323105,169.193497,17.977570,334.147797,139.577591,331.830292,36.783878,144.500320,366.379547,31.177444,48.221668,119.680298,122.012527,44.040276,51.996975,88.749214,200.642090,190.649353,163.133621,174.080490,49.988998,205.896667,364.103088
2021-06-15,126.483231,248.484253,125.006699,169.156494,17.747845,334.127930,137.460495,330.388763,36.810558,143.731400,367.407501,31.145983,48.100136,119.449600,121.018661,43.864815,53.890202,90.664444,201.054337,190.077011,164.147705,171.813889,49.189999,199.786667,364.245422
2021-06-16,126.980812,247.541733,124.672943,170.762497,17.769541,328.502045,138.426041,330.121796,37.015106,143.678925,364.626434,30.917847,47.457756,117.790718,121.120842,42.971855,53.697533,90.146584,198.947220,187.078476,162.590118,170.641495,49.241001,201.623337,359.975952
2021-06-17,128.580887,250.927185,125.341942,174.462006,18.614607,333.889801,134.431015,321.668488,35.396481,144.369278,364.718170,31.059448,47.700817,118.864136,119.746162,43.150436,51.929958,88.009445,191.883881,184.771927,160.667465,170.631714,49.834000,205.533340,365.042358
2021-06-18,127.283363,249.513336,124.544991,174.345001,18.596149,327.093140,131.029495,310.394562,34.489330,141.538162,358.702515,30.532349,46.676491,117.125374,119.272469,42.351479,50.597980,84.688637,191.343353,181.534180,160.440308,168.453018,50.077000,207.770004,361.370575
2021-06-21,129.078445,252.591095,125.425270,172.697998,18.385132,329.702637,133.252899,318.144867,35.352013,143.163422,366.717285,31.012245,47.188656,118.048004,120.823624,42.736858,52.432583,87.171021,195.328552,184.524200,164.942734,169.967377,49.700001,206.943329,366.987335
2021-06-22,130.717606,255.361008,125.965324,175.272003,18.843586,336.390228,133.058029,318.135986,35.547680,142.971176,367.288391,31.161716,47.362267,118.092339,123.052834,42.934246,53.437828,87.458725,195.255219,184.088501,166.630127,169.508179,50.882000,207.903336,372.091797
2021-06-23,130.444412,255.130142,125.431709,175.190994,19.013689,337.938019,133.864090,321.268097,35.752224,142.106140,364.405029,30.721149,46.980312,117.923798,123.628746,42.598991,53.831566,87.351860,195.859879,183.379440,165.510620,171.296112,51.273998,218.856674,371.892578
2021-06-24,130.161469,256.495819,126.245529,172.453995,19.161608,340.507874,135.095367,328.119690,36.312531,142.752747,367.454346,30.831299,47.214699,118.003639,124.093155,42.896641,54.049370,88.066986,200.944412,185.967880,167.198013,173.836243,51.806000,226.606674,371.987427
2021-06-25,129.868744,254.889709,125.960869,170.072998,18.987501,338.711975,136.459549,328.137482,37.015106,143.486740,373.055359,30.666090,47.153934,119.689133,143.366562,43.404228,54.166649,88.198502,198.168533,186.864899,166.800491,174.246582,52.707001,223.956665,374.302490
2021-06-28,131.498108,258.448181,125.786804,172.194504,19.939327,352.870880,136.707596,328.084137,36.961746,143.320694,369.840302,30.776230,47.101849,120.043983,141.518219,43.269501,52.784420,85.477745,198.131866,185.199051,166.492218,172.507553,53.303001,229.573334,376.228424
2021-06-29,133.010376,261.025879,124.992317,172.406998,19.980978,349.150116,136.539291,331.563263,36.365875,143.329437,366.744965,30.760490,46.754623,119.227829,144.852737,43.018845,52.457710,85.288681,197.060013,184.481461,168.423004,169.928284,53.349998,226.919998,378.363220
2021-06-30,133.625000,260.544891,124.295547,172.007996,19.956785,345.002594,137.779388,337.711823,36.668262,143.949875,368.900604,30.807701,46.971642,119.697998,143.496613,44.184399,52.843067,86.094223,199.377808,187.386017,168.715027,171.725967,52.820999,226.566666,375.403015
2021-07-01,133.927475,261.218170,125.339470,171.648499,20.165806,351.630646,139.143539,333.672150,36.943966,145.015869,373.000122,31.122387,46.841427,119.973022,146.756882,43.651745,52.993851,87.302536,198.534973,188.470947,170.540359,173.181671,53.354000,225.973328,374.321472
2021-07-02,136.551987,267.036926,127.670807,175.548996,20.440176,351.938232,139.009888,332.933594,36.597111,147.654709,377.118103,31.256126,47.032406,120.558517,148.373016,43.899277,52.918453,87.187462,199.496902,189.068909,171.603104,173.035126,53.397999,226.300003,378.505554
2021-07-06,138.561813,267.046478,128.714264,183.787003,20.651196,350.033112,136.675720,329.107300,35.636604,146.772247,377.947083,30.909969,46.771976,120.629463,148.716721,43.846016,51.410564,85.477745,195.612534,186.711136,171.408371,169.693817,54.164001,219.860001,378.429626
2021-07-07,141.049759,269.229828,129.018250,184.828995,20.325191,347.760956,136.836060,327.158661,35.352013,148.030548,379.236877,30.957172,47.153934,121.534348,148.763153,43.773945,50.606358,84.606453,196.684418,188.573441,173.817764,168.843842,53.596001,214.883331,383.951447
2021-07-08,139.752075,266.815704,128.125107,186.570496,19.857262,342.958649,134.475143,319.390564,34.489330,147.742142,377.661621,30.878502,46.988998,121.516602,149.199707,43.736343,50.380177,84.335197,194.320740,187.360367,172.041153,168.824295,53.076000,217.603333,386.294983
2021-07-09,141.576569,267.315796,128.519363,185.966995,20.004423,347.691559,138.778244,330.798065,35.609928,148.327606,379.651459,31.161716,47.275467,121.560974,149.543396,43.958809,51.293293,85.543488,199.185410,191.648865,173.541977,172.966736,53.598000,218.983337,391.247650
2021-07-12,140.981415,266.719543,129.500809,185.927505,20.465622,350.410156,140.765030,338.574982,36.134647,148.091675,383.271912,31.279732,47.292824,121.658531,150.305023,43.880474,51.243023,85.716118,200.248154,192.229782,173.063324,180.137863,53.730999,228.566666,386.987701
2021-07-13,142.093643,270.239624,129.927811,183.867996,20.203722,349.348480,138.671371,334.553040,35.449841,147.908173,385.575043,31.193190,47.761581,121.507713,150.091415,44.046547,51.000084,85.428429,197.142487,191.426758,171.392136,179.424652,54.068001,222.846664,386.209564
2021-07-14,145.518188,271.711243,131.006943,184.084000,19.796146,344.923187,138.199188,333.147186,34.560486,148.913055,382.074310,31.429205,48.837997,122.403694,150.044907,44.350460,49.869171,83.817337,193.890198,194.578995,171.603104,179.199951,54.794998,217.793335,388.951538
2021-07-15,144.864502,270.287689,130.197586,181.559998,18.922903,341.777893,138.502045,332.212860,34.533806,147.121719,386.966095,31.539349,48.994247,123.450500,150.184280,44.384926,49.383301,83.266624,193.679520,198.884613,172.681992,179.913147,54.294998,216.866669,390.725739
2021-07-16,142.825409,270.018372,130.771851,178.681503,18.119492,338.503601,135.339340,324.604889,33.724487,146.885803,386.643646,31.743883,48.959534,124.648087,148.475204,44.353588,48.017818,81.063713,190.509659,196.766006,170.824265,175.184525,53.030998,214.740005,389.350098
2021-07-19,138.981308,266.421387,128.201477,177.479507,18.736832,334.326385,130.938187,315.635529,32.844025,145.819824,376.841675,31.586552,48.377922,124.586006,146.636108,44.250202,46.367523,78.877235,187.046509,188.505096,171.505722,168.970840,53.228001,215.406662,392.936432
2021-07-20,142.591232,268.643097,130.033920,178.659500,18.569462,338.999695,133.379303,324.569336,33.519932,147.191650,380.443695,32.294579,48.464729,123.920647,148.373016,44.450722,46.878525,79.345772,191.541229,196.193665,172.357544,172.683411,53.105000,220.166672,394.919342
2021-07-21,141.859512,270.643555,131.520706,179.259995,19.365641,343.534149,136.185715,332.346313,34.204742,148.100372,381.982208,32.270985,49.089745,123.485962,149.617706,44.231403,48.386410,82.050079,194.092545,198.064514,172.349411,172.820190,51.362999,218.429993,393.752411
2021-07-22,143.225418,275.202393,132.242798,181.901505,19.549217,348.455475,134.466217,331.643341,33.760063,148.528564,383.023163,32.625011,49.020294,123.012840,152.032700,44.262722,47.841900,81.228111,192.646500,198.824799,172.982193,171.100693,51.176998,216.419998,396.152802
2021-07-23,144.942551,278.597412,136.693771,182.832001,19.513300,366.910675,134.207840,332.835663,33.528824,150.110107,384.801178,32.790211,49.489063,124.789322,154.521973,44.626183,47.783268,81.260994,192.987274,195.903198,171.692291,172.087448,51.541000,214.460007,401.741089
2021-07-26,145.362091,278.001160,138.507370,184.990997,19.249905,369.559906,135.107681,334.481873,33.911251,150.180069,380.968842,32.892490,49.532463,125.226768,153.342346,44.688839,48.989567,82.978912,194.368835,195.843369,170.248306,174.627609,51.648998,219.206665,401.551331
2021-07-27,143.196152,275.587036,135.682556,181.319504,19.164104,364.946106,134.929489,333.538666,33.777847,150.870331,382.405975,33.120636,49.706078,125.735580,152.859375,44.691978,48.445049,82.699463,193.328064,196.791595,158.347305,175.370132,51.890999,214.926666,402.604523
2021-07-28,141.449738,275.279388,135.270935,181.516006,19.458431,370.373474,135.152222,332.995911,33.911251,150.450912,376.943024,34.182697,49.254684,123.869850,153.686020,44.510246,48.771763,83.167976,194.746506,196.902649,155.791840,174.979340,51.930000,215.660004,400.593109
2021-07-29,142.093643,275.548584,135.428619,179.996002,19.617058,355.529999,136.310425,335.949982,34.400414,150.450912,379.623840,33.968365,49.523781,124.512558,155.107147,44.566650,49.366550,84.310539,195.778091,198.944397,155.605255,174.246582,51.424999,225.783340,404.252747
2021-07-30,142.308304,274.019379,134.119858,166.379501,19.454435,353.525696,135.223541,333.574219,34.115807,150.468414,379.752808,33.984241,49.506420,126.967453,155.590118,44.663776,48.227249,83.685822,190.426773,199.721786,155.240204,171.970215,51.757000,229.066666,408.473236
2021-08-02,141.976593,273.932831,134.882126,166.574005,19.704863,349.209595,134.680038,336.519501,33.760063,150.529572,382.838959,34.897156,49.376209,126.655052,156.741882,44.560379,48.235634,83.537849,188.962341,198.551437,155.710724,171.511002,51.514999,236.556671,407.712769
2021-08-03,143.771774,276.144958,135.170273,168.311996,19.769714,348.505127,136.212448,338.450439,34.284775,152.382019,388.670349,36.262550,49.410919,128.502914,159.045410,45.061695,48.755013,84.335197,192.038589,198.747910,157.503616,169.009918,51.082001,236.580002,413.558624
2021-08-04,143.371735,275.558289,134.920792,167.735992,20.227667,356.125366,134.742416,336.225891,34.035755,151.482025,388.338806,35.873577,48.699104,127.145996,159.677048,44.754646,47.615719,82.444641,188.372849,196.133820,154.777817,168.609360,51.735001,236.973328,413.530273
2021-08-05,143.479080,278.453125,135.824890,168.799500,20.589832,360.143768,136.444061,341.956299,34.702785,151.770370,378.803925,35.770382,49.046341,127.208504,161.478973,45.584934,47.917297,83.209084,190.832047,196.381561,154.477631,172.644318,52.488998,238.210007,421.277191
2021-08-06,142.795090,278.395538,135.920135,167.246994,20.319454,360.679565,140.319565,354.048859,35.707764,151.263535,382.424377,35.778313,49.167870,126.235466,160.503708,45.503475,48.470181,83.800911,191.900436,196.210709,156.246170,173.054688,52.055000,233.033340,417.893158
2021-08-09,142.746246,277.308655,136.878235,167.093506,20.248615,358.794373,140.168091,355.819702,36.170216,151.787827,378.509155,36.500710,49.176567,126.922836,159.546997,45.613140,47.917297,82.403542,192.397812,194.972000,154.931946,172.654114,51.997002,237.919998,418.691650
2021-08-10,142.267456,275.490936,136.971970,166.033997,19.890440,358.318115,141.887527,363.018250,36.846130,151.840256,379.347504,38.255093,49.306774,127.003204,160.011459,46.584419,48.738255,83.907761,197.168854,198.090118,154.631790,172.996048,51.584000,236.663330,421.125031
2021-08-11,142.521515,275.981415,136.568253,164.605499,19.653975,357.157196,143.580292,368.286041,37.308605,151.866486,375.625580,36.762680,49.246002,127.315628,159.082581,47.001144,48.880669,84.540680,204.159592,200.054932,156.083969,173.992569,51.240002,235.940002,422.332275
2021-08-12,145.482117,278.732086,137.262573,165.175003,19.859505,359.826263,144.141586,369.273682,37.486473,153.089813,373.985901,37.500942,49.341488,127.610222,158.497406,46.875355,48.770119,84.368057,202.851715,198.931366,157.089874,175.164963,51.071999,240.750000,423.339874
2021-08-13,145.687393,281.655884,137.278946,164.698502,20.141863,360.352112,142.529007,365.518646,37.024006,154.007294,377.403625,38.485313,49.680038,128.226196,159.472717,47.023155,48.276886,83.809120,201.313568,198.777008,157.365707,176.913788,51.591999,239.056671,425.678284
2021-08-16,147.661148,283.338989,137.784805,164.949493,19.904404,363.705841,141.593582,363.356476,36.721626,155.396667,384.349731,38.826653,49.897049,129.118851,160.094986,47.406822,47.571060,82.954262,200.521439,200.475235,159.872452,174.969559,51.792000,228.723328,430.469025
2021-08-17,146.752396,281.877014,136.182434,162.098007,19.413530,355.658966,139.882996,360.348846,36.543747,156.820953,388.559814,40.025352,49.723438,129.333115,158.516006,47.391090,47.247921,82.798080,196.588638,198.511124,160.432220,171.784576,51.890999,221.903336,429.974854
2021-08-18,143.010071,280.152252,135.457901,160.061005,18.996487,352.682312,138.608994,354.858582,36.276947,154.828690,384.451172,39.144188,49.046341,127.922661,156.797638,46.887939,46.252949,80.557137,193.245132,195.912338,158.030930,170.719650,52.187000,229.663330,424.147797
2021-08-19,143.342285,285.972473,135.798599,159.387497,19.752752,352.354919,137.450775,350.204895,35.743332,156.034515,394.188599,38.739338,49.358849,129.431305,153.806778,47.205559,44.841297,78.549461,188.308365,195.320526,157.430603,169.263931,54.370998,224.490005,431.799866
2021-08-20,144.798203,293.286346,137.309692,159.997498,20.768427,356.571808,137.842834,352.251495,35.903423,156.794724,395.865234,38.675835,49.167870,129.520569,155.850204,47.626942,44.849800,78.557800,188.759705,195.294800,157.593735,171.090912,54.688000,226.753326,436.295929
2021-08-23,146.283417,293.565735,139.950531,163.293503,21.907818,360.520844,139.606827,357.216675,36.383678,156.117874,391.857910,39.636375,48.994247,128.860001,157.642868,47.312477,46.695156,80.582153,192.628067,196.504150,157.397995,173.572464,55.333000,235.433334,432.436646
2021-08-24,146.195435,291.609619,141.238937,165.289001,21.743193,362.664032,140.470993,363.543274,36.890598,154.166504,390.061462,38.405922,48.620983,127.815506,157.884369,46.825035,47.077831,81.506828,195.805679,197.644897,157.618164,174.363846,55.341000,236.163330,429.451935
2021-08-25,144.964294,291.021881,141.785950,164.959000,22.162233,365.521576,143.366501,367.600861,37.486473,153.146881,386.680542,37.715286,48.673069,127.360291,157.754333,46.843914,47.162868,82.064980,197.804321,197.833557,157.291962,174.207520,54.757999,237.066666,428.919739
2021-08-26,144.163040,288.208130,140.965683,165.800003,22.017565,361.542786,144.105988,366.969055,37.388649,152.329422,384.018158,37.612083,48.212986,127.137077,155.042114,46.337605,46.525078,80.990341,194.562271,198.022232,156.876038,172.497787,55.012001,233.720001,427.094635
2021-08-27,145.198807,288.815155,143.373428,167.481506,22.584265,369.728607,145.264175,373.446960,37.788860,152.004166,385.777740,36.992882,48.308468,127.038857,155.912033,46.076591,47.426502,82.173294,196.026749,198.245239,157.642624,175.995407,55.891998,237.306671,428.073669
2021-08-30,149.615356,292.544373,144.284912,171.078506,22.636147,377.696045,142.938873,368.027924,37.050686,152.645859,385.353912,37.119904,48.768559,127.592354,156.330688,46.447666,46.907761,81.965027,194.755722,198.871353,158.221649,175.839066,56.618000,243.636673,433.387299
2021-08-31,148.354874,290.896576,144.277512,173.539505,22.337776,376.426056,142.502304,369.735809,37.130730,152.180023,383.483765,36.572155,48.881405,127.110329,153.269745,46.573456,46.363503,80.615456,194.221481,198.905655,159.542847,177.128723,56.918999,245.240005,432.969025
2021-09-01,149.019302,290.848358,144.654388,173.949997,22.393658,379.075195,142.297409,369.869873,36.632694,152.716156,384.478790,36.548344,49.211277,128.404678,153.102310,46.472836,45.725704,79.732407,191.541229,197.095917,160.170792,179.258560,58.207001,244.696671,433.948059
2021-09-02,150.133209,290.193146,143.044601,173.156006,22.348755,372.357910,142.956665,370.620941,36.668453,153.762177,390.337799,37.183411,49.280716,128.502914,152.274246,46.718117,46.839725,81.398544,195.059616,198.099442,161.630585,177.675842,58.855000,244.130005,438.178101
2021-09-03,150.768341,290.183502,143.596100,173.902496,22.794815,373.330322,142.092484,367.768646,36.695251,153.858902,389.554779,37.183411,49.246002,128.592148,151.920700,46.935108,46.661137,81.215256,193.760956,195.860870,160.937393,176.835617,59.053001,244.523331,439.679932
2021-09-07,153.103638,289.258362,144.334030,175.464493,22.614189,379.204193,141.843033,366.883423,36.936623,151.468063,388.062317,37.111965,48.325825,128.110138,151.315979,46.312454,46.389011,80.857048,191.789902,191.203629,159.485748,180.098785,60.671001,250.973328,436.875824
2021-09-08,151.559784,289.287323,143.703705,176.274994,22.291872,374.630096,141.210495,362.126587,36.453903,151.098831,382.673126,36.921436,48.976887,129.083160,149.520355,46.372196,45.963821,80.298904,190.445175,192.464417,158.678329,180.890152,60.605000,251.289993,442.674225
2021-09-09,150.543610,286.435028,143.733459,174.207993,22.130219,375.056763,141.825195,361.751038,36.587994,147.732300,381.899231,36.540401,48.490765,128.538605,151.967255,46.045147,45.997833,79.973991,189.201767,191.203629,154.143997,181.632645,59.754002,251.619995,442.902405
2021-09-10,145.560349,284.950989,140.765335,173.457504,22.430582,375.741394,140.194824,360.767578,35.998009,146.765381,373.403412,36.191113,48.273754,128.663620,152.199829,45.878479,45.904285,80.032318,188.824158,190.723358,157.609985,179.883835,59.872002,245.423340,442.160950
2021-09-13,146.127045,286.184540,142.296753,172.858505,22.105274,373.578339,142.422119,365.935669,36.596931,145.736969,383.212036,35.389332,48.673069,130.047226,148.413193,45.617462,47.086338,81.615135,189.920135,191.778320,158.531586,180.724045,58.929001,247.666672,436.932831
2021-09-14,144.729767,288.882568,142.238235,172.500000,22.195076,373.598206,139.936478,360.955322,35.613625,144.857986,381.381561,35.492535,48.708046,129.824097,147.706116,45.378460,46.414524,80.140617,186.355743,188.853577,155.775070,178.203415,57.776001,248.163330,435.744598
2021-09-15,145.618988,293.729645,144.023575,173.789505,22.293869,371.008545,140.907593,359.399475,35.881798,145.402954,385.985382,35.540176,48.874229,129.547333,146.915298,45.457077,47.979248,81.840057,189.487320,190.140121,157.683411,180.167175,58.286999,251.943329,437.949982
2021-09-16,145.384460,294.115082,143.197861,174.412003,22.195076,370.155182,140.845184,354.687347,36.158913,145.227173,385.356842,35.302017,48.410675,128.645752,146.626907,45.608028,47.469017,81.073647,187.525436,188.390457,157.373505,179.121796,58.650002,252.330002,440.402374
2021-09-17,142.716949,288.959717,140.311523,173.126007,21.853804,361.880127,140.479904,350.019989,36.203609,144.814056,388.426056,34.841591,47.614758,128.851059,145.529022,45.513680,46.907761,80.607147,183.979401,187.395508,154.975876,179.248795,58.935001,253.163330,436.790253
2021-09-20,139.668350,283.592316,137.884964,167.786499,21.068460,352.930450,136.274826,338.101166,34.961067,143.987793,381.529510,35.087673,47.282410,127.556625,143.510147,44.887890,45.657681,78.957657,175.754471,185.028351,154.453873,174.500626,57.542999,243.389999,428.834137
2021-09-21,140.147125,284.074158,138.509338,167.181503,21.201180,354.696533,136.292603,336.053558,34.978951,144.620667,381.196716,34.865398,47.273659,127.753029,144.226532,44.975933,45.615154,79.015976,174.851822,184.316437,154.731201,167.231796,57.313999,246.460007,429.756195
2021-09-22,142.511749,287.716614,139.790848,169.002502,21.894714,340.537598,138.903000,344.664032,35.881798,144.093277,377.831665,34.889229,47.343632,128.190475,146.478027,44.872162,46.950275,81.340218,176.242615,186.134735,151.118362,169.654709,59.064999,250.646667,429.965271
2021-09-23,143.469330,288.660919,140.671600,170.800003,22.434572,343.266205,143.598145,350.377594,37.267361,144.910751,377.212128,35.079739,47.264915,128.717194,148.469070,44.897320,48.540520,83.356232,181.096542,188.433334,152.333496,172.194916,59.326000,251.213333,430.393066
2021-09-24,143.557236,288.458618,141.471512,171.276001,22.034418,350.211731,145.255234,349.474518,37.669628,144.471237,376.333954,34.881275,47.133720,128.145859,139.174591,45.023098,48.974216,83.806091,181.280792,187.995911,153.336609,171.950653,59.238998,258.130005,444.622864
2021-09-27,142.042740,283.467102,140.348770,170.289993,21.614309,350.826843,148.765457,357.486053,38.670818,143.425217,374.660645,34.587559,46.888813,126.458641,137.732498,44.733784,50.428383,85.780457,184.209686,186.889542,152.374252,174.158646,59.264000,263.786682,437.788330
2021-09-28,138.661926,273.204529,135.075043,165.798004,20.655333,337.997498,147.963654,348.267487,38.581425,143.108795,368.512878,34.166824,46.040440,125.503479,135.183273,44.183468,50.955631,86.105354,184.716293,184.376511,152.309036,170.504715,58.384998,259.186676,425.231537
2021-09-29,139.560867,273.667145,133.425598,165.056000,20.473721,336.965668,147.847794,344.145538,38.500973,144.172363,370.167694,34.555801,46.320312,126.780022,135.853195,44.164593,50.921608,86.080353,182.247849,184.333588,150.661652,168.707047,59.905998,260.436676,429.451935
2021-09-30,138.261292,271.662811,132.180313,164.251999,20.672302,336.747375,145.834335,338.011688,37.946747,141.957291,361.228088,34.143013,45.891750,124.798256,135.118164,43.831261,50.020191,84.514214,176.813675,182.069321,148.508682,165.277786,61.034000,258.493347,427.132660
2021-10-01,139.384995,278.581512,135.351273,164.162994,20.698246,340.339142,148.899124,339.773102,38.509918,141.051956,362.790466,34.079498,46.372795,124.601837,136.820740,43.098537,51.814541,86.913414,178.987350,184.959717,148.011185,171.960434,61.314999,258.406677,426.162994
2021-10-04,135.955338,272.809448,132.675766,159.488998,19.690376,323.689819,148.738708,334.542358,38.742336,139.953201,357.779877,33.674633,46.346558,123.896599,136.895157,42.683426,52.486351,87.238304,177.882080,183.724655,145.507507,169.469116,60.334999,260.510010,418.378021
2021-10-05,137.880234,278.253906,135.068085,161.050003,20.407860,330.367432,151.167679,344.968079,39.528976,140.269653,363.714844,33.595264,46.425274,124.378685,139.053680,42.963306,52.401295,88.188004,177.301834,185.019760,146.526901,170.592651,63.480999,260.196655,424.176422
2021-10-06,138.749878,282.445648,136.235504,163.100494,20.656334,331.042145,151.490326,346.970978,39.546860,140.559708,364.472992,33.357105,46.976288,126.039093,138.439590,43.277779,51.440357,87.413261,176.712387,185.997513,147.366913,171.442612,63.910000,260.916656,427.123047
2021-10-07,140.010330,284.122314,138.052094,165.121506,21.030542,326.656555,152.449356,349.268860,39.439583,141.816666,374.133698,33.928673,47.124977,127.047821,141.277252,43.787228,51.584915,88.038048,180.295227,187.292587,148.100906,173.621323,63.185001,264.536682,430.478577
2021-10-08,139.629257,284.122314,138.915512,164.431000,20.787058,327.480072,152.565872,351.227020,39.636253,141.456284,377.609650,33.698460,47.334885,126.521141,141.863373,43.919308,52.877529,90.012413,179.751846,186.717957,149.642258,172.673645,63.265999,261.829987,429.508972
2021-10-11,139.541336,283.524902,137.716858,162.315002,20.651344,322.915924,149.357162,344.458435,39.135654,140.858566,374.401794,33.388859,47.431095,127.047821,139.816559,43.878418,52.350281,89.245987,177.661026,184.650925,148.215057,169.527710,62.703999,263.980011,427.465363
2021-10-12,138.271088,282.223969,135.599731,162.366501,20.627394,321.248993,148.209915,345.611908,38.921120,138.608368,372.783997,33.222160,47.431095,126.860359,142.672791,43.831261,52.078148,89.262657,174.925522,183.827545,148.418930,169.146713,62.493999,268.573334,424.775238
2021-10-13,137.684830,285.529175,136.777069,164.214005,20.894825,322.013092,144.302109,345.415161,38.563553,139.935638,373.070587,32.880806,47.439835,127.154945,145.417419,43.513638,51.933582,89.795815,174.022919,184.899673,150.107132,168.980621,62.976002,270.359985,423.282837
2021-10-14,140.469574,291.734863,140.260483,164.992996,21.700130,325.971924,146.515945,349.787506,40.288807,140.735519,388.610931,33.079258,47.763447,128.592148,146.198914,43.985344,52.724445,90.645531,178.987350,187.481277,156.109436,170.397247,63.380001,272.773346,428.377838
2021-10-15,141.524872,293.141754,140.521332,170.451004,21.815882,322.231323,149.330276,363.083405,41.450897,141.781509,395.738647,32.936378,47.649746,128.922485,147.008331,44.199192,53.226185,91.311981,183.307083,189.308136,158.009644,172.400070,62.828999,281.010010,430.022369
2021-10-18,143.195724,296.109772,141.796341,172.337006,22.175121,332.728912,149.276459,369.896637,41.370441,140.744293,392.549194,32.801422,47.177448,127.065659,148.329422,44.554539,53.200676,91.270325,182.533401,189.230927,157.716019,167.202484,63.797001,290.036682,439.109650
2021-10-19,145.355133,297.015503,142.650864,172.207504,22.242979,337.342773,151.087021,368.528687,41.549240,144.040512,392.327362,33.412678,47.361126,125.565964,146.831558,45.501102,54.000050,93.053070,185.259689,190.217316,158.042252,167.241547,63.900002,288.089996,443.985962
2021-10-20,145.843704,296.225342,141.255295,170.753006,22.056374,338.126587,153.121536,364.710632,42.094521,143.961395,402.228455,33.976288,47.780945,126.056923,147.417679,45.913071,54.297676,94.269363,188.068848,191.812622,159.249268,166.626053,62.514000,288.600006,446.543030
2021-10-21,146.058670,299.453552,141.617813,171.750504,22.644129,339.218018,151.920547,364.442383,41.862103,143.627380,408.875397,34.023926,47.536049,125.149734,150.887955,46.167786,53.311222,93.086418,186.180695,192.567368,162.649979,167.397858,65.316002,298.000000,453.634125
2021-10-22,145.286743,297.911713,137.496170,166.777496,22.678061,322.082489,153.964081,370.460083,42.523602,143.908661,415.235687,34.262089,47.623512,126.497055,152.097443,46.648933,53.676891,93.969444,185.828812,186.460602,166.213898,165.522034,66.477997,303.226654,458.158752
2021-10-25,145.237900,296.919128,137.642944,166.018494,23.117134,326.130676,153.211212,370.844482,42.469963,144.225128,415.540710,34.254147,47.431095,126.515045,152.785965,47.189827,54.722878,94.844154,187.273605,186.580750,166.287292,168.052460,67.166000,341.619995,465.867798
2021-10-26,145.902328,298.827148,138.534653,168.803497,24.664858,313.351013,153.623489,373.401733,42.872227,145.693069,420.301849,34.579620,47.641014,128.311462,152.385895,46.777866,55.989960,95.052437,184.893433,187.249725,177.843384,168.081772,66.851997,339.476654,461.523773
2021-10-27,145.443100,311.411957,145.235107,169.624496,24.399420,309.788910,150.423767,367.482544,42.049820,143.926300,419.229431,34.111259,48.559368,127.395271,151.046143,46.394203,54.535789,93.361313,181.642670,185.019760,173.064392,165.649078,66.292000,345.953339,464.926697
2021-10-28,149.077942,312.549042,144.939056,172.328506,24.888388,314.452332,152.691360,370.907104,42.711315,143.143982,421.041412,34.277962,49.014168,128.158768,153.009216,46.683529,54.688862,94.236046,189.014709,187.386932,174.442596,165.776077,67.404999,359.013336,467.030884
2021-10-29,146.371353,319.554443,147.063126,168.621506,25.513065,321.050568,152.270096,369.592712,42.711315,143.170303,425.691498,34.722511,49.302803,128.437225,155.642181,46.988564,54.824924,95.377327,188.940613,187.507004,174.091919,165.180115,69.030998,371.333344,467.992493
2021-11-01,145.550568,317.386322,142.603241,165.905502,25.772518,327.410675,152.189423,372.588104,42.773899,143.293381,419.811829,34.643127,49.127876,128.122879,154.749039,47.104916,55.811378,95.410645,190.209427,188.484787,171.996002,166.274338,68.116997,402.863342,468.306702
2021-11-02,146.586288,321.009613,144.675201,165.637497,26.345301,325.525452,152.789917,378.981201,42.800713,145.552399,417.898254,36.079983,49.066639,129.398315,156.144592,47.082897,55.122566,94.827499,191.820892,189.711258,170.560699,165.922623,67.772003,390.666656,473.181427
2021-11-03,148.022690,321.847900,145.594681,169.199997,26.541887,329.037903,152.843704,373.661011,43.238728,145.086533,422.788727,35.579849,49.232830,130.287582,160.489441,47.227562,54.365715,94.144402,188.514633,191.092163,173.496628,166.166870,68.829002,404.619995,478.265625
2021-11-04,147.504791,324.199158,147.472260,173.850006,29.738136,333.234924,150.836044,364.871674,42.309059,144.682190,422.261719,35.115395,49.503963,130.530090,163.224731,47.573483,54.773899,94.560936,188.551666,190.826263,171.849243,166.362259,66.839996,409.970001,490.918915
2021-11-05,148.033188,323.833008,148.025726,175.949493,29.689234,338.473877,150.620895,363.986481,41.987247,143.653763,421.383453,38.927235,49.713882,131.176804,165.150604,47.243286,55.292645,95.585609,190.672485,193.888184,169.810379,171.589172,64.571999,407.363342,488.538605
2021-11-08,147.211197,324.729126,148.135315,174.449005,30.739019,335.983307,151.526169,365.113068,42.318001,143.161530,427.679169,38.702999,49.267818,130.197754,159.884720,46.941399,55.887924,95.927147,198.424271,193.605179,170.691193,172.800644,65.144997,387.646667,479.674744
2021-11-09,147.573273,323.726959,148.033173,178.811493,30.592325,332.758667,150.378922,362.439636,41.906792,142.845093,429.278442,37.878174,49.407753,130.592972,161.717560,47.104916,56.432171,96.635254,194.312149,195.337708,171.229446,171.081146,65.598999,341.166656,484.339905
2021-11-10,144.745285,318.764374,145.432037,174.102493,29.396852,325.088837,150.235519,356.869110,42.219669,144.392136,425.164551,39.255558,49.608917,131.877426,156.544678,46.680386,55.320423,95.094086,191.404144,194.166199,172.599518,170.436325,64.691002,355.983337,481.293304
2021-11-11,144.696411,320.335022,145.553040,173.625000,30.325886,325.188080,150.226578,359.748322,42.452087,143.328568,422.844147,40.184490,49.626419,131.500168,155.344498,46.699253,55.423836,95.102432,193.126740,190.376099,173.945160,158.380249,65.758003,354.503326,487.643677
2021-11-12,146.770920,324.468964,148.426910,176.257507,30.325886,338.235779,149.554352,362.046143,41.933605,145.042557,424.323273,39.824135,49.512711,131.643890,157.316864,46.466537,55.001549,95.160751,193.812057,191.564804,173.863586,155.957306,68.261002,344.473328,492.394653
2021-11-15,146.780685,323.842590,148.171555,177.283997,29.961660,344.853760,149.285446,361.956726,42.058762,143.732864,416.751892,39.760075,49.521458,132.398392,157.093567,46.199238,55.475559,97.318352,192.367325,191.633743,172.501678,154.784897,67.932999,337.796661,494.984375
2021-11-16,147.759216,327.157501,147.862061,177.035004,30.139282,340.289642,148.209915,360.418854,42.085583,142.985718,415.660950,39.720032,49.171604,132.209778,159.866074,45.023098,56.035736,97.701576,190.255722,190.686203,172.787079,155.175705,68.739998,351.576660,501.487183
2021-11-17,150.195786,327.379547,147.848175,177.449997,29.199274,338.116608,147.412231,350.100433,41.576046,143.521896,415.041595,40.737053,48.900471,132.128937,159.782349,44.636307,55.423836,97.263390,187.986694,189.928146,169.508698,153.710220,69.168999,363.003326,501.077637
2021-11-18,154.481735,329.455017,149.481750,184.802994,31.608177,336.052856,146.139511,349.939453,41.406197,142.748398,415.522369,41.169491,48.463161,132.146942,159.419510,45.019962,54.820557,96.445961,186.541916,190.109024,169.198776,152.000473,68.202003,365.459991,504.010223
2021-11-19,157.104233,331.231323,148.731430,183.828506,32.915424,342.611359,144.230408,346.380798,40.583805,143.179108,406.767578,40.680996,48.218254,131.877426,162.703751,44.777828,52.286804,94.305534,185.634338,188.205368,170.854233,150.456833,67.879997,379.019989,508.218414
2021-11-22,157.564178,328.064819,145.880829,178.628494,31.888588,338.354797,147.304672,354.222412,41.370441,141.294601,404.493408,41.001312,48.515636,132.757706,162.108292,45.529404,53.010735,95.990913,187.431030,187.903870,172.829407,150.613159,65.919998,385.623322,513.797729
2021-11-23,157.945786,325.989410,145.561935,179.001999,31.679029,334.624054,150.827087,363.324738,42.461029,142.170517,413.358978,40.905220,48.874229,134.230774,160.163834,45.853317,54.406883,98.004936,190.163116,186.060547,173.591599,147.555161,65.405998,369.676666,519.139038
2021-11-24,158.464401,326.211334,145.522751,179.020493,32.605072,338.404358,149.643982,356.931702,42.577232,141.772339,416.160217,40.753063,48.480640,133.530167,160.052170,46.082886,54.708523,98.754936,191.774597,182.795792,170.854233,147.858032,65.829002,372.000000,523.394836
2021-11-26,153.444504,318.266327,141.643097,175.227997,31.436541,330.526184,145.135651,348.169159,40.905609,140.852203,406.684418,43.243584,46.993778,132.461288,156.321365,45.567146,52.786659,96.496521,184.050629,179.350250,168.256226,144.702347,66.564003,360.640015,519.967346
2021-11-29,156.800903,324.975739,144.924210,178.078506,33.305588,335.397980,144.508240,345.620758,40.753639,141.338867,417.861267,41.962284,47.737213,133.853546,158.042557,44.853287,53.079681,96.783043,181.448212,178.876511,167.715332,144.409256,66.384003,378.996674,528.298218
2021-11-30,161.752335,319.144745,141.291992,175.353500,32.607063,321.933594,142.357162,340.658325,39.752460,137.959091,410.668793,43.027367,46.230007,129.865433,157.456436,44.224342,51.571487,95.114525,179.068008,174.207748,162.576675,141.566208,64.190002,381.586670,513.540649
2021-12-01,161.233688,318.652496,140.464783,172.186005,31.372528,308.181519,141.514679,338.402222,39.189297,139.861313,410.779785,43.788128,46.097782,131.500168,155.093292,43.126839,51.528400,94.465637,177.326904,171.778610,159.118149,138.879456,61.777000,365.000000,504.457764
2021-12-02,160.245361,318.082886,142.605743,171.867996,32.062149,307.973206,144.490311,348.343536,40.321045,138.985413,412.332886,42.474804,46.776474,132.272659,158.163513,42.601665,52.812511,97.027412,182.253937,175.723816,163.830582,143.813278,61.646999,361.533325,500.335175
2021-12-03,158.366562,311.827209,141.359955,169.489502,30.632002,304.450867,141.873154,344.020111,39.404858,141.011505,416.738464,43.459801,47.190739,134.626022,158.671463,43.243183,52.476398,96.412262,183.189301,175.293152,164.510818,142.855820,60.213001,338.323334,503.591248
2021-12-06,161.771866,314.897125,142.625565,171.368500,29.977308,315.395020,143.549255,349.925568,39.656364,144.161179,426.746033,41.225544,48.398273,136.664932,157.431839,43.711750,53.071064,97.920692,186.412277,177.661942,165.600861,146.910370,61.269001,336.336670,507.656708
2021-12-07,167.506088,323.324921,146.831009,176.164505,32.362560,320.296478,145.709274,359.642151,40.159367,144.532776,431.031036,41.417740,48.662701,136.305679,159.650116,43.570244,53.665722,99.370102,189.385193,178.437164,168.330017,147.340225,62.557999,350.583344,516.054443
2021-12-08,171.322372,323.373138,147.509460,176.158005,31.762756,327.986145,144.042175,357.134399,39.665344,145.399826,434.861603,41.161472,48.477600,136.916458,158.680801,43.129986,53.820858,99.816734,189.107285,176.283707,167.780884,149.812012,62.807999,356.320007,504.714813
2021-12-09,170.813568,321.567902,146.899963,174.171005,30.429401,327.251923,143.818100,356.388336,39.961761,146.779999,438.998108,41.706028,48.354202,137.715912,156.676880,43.729889,53.958740,99.555504,189.051788,177.446625,169.272507,149.421204,61.099998,334.600006,499.211700
2021-12-10,175.598633,330.681091,147.464340,172.212006,30.137985,327.182434,143.244476,351.507629,39.988697,146.417267,443.552155,42.266598,49.605801,139.638092,157.571686,44.528698,54.303474,99.724022,188.431274,180.728516,171.378769,149.196518,61.166000,339.010010,532.049377
2021-12-13,171.968231,327.649780,145.509888,169.567505,28.105030,331.885559,141.541534,345.736877,39.144386,149.036163,443.468597,44.204544,50.910286,141.623169,155.502518,45.330677,53.114166,97.651001,186.384491,180.228882,169.083984,146.968948,60.456001,322.136658,530.526062
2021-12-14,170.588486,316.972717,143.789978,169.091507,28.280685,331.141357,142.626022,349.494110,39.638405,150.664108,444.692902,44.476826,50.945553,142.144135,154.160385,45.763241,53.036591,97.937531,186.745682,178.032349,166.977737,145.669586,59.799000,319.503326,519.215271
2021-12-15,175.451813,323.064240,146.168472,173.315002,30.398468,338.999695,141.559479,350.473816,39.467731,151.416153,458.530945,47.087440,51.174717,142.692032,152.762283,46.025311,52.803909,97.381348,187.588470,180.685410,168.641418,146.939651,60.504002,325.329987,538.390381
2021-12-16,168.562881,313.651794,143.659058,168.871002,28.330585,332.292358,143.773300,357.179352,40.419849,153.070618,457.121246,49.049435,51.694756,144.713089,151.662491,45.258064,52.890076,98.291466,190.941055,180.556198,170.444473,145.327606,59.105999,308.973328,526.155945
2021-12-17,167.466980,312.589813,141.640152,170.017502,27.745752,331.190979,140.501892,343.184082,39.413845,148.841492,451.797485,47.632004,50.883850,141.434570,150.394913,43.808823,51.735229,95.729675,186.495605,176.731644,169.313492,145.337372,58.673000,310.856659,521.376404
2021-12-20,166.106796,308.834534,141.241928,167.078995,27.663910,322.915924,137.974350,334.024750,38.767128,148.416824,448.653229,48.865250,50.716389,141.793854,146.312515,43.950901,50.985447,95.771805,181.022171,172.149048,165.904068,143.100067,59.374001,299.980011,522.280884
2021-12-21,169.277267,315.959045,143.046097,170.417007,29.017220,331.597778,139.901352,341.853882,39.692287,147.939072,451.880890,47.207577,50.919109,141.704010,155.306793,44.083508,52.140289,97.305504,183.661682,173.716766,169.731461,147.574707,60.492001,312.843323,519.300903
2021-12-22,171.870377,321.664490,145.752380,171.037003,29.341572,327.876984,140.448090,343.660553,39.773132,148.576111,458.299194,47.688053,51.280487,143.105270,154.197647,44.140343,52.562592,97.861671,187.218002,173.863190,170.829651,148.385605,61.424000,336.290009,523.337646
2021-12-23,172.496628,323.102875,145.944290,171.068497,29.581095,332.629669,140.949966,346.096436,39.898884,148.859222,459.458496,47.015381,51.315739,143.805878,154.412033,44.042465,52.588440,98.097649,190.968796,176.774719,173.903015,150.095352,61.409000,355.666656,524.004211
2021-12-27,176.459732,330.594208,146.858292,169.669495,30.883505,343.484497,141.756699,348.792969,40.096497,150.115555,463.279755,47.407776,51.694756,145.485535,156.192245,44.443451,53.338238,100.103226,191.135559,177.816986,176.296173,149.284439,61.312000,364.646667,536.476685
2021-12-28,175.442047,329.435760,145.255463,170.660995,30.261736,343.524200,142.186844,348.406464,40.150387,150.717209,466.470306,46.454807,51.897472,146.266998,155.111069,45.081249,53.165859,99.909424,191.357834,178.351059,175.943741,151.629227,61.070999,362.823334,537.590576
2021-12-29,175.530136,330.111481,145.311508,169.201004,29.941378,340.269714,142.115143,347.139099,40.087513,151.778946,468.918793,46.110462,51.959175,147.479630,157.310669,45.059143,52.700478,99.395393,192.015366,178.764557,175.878189,151.306808,61.054001,362.063324,540.570679
2021-12-30,174.375458,327.572540,144.813599,168.644501,29.527203,341.678650,142.043442,346.527863,39.997684,152.451294,467.852234,46.767132,51.809330,146.204117,156.108368,45.204388,52.390224,98.957184,190.857758,178.402740,175.304474,152.342438,61.209000,356.779999,536.895569
2021-12-31,173.758987,324.676392,143.501373,166.716995,29.352549,333.731079,141.926956,343.858215,39.961761,151.354218,465.728271,47.287659,52.188335,146.931671,155.344070,45.684307,52.734955,98.889778,191.468964,179.608688,175.665070,151.326340,60.243999,352.260010,540.504089
2022-01-03,178.103653,323.160828,143.893143,170.404495,30.061140,335.904083,144.929535,355.345673,41.479752,151.770050,465.858154,45.365726,52.267662,146.320862,153.479965,45.671673,54.760235,100.499306,191.709747,178.135727,174.976639,153.153305,59.737000,399.926666,539.561401
2022-01-04,175.843246,317.619446,143.240509,167.522003,29.231791,333.909668,150.423767,366.266815,43.105522,151.363022,455.303345,43.668011,53.140263,146.832855,155.083069,44.834972,56.819992,102.327957,201.971344,180.030762,178.082809,152.147018,59.115002,383.196655,537.200256
2022-01-05,171.165817,305.426758,136.532578,164.356995,27.549135,321.645905,147.673706,358.311951,42.377968,152.371674,454.181030,44.548893,53.580963,147.497589,151.224411,45.441189,57.526695,102.993668,203.517990,181.805237,175.845398,151.619461,56.751999,362.706665,523.575745
2022-01-06,168.308502,303.013306,136.430923,163.253998,28.122000,329.871338,149.242569,356.783844,43.231277,151.849655,435.594208,43.916256,53.298916,146.258041,150.096649,45.314903,58.879757,103.870087,205.592484,181.598526,177.550110,153.290100,55.328999,354.899994,523.461487
2022-01-07,168.474823,303.167786,135.888840,162.554001,27.192850,329.206604,150.721313,357.305237,44.174404,153.902298,425.345551,44.620968,53.175522,146.177185,146.303253,45.747448,59.362362,105.361633,207.630005,185.845169,178.795837,154.198715,54.105999,342.320007,510.493988
2022-01-10,168.494446,303.389740,137.445587,161.485992,27.345547,325.515564,150.865585,358.797272,43.949833,153.141403,431.281464,45.037392,53.263657,144.183151,140.216995,45.659046,59.009018,105.429039,205.268356,183.872589,173.526047,152.997025,53.985001,352.706665,493.946625
2022-01-11,171.322372,304.075256,138.877335,165.362000,27.761717,331.766449,151.018829,362.284882,44.201347,151.513443,434.991425,45.397747,53.281288,142.512436,140.086472,45.529602,61.491089,107.839142,203.703201,186.327545,173.149048,154.257339,54.084000,354.799988,497.021851
2022-01-12,171.762741,307.251282,140.494553,165.207001,27.943356,330.665100,151.875443,350.833374,43.886974,150.221725,439.369110,45.365726,53.360607,142.826813,141.866669,45.289631,61.310101,107.299820,205.972198,187.998627,173.108047,154.169388,53.722000,368.739990,500.611176
2022-01-13,168.494446,294.247620,137.998047,161.214005,26.522186,323.937897,151.686081,351.273804,43.797150,149.310410,433.535309,44.476826,53.677921,142.180069,139.424713,45.930592,60.870567,106.853195,210.232452,189.015076,172.493378,151.863708,51.919998,343.853333,492.118500
2022-01-14,169.355576,299.460693,138.648209,162.138000,26.888453,329.315735,142.362946,342.411102,43.033661,148.496460,434.703918,44.004345,54.109814,143.545380,138.110504,45.801132,61.939240,108.673409,212.029144,187.481796,169.272507,148.444214,52.569000,349.869995,478.893921
2022-01-18,166.155731,292.172119,135.180679,158.917496,25.851521,315.672791,136.393951,318.555420,41.551601,147.841736,427.562225,43.331673,53.677921,140.778885,136.964081,44.999157,62.982033,109.027351,212.890442,183.984543,168.493912,148.766647,51.080002,343.503326,464.688660
2022-01-19,162.662323,292.828552,134.547348,156.298996,25.017181,317.101562,134.284027,312.191528,41.713284,147.381683,428.981232,42.875214,53.766068,145.512497,135.249146,45.447514,63.007885,108.631279,206.282990,181.520981,166.994141,146.656326,51.585999,331.883331,466.678680
2022-01-20,160.979279,291.158417,132.419342,151.667496,24.102007,314.095184,133.138947,312.892548,41.093513,146.204987,429.426422,43.283615,53.545708,146.298157,133.030914,44.588692,63.145767,108.243622,201.601944,179.961868,165.789368,144.223618,50.825001,332.089996,459.690186
2022-01-21,158.924301,285.781342,129.032639,142.643005,23.327551,300.809418,130.812668,309.126404,40.347988,145.868744,427.729156,42.274605,53.281288,146.858063,133.235916,44.263481,62.197773,106.945900,199.238129,176.671341,165.510712,134.219223,39.750000,314.633331,458.538208
2022-01-24,158.151276,286.109528,129.310364,144.544006,23.325550,306.306305,130.695465,308.658997,40.015652,144.187744,428.749329,41.273594,52.849396,145.666016,136.078674,44.266640,62.732101,107.173431,199.461502,176.111450,167.297363,134.297379,38.715000,310.000000,465.478943
2022-01-25,156.350754,278.502350,125.703484,139.985992,22.279629,297.812866,132.120087,307.005066,40.806084,148.310669,423.713196,42.074398,52.725998,144.076614,135.594009,43.303631,64.576408,111.732399,199.442871,174.259445,165.502518,133.369232,36.641998,306.133331,454.453674
2022-01-26,156.262726,286.437714,128.187592,138.872498,22.726742,292.335907,133.373367,308.020782,41.228245,148.974243,425.187805,42.450775,52.532089,142.821350,134.205307,42.861599,63.921406,111.816658,199.424271,172.838120,163.093002,130.526199,35.970001,312.470001,460.309052
2022-01-27,155.802765,289.459412,128.069550,139.637497,21.900389,292.345856,131.020065,306.537659,40.842010,150.929520,428.128021,43.064022,52.576168,143.706314,134.811127,42.890015,64.740143,114.075066,197.451309,172.838120,159.675446,132.304306,38.669998,276.366669,459.404633
2022-01-28,166.674347,297.587952,132.204102,143.977997,22.794613,299.360748,132.192215,311.912842,41.201305,151.991196,432.264618,43.838642,53.625038,144.943588,135.994827,43.420464,64.878044,110.063858,187.205139,173.992416,162.478317,135.440460,38.436001,282.116669,468.839813
2022-01-31,171.028809,300.213715,134.593491,149.573502,24.437338,310.820862,133.986496,318.807037,41.443825,152.433578,438.302521,42.515327,53.774868,144.898438,138.008041,44.143505,65.464066,110.670586,187.577362,176.137299,165.723816,139.680603,42.714001,312.239990,480.931488
2022-02-01,170.862503,298.070618,136.755722,151.193497,24.589033,316.516144,136.285736,327.238373,42.162395,151.186157,434.444183,42.821949,53.378239,144.257202,138.147827,44.490814,69.661171,113.586281,191.104446,176.878098,189.064972,141.165634,45.713001,310.416656,484.054230
2022-02-02,172.066071,302.607910,146.831009,150.612503,25.191833,320.485046,135.194763,326.339569,42.117485,152.858307,444.989777,43.459400,53.924713,146.840042,138.604507,44.471867,69.480179,114.108772,190.722916,178.781784,190.228714,139.338654,42.948002,301.886658,497.012329
2022-02-03,169.189178,290.820587,141.488876,138.845505,23.900410,235.908707,134.076675,322.582336,41.704300,152.849426,453.327850,43.072083,54.303730,148.230789,135.435577,44.516075,68.670052,113.089104,186.674667,165.163177,187.425842,136.808228,40.560001,297.046661,497.527283
2022-02-04,168.905075,295.348267,141.851410,157.639496,24.270668,235.243896,137.557083,330.420349,43.366009,151.849655,448.133911,42.765469,53.730808,145.873688,135.510162,43.991951,70.161018,114.504829,184.645874,164.956406,184.229523,138.752472,41.016998,307.773346,495.620239
2022-02-07,168.189819,290.530945,137.806625,157.935501,24.678856,223.158783,138.016907,330.914734,43.572590,151.345367,448.625488,42.934917,54.294910,144.781036,135.277145,43.559380,71.005615,116.754829,185.958054,165.800583,184.450821,139.231201,40.209999,302.446655,491.920502
2022-02-08,171.295715,294.016052,138.079391,161.413498,25.058102,218.465591,140.613724,332.667511,44.354050,151.743469,457.631348,41.716503,54.647472,144.455902,133.776535,43.568851,69.169930,114.976746,187.521515,167.592300,184.565552,139.201874,40.353001,307.333344,496.936096
2022-02-09,172.716400,300.435760,140.301132,161.189499,26.651930,230.193573,141.199783,336.649414,44.264225,151.725784,461.981262,41.530922,53.801315,144.130814,136.321014,43.474140,68.838791,116.114342,189.475815,169.366699,184.459015,143.842590,41.289001,310.666656,504.259277
2022-02-10,168.640472,291.911407,137.473831,159.003494,25.772676,226.294144,140.613724,333.090027,44.057636,149.894363,451.426514,40.828922,54.100994,141.936340,134.978882,42.965794,68.176559,114.639648,188.982620,165.171768,180.861099,148.659180,40.626999,301.516663,494.390106
2022-02-11,165.230881,284.825623,133.037766,153.293503,23.901405,217.840500,138.783340,326.339569,43.042652,148.381439,443.459381,40.974159,53.140263,141.141602,130.654175,42.728996,69.893166,116.973923,187.279541,161.071518,174.968460,146.031052,39.131001,286.666656,485.989441
2022-02-14,165.466003,284.786957,134.198242,155.167007,24.218773,216.004898,137.493927,323.804718,42.593540,146.514618,439.999878,40.183399,53.484013,141.547989,131.968353,42.293278,68.821373,115.170555,186.023239,160.813110,175.378281,147.379318,39.657001,291.920013,483.023926
2022-02-15,169.296936,290.067566,135.314606,156.510498,26.442347,219.279205,139.504654,327.130493,42.925877,148.027527,443.552155,40.175335,53.686741,141.620255,135.687210,42.425880,67.958702,114.327522,189.299057,163.259476,178.058197,151.160263,40.745998,307.476654,490.041962
2022-02-16,169.061813,289.728973,136.367905,158.100494,26.458313,214.853943,139.757126,323.634003,42.827080,147.939072,445.240143,40.086575,53.677921,142.694885,136.535400,42.160656,68.272392,114.361595,189.513077,162.854630,176.460083,152.752777,39.807999,307.796661,488.592682
2022-02-17,165.466003,281.245148,131.231125,154.652496,24.458298,206.092682,136.538193,313.755524,41.380947,147.036652,436.234222,39.457199,54.753242,144.329453,133.096115,43.849869,68.167839,113.774025,181.230469,159.004242,172.690079,149.430984,38.667000,292.116669,491.081329
2022-02-18,163.917938,278.536469,129.405106,152.601501,23.595015,204.554764,137.178391,311.040955,41.282139,145.460541,433.887695,39.158642,55.123440,144.401718,133.235916,43.568851,67.409737,113.612236,178.634033,156.885208,172.830444,147.877594,39.129002,285.660004,488.850037
2022-02-22,160.998199,278.333313,128.348755,150.197495,23.343517,200.506546,136.934937,309.450012,40.922855,143.483826,428.972015,38.351757,54.894272,142.622635,128.799423,43.082623,66.625488,112.743660,177.945343,157.255615,172.508499,144.682816,37.737999,273.843323,478.847504
2022-02-23,156.834091,271.126434,126.546066,144.826996,22.342510,196.904800,134.067673,306.681488,40.222252,143.555038,426.291534,37.819206,54.286095,140.843613,127.531822,42.640587,66.895622,115.426033,173.720337,154.154556,168.801880,142.513885,36.745998,254.679993,472.249023
2022-02-24,159.450104,284.979187,131.593124,151.358002,23.700802,205.983551,130.334763,305.782654,39.162342,140.812546,422.832062,37.084923,53.334175,137.050690,127.848747,42.476402,66.050400,114.829948,171.877701,157.930878,171.039062,145.962662,39.002998,266.923340,482.089478
2022-02-25,161.517502,287.610443,133.424103,153.788498,24.108990,208.841125,133.418503,314.708282,40.437820,147.811310,441.251953,38.505066,55.396671,142.902603,129.367950,43.060524,67.827988,119.538933,174.083252,163.318268,173.317490,146.089661,39.080002,269.956665,493.446075
2022-02-28,161.781998,289.042145,133.792618,153.563004,24.336540,209.386841,127.855240,306.771332,39.701271,146.537994,441.363159,37.875675,54.859016,140.780380,127.270859,42.675320,68.333397,122.621536,174.567200,164.348953,173.705475,145.044296,39.452000,290.143341,495.124298
2022-03-01,159.900833,285.327454,133.075470,151.141998,23.430342,201.905548,123.031349,296.744324,38.147366,146.030426,441.715729,36.915478,54.621033,138.450424,123.235107,42.937382,68.986931,127.492348,170.146667,159.022232,169.709946,142.347809,38.624001,288.123322,498.633270
2022-03-02,163.192871,290.396454,133.654205,152.052505,24.175983,206.489563,125.583061,304.140228,38.767128,147.846863,450.183655,38.488918,55.026485,138.883926,126.459953,42.991055,70.172012,131.256073,179.248260,161.482071,174.563995,143.950058,38.002998,293.296661,503.467804
2022-03-03,162.869583,286.265778,133.214310,147.898499,23.670902,201.389603,124.690414,301.463989,38.351921,150.019562,451.305908,38.593815,55.061737,139.398666,124.866165,43.979324,70.616402,133.027313,181.332855,162.417465,175.364761,142.220779,36.806999,279.763336,508.283173
2022-03-04,159.871414,280.403412,131.046127,145.641006,22.894314,198.502274,121.182945,298.073395,36.961910,150.909988,462.491425,39.255478,55.149887,140.103043,122.544746,45.093880,73.274101,135.096542,182.086670,162.339539,173.680710,137.482391,36.173000,279.429993,501.083954
2022-03-07,156.079681,269.810791,125.434685,137.453003,21.313192,186.010284,116.503357,291.039062,34.606094,153.340881,451.565582,38.714848,53.836582,138.026001,116.248436,44.730774,75.914375,137.983261,183.054504,157.775009,166.077667,130.428497,35.026001,268.193329,503.963715
2022-03-08,154.257294,266.850555,126.242065,136.014496,21.474903,188.808334,115.682846,290.568878,34.831745,150.233276,439.127930,38.279118,51.703560,132.562363,113.231056,43.805672,76.489479,145.212830,195.431870,158.710434,167.918579,128.718735,34.175999,274.799988,499.043457
2022-03-09,159.655884,279.087860,132.775925,139.279007,22.972176,196.954376,120.317352,301.617645,37.043140,150.803131,450.359863,39.336166,51.967991,134.350479,118.593201,44.032982,72.141312,141.585281,195.227127,160.581284,170.700577,130.575027,35.879002,286.323334,503.134033
2022-03-10,155.315430,276.272766,131.601547,146.817505,22.616827,193.690018,118.892731,298.281342,36.709171,151.070267,455.804230,39.699265,51.016060,130.891724,117.733757,45.033882,74.380753,145.459793,197.097672,159.680496,171.030792,130.565262,35.676998,279.433319,507.968445
2022-03-11,151.602036,270.932922,129.413025,145.524506,22.059835,186.149200,116.214821,295.659302,36.402279,150.794250,449.180939,40.562641,51.051311,129.338394,114.557594,44.857075,73.997353,145.527924,199.926834,157.844299,168.323120,128.718735,34.032001,265.116669,502.914764
2022-03-14,147.575150,267.421265,125.708939,141.852997,21.291237,185.176819,117.368927,293.832855,37.187557,152.877838,453.878662,42.160305,51.992764,130.991058,109.830666,45.482235,71.348366,141.968460,200.494492,158.675812,168.653336,126.061325,33.101002,255.456665,501.512970
2022-03-15,151.954803,277.781860,128.604660,147.366501,22.931250,190.534775,119.451752,297.612274,37.458340,156.840240,463.171661,42.128025,52.951969,135.705109,111.540192,46.028465,67.287766,134.781525,201.443726,162.651367,173.796280,131.112381,34.375000,267.296661,517.122498
2022-03-16,156.363846,284.785706,132.601852,153.104004,24.451479,202.044479,124.789612,308.100433,38.631729,155.397797,463.497223,42.700920,52.809872,135.244507,116.949066,45.892700,67.035049,134.296097,201.090073,165.457626,179.880325,134.961731,35.752998,280.076660,518.142761
2022-03-17,157.372986,285.588684,133.504410,157.238998,24.720989,206.221680,126.367455,310.369904,38.839336,157.427948,471.646057,43.766022,53.369411,135.668991,119.022934,45.962429,68.821373,136.620819,206.320206,166.237167,183.529144,136.261139,37.139999,290.533325,527.106018
2022-03-18,160.665054,290.628632,135.687515,161.250504,26.404926,214.804352,126.322426,312.277679,38.721992,155.682693,470.808807,43.983875,53.378296,135.596741,122.600815,46.098721,68.551224,137.719299,205.585007,168.653641,181.432281,137.072037,38.060001,301.796661,535.268188
2022-03-21,162.036758,289.400085,135.367126,161.491501,26.685413,209.843246,125.916641,306.509155,38.667839,156.564224,472.241333,43.725677,53.804607,136.111496,121.619919,45.715202,71.627205,140.197281,208.190750,167.181259,180.425201,135.430695,37.459000,307.053345,529.718628
2022-03-22,165.407227,294.140228,139.135208,164.889008,26.475798,214.963074,128.594589,310.134888,39.877335,155.825150,470.064697,42.797741,54.000000,137.159058,124.329033,45.578911,71.313499,139.728912,207.260147,168.922150,180.309616,136.886383,38.292000,331.326660,533.427979
2022-03-23,166.769135,289.719360,137.375656,163.408005,25.587416,211.797913,126.033867,303.444031,38.893490,155.237488,468.120453,42.111881,53.644737,136.201813,124.244942,44.992538,72.437584,141.236115,206.757584,166.592255,177.139603,134.473221,37.449001,333.036682,528.278748
2022-03-24,170.551117,294.178925,140.161270,163.649506,28.098841,217.860367,126.854393,304.004669,38.875439,156.038879,477.636749,42.434650,54.159863,136.436615,123.385529,45.271461,72.655434,141.610809,206.794846,168.627655,177.205688,135.762848,37.570999,337.973328,532.178772
2022-03-25,171.187943,293.772644,140.369080,164.773499,27.641676,220.092834,127.963432,305.143921,39.471165,157.534790,477.236725,42.587948,54.648361,138.016953,124.898872,45.467964,74.241333,144.173950,207.865067,171.312683,177.775284,135.938721,37.384998,336.880005,529.890320
2022-03-28,172.050171,300.563507,140.794067,168.990494,28.167721,221.849030,127.016678,303.163788,39.308693,158.345078,477.394928,42.991398,54.994736,138.965195,125.935814,46.276218,72.158737,141.653381,206.459808,170.723694,181.242462,135.528381,37.851002,363.946655,538.948914
2022-03-29,175.342224,305.119934,142.083527,169.315002,28.603926,228.070206,127.296165,307.105927,39.209408,158.264923,475.097137,42.555683,55.207897,140.392075,129.980774,46.666088,71.775330,139.924789,205.706009,171.096130,183.636444,139.104172,39.181999,366.523346,543.497253
2022-03-30,174.176270,303.620514,141.482941,166.300995,27.639681,226.075897,126.719154,303.425964,38.812256,159.912247,484.483215,42.313606,55.252300,139.425735,129.420273,47.502857,73.003975,140.912567,207.604462,170.230026,181.779037,137.716873,38.146999,364.663330,549.685791
2022-03-31,171.080215,298.251648,138.512329,162.997498,27.236412,220.628647,122.914124,298.462189,37.205612,157.810806,474.390167,41.772984,55.065792,137.989853,125.702255,47.201748,71.967033,138.655960,207.362518,168.532394,177.040573,134.004272,37.459000,359.200012,549.094604
2022-04-01,170.786209,299.325409,139.554260,163.559998,26.663458,223.099243,122.003456,298.570648,36.916779,158.665649,476.827423,41.611610,55.838486,140.057907,124.730736,47.864201,72.428886,139.839615,204.524124,169.788300,170.585022,133.847946,37.347000,361.529999,548.827454
2022-04-04,174.832748,304.694305,142.472824,168.346497,27.310278,232.068848,122.544487,296.753296,36.853596,157.134064,474.436707,41.103268,55.545403,139.145798,125.496742,47.873703,72.463730,139.967346,205.491943,169.822952,169.404526,135.391617,39.150002,381.816681,548.408081
2022-04-05,171.521072,300.737762,139.914322,164.054993,25.883871,230.034790,121.118347,292.910645,36.230793,158.149200,481.636719,41.345341,55.483234,139.633484,123.591026,48.009995,72.089027,139.107300,201.034210,167.709579,162.800400,132.499725,38.014999,363.753326,548.589050
2022-04-06,168.356384,289.728973,136.058960,158.755997,24.362642,221.561310,119.437943,285.948639,35.833645,162.262939,494.650726,42.660576,56.042767,141.629257,119.910393,49.125694,72.890694,140.342010,201.211075,167.700897,160.472427,129.519897,36.834999,348.586670,557.619019
2022-04-07,168.660126,291.537994,135.353760,157.784500,24.164007,221.214020,119.074593,284.040924,35.553833,161.844421,499.487915,44.508366,56.344742,143.462524,120.863258,49.616989,74.110626,142.292038,200.922562,166.904114,159.077301,128.835983,36.215000,352.420013,579.798462
2022-04-08,166.651535,287.281525,132.919220,154.460495,23.076986,220.598862,121.254608,290.586884,35.806561,162.165039,507.869415,44.516430,56.691113,144.582336,119.714211,49.892746,75.670395,144.701874,201.974182,164.704102,157.649124,128.835983,35.588001,341.829987,572.160522
2022-04-11,162.399292,275.953522,128.739532,151.121994,21.877167,214.774536,120.809509,290.017334,35.734348,160.134842,499.943634,43.515884,56.673359,144.031448,116.752892,48.903824,73.064972,140.980682,201.062164,163.933212,157.541840,127.644051,34.799999,325.309998,557.504822
2022-04-12,164.270706,272.857910,127.329132,150.787506,21.464918,212.472626,119.483353,289.131287,35.355259,160.188293,496.473816,42.854233,57.339470,143.597977,116.808929,48.567848,74.589874,143.918503,201.667068,165.422974,155.106567,127.829666,34.410000,328.983337,554.348511
2022-04-13,166.955261,278.236572,129.225082,155.541000,22.162647,213.315994,115.631981,291.111389,35.039349,160.865005,499.534424,42.846165,57.490467,144.004379,119.097656,49.832520,75.644257,146.183578,203.128174,168.766266,155.915558,129.304962,35.042999,340.790009,563.626343
2022-04-14,161.948547,270.700714,126.216774,151.706497,21.219364,208.543457,114.560127,290.813019,33.911072,160.188293,497.506439,42.862297,57.748020,143.200623,124.674652,49.788143,76.533073,146.115433,212.006332,169.060715,155.213867,127.468208,34.112999,328.333344,562.959045
2022-04-18,161.733063,271.368195,126.919006,152.785004,21.743416,209.128876,116.685654,298.263306,35.066422,158.193726,496.818207,41.829475,57.232899,141.836975,122.965157,49.407791,77.160454,148.073959,213.969955,166.358383,154.503906,124.830315,33.785999,334.763336,555.073364
2022-04-19,164.015900,275.992249,129.468094,158.115494,22.157658,215.617935,119.101845,303.751495,35.716297,163.019806,500.185486,40.490021,57.792446,143.959213,128.028351,49.968815,76.472061,146.319824,216.054596,170.801682,157.417999,128.865280,34.861000,342.716675,566.687195
2022-04-20,163.849350,277.017609,127.201187,153.998001,21.442957,198.859451,119.519676,308.371704,35.797543,163.741119,507.915771,40.143059,58.582901,147.788223,126.926018,50.596386,76.646332,146.915924,218.772018,170.056778,157.203339,121.703949,22.618999,325.733337,575.488403
2022-04-21,163.055710,271.648834,123.920120,148.296005,20.146320,186.605621,118.593170,302.259644,35.120575,163.269180,499.943634,39.626648,58.804932,147.672882,126.543030,50.672470,75.835945,140.146149,216.436157,169.710327,155.857773,118.860901,21.822001,336.260010,564.246399
2022-04-22,158.519333,265.089935,118.639977,144.350006,19.479534,182.676437,115.186882,289.122223,33.902058,161.648575,484.594879,38.835892,57.952305,146.437836,120.573662,49.718410,74.180336,137.055099,202.260147,165.111176,154.495636,115.548889,21.552000,335.016663,545.137390
2022-04-25,159.587311,271.561676,122.246361,146.074005,19.865833,185.534058,115.150558,290.614105,33.658352,165.628799,487.692505,39.497543,58.565144,147.618439,119.518051,49.743767,71.679489,134.108765,202.634216,166.141876,156.551254,117.190224,20.990999,332.673340,541.809509
2022-04-26,153.630234,261.404236,118.532852,139.391006,18.753857,179.541061,111.744263,283.109528,32.900162,164.444519,477.934387,39.562099,57.774681,145.111954,112.586487,49.223949,71.705612,133.291290,196.649628,162.547394,151.111084,113.106407,19.840000,292.140015,528.030823
2022-04-27,153.404907,273.980133,114.083878,138.167007,18.381535,173.587799,110.290924,283.209045,32.719627,162.147217,477.962311,40.134991,58.227638,144.721466,113.259079,48.887974,73.753365,133.044312,200.072052,161.404099,153.876511,112.559296,18.854000,293.836670,528.336060
2022-04-28,160.331940,280.180969,118.439117,144.596497,19.746050,204.128098,112.034935,287.892578,33.225094,163.358200,487.832031,40.756298,58.787182,148.399445,118.686623,49.512394,75.984100,137.770355,198.650711,164.496246,156.980499,112.637451,19.952000,292.503326,536.759827
2022-04-29,154.462997,268.466125,114.030319,124.281502,18.513298,198.909058,108.419731,276.210846,32.205147,160.686905,473.069275,39.594368,57.383881,145.802155,116.491333,48.491783,74.284904,133.410522,196.874054,167.605621,148.576706,109.061653,19.035999,290.253326,507.839752
2022-05-02,154.766754,275.189331,116.202988,124.500000,19.497507,209.486084,109.409821,280.668365,32.620346,159.066330,466.185547,39.005337,56.344742,143.831482,117.780495,48.171646,75.295715,136.033249,198.304749,170.515839,147.420975,110.888641,19.945999,300.980011,505.194244
2022-05-03,156.255997,272.587128,117.167564,124.253502,19.566380,210.379074,111.753357,284.501953,33.513935,158.754684,464.762238,39.771885,56.025002,141.860794,114.772453,48.339638,76.846756,138.366455,199.754105,170.663101,147.041245,110.937500,19.987000,303.083344,504.363251
2022-05-04,162.663834,280.519592,121.576859,125.928497,20.297045,221.670471,115.450310,293.046265,34.858818,160.455383,472.204193,40.070438,57.756912,142.905182,117.761787,49.008419,79.905273,142.709290,208.141891,178.293701,151.730179,113.516747,20.400999,317.540009,519.979065
2022-05-05,153.600815,268.301636,115.795822,116.406998,18.809750,206.658249,112.561775,283.064362,33.884007,157.392334,460.204193,39.094093,57.295063,140.271545,110.820892,48.588509,78.694069,141.576736,201.914169,171.381989,148.419861,110.019119,18.832001,291.093323,494.086517
2022-05-06,154.326950,265.767120,114.718185,114.772499,18.641058,202.183380,112.380112,282.964874,33.802765,157.045044,464.762238,39.570168,57.499344,141.670105,106.953430,47.576908,79.896584,145.349060,200.717270,169.268616,148.527161,107.752495,18.097000,288.549988,480.753510
2022-05-09,149.204941,255.948303,112.163147,108.789001,16.919199,194.682251,110.690598,279.285004,32.827950,157.899857,452.483276,39.247402,57.383881,141.315933,103.889343,48.133614,73.596519,135.607452,192.899918,167.995346,149.773712,104.518646,17.309999,262.369995,476.426910
2022-05-10,151.608917,260.707764,113.651436,108.859001,17.563021,196.111023,107.992790,275.822052,32.277359,157.686157,453.962311,39.933277,56.850983,140.571274,102.282562,47.456039,74.084480,136.910324,189.814087,168.696960,150.252502,105.202538,17.766001,266.679993,478.938812
2022-05-11,143.749298,252.049728,113.032997,105.372002,16.599773,187.270386,107.311562,272.648529,32.105862,156.831345,452.232147,39.900990,57.117435,138.591476,100.815895,46.959778,75.626816,138.936966,191.890015,166.315094,146.496384,102.789368,16.636999,244.666672,467.114807
2022-05-12,139.883270,247.019379,112.239532,106.930496,16.145607,189.750946,107.220726,270.713531,31.654549,158.380707,445.394867,40.991051,57.295063,138.028473,100.797211,46.915237,75.970146,140.256882,189.851532,167.951782,147.478775,101.910080,17.431000,242.666672,464.345093
2022-05-13,144.347900,252.601166,115.566719,113.055000,17.673820,197.073471,108.174484,277.567078,31.744802,157.472504,451.534393,40.608715,58.369747,139.508774,105.570831,47.096561,78.223724,142.947708,191.067139,168.482849,148.236404,104.860603,18.764000,256.529999,474.937012
2022-05-16,142.807343,252.968719,113.857735,110.810501,17.232626,198.482422,107.420563,274.357300,31.419878,158.567703,455.087982,41.218822,58.582901,140.870926,105.187828,47.147469,80.063553,147.324615,193.741501,168.857147,149.676834,102.760056,18.650999,241.456665,472.320068
2022-05-17,146.437897,258.115143,115.751198,115.368500,18.143963,201.042313,110.981270,282.973969,32.484951,159.226624,458.166962,41.763851,58.423035,140.471329,108.270584,41.784088,81.084702,148.193222,199.258514,173.297134,152.482712,106.140457,19.056000,253.869995,468.442383
2022-05-18,138.175995,246.363281,111.485710,107.112503,16.907217,190.743164,109.082825,277.332031,31.483061,156.270386,438.492554,40.999195,54.355267,131.716858,102.170441,38.946518,79.799461,144.286850,194.442795,168.778854,143.399033,101.900314,17.719000,236.603333,410.115143
2022-05-19,134.771133,245.451813,109.843689,107.319000,17.092880,189.800552,107.465973,278.661163,31.094933,154.881302,445.162354,41.202549,53.289471,128.683655,99.433327,37.877666,80.230804,143.256577,193.339401,167.716751,139.369217,100.767006,18.348000,236.473328,403.935699
2022-05-20,135.006607,244.889420,108.422859,107.591003,16.663662,192.033035,106.584892,277.395264,30.562401,157.588226,451.841370,42.683079,54.159863,128.765396,100.890656,37.919029,80.864632,144.080780,184.979675,165.192032,142.408203,100.063560,18.635000,221.300003,397.727570
2022-05-23,140.423004,252.733688,110.757187,107.556999,16.867292,194.702057,113.179443,286.265106,32.376640,160.805405,457.748322,43.016609,55.829609,131.725967,101.479179,39.000607,82.651634,147.429092,190.898788,165.044052,145.197433,103.395111,18.743999,224.966660,410.191559
2022-05-24,137.724609,251.735016,105.063446,104.099998,16.124641,179.868469,114.778137,283.860016,32.178074,162.561844,462.846008,43.447750,56.859863,134.068954,100.227379,39.487312,83.100601,148.218964,192.301437,165.374924,144.964325,99.252663,18.034000,209.386673,418.051941
2022-05-25,137.881607,254.546921,104.977646,106.775002,16.944149,182.398636,115.577484,284.719025,32.349564,160.966736,463.339081,43.691795,56.904278,131.871246,101.077477,39.245541,84.773170,150.597137,195.723862,165.792740,144.756165,100.884247,18.783001,219.600006,420.344147
2022-05-26,141.080383,257.824249,107.414139,111.077499,17.818558,190.137894,117.575836,292.612244,33.098728,160.823318,467.190277,43.919567,57.108555,133.024597,105.505440,40.082188,85.072472,151.610184,199.165039,168.108475,148.519516,103.180168,19.139999,235.910004,444.106781
2022-05-27,146.830383,264.941345,111.880478,115.146500,18.776815,193.610657,119.238106,297.087830,33.414642,162.284088,471.729736,43.854481,57.446049,135.058823,108.354683,40.871109,85.908760,153.061172,203.045639,170.937866,151.974808,106.804810,19.518999,253.210007,449.617645
2022-05-31,146.045395,263.612976,113.110374,120.209503,18.638067,192.132217,120.110100,297.333435,33.577118,160.886063,462.120453,43.146751,56.291447,134.295975,111.026413,40.918816,84.509071,149.953247,201.839371,168.561188,151.741699,107.899040,19.743999,252.753326,445.281525
2022-06-01,145.917831,264.146271,113.207565,121.683998,18.286705,187.171204,118.002747,292.784973,33.098728,159.255066,458.185577,42.601727,56.016117,132.261719,110.867599,39.907223,86.128830,151.378403,203.447723,167.072479,150.059830,106.677803,19.291000,246.789993,436.466003
2022-06-02,148.370926,266.240692,116.787178,125.511002,19.556395,197.311600,119.901192,294.968292,33.316605,158.753174,457.915802,42.853905,56.602303,133.687515,115.286224,40.562531,85.979179,151.103668,205.719986,171.538574,153.257050,108.319153,20.509001,258.333344,465.710876
2022-06-03,142.650375,261.819092,113.631104,122.349998,18.685982,189.294495,118.229836,289.901215,32.853615,158.099014,451.729736,43.276909,55.927307,132.488770,113.268105,39.865864,87.229218,152.477356,208.431763,169.605896,154.439301,106.169769,19.898001,234.516663,454.861023
2022-06-06,143.396103,260.587708,116.057678,124.790001,18.751860,192.737488,117.839241,291.566040,32.817310,158.081085,455.980927,43.325726,55.838486,131.971130,112.593842,39.722717,87.009132,151.816269,209.114380,169.927979,155.788116,105.349091,19.714001,238.279999,451.250793
2022-06-07,145.917831,264.223785,116.274887,123.000000,18.891607,194.126602,118.148079,292.475677,32.998875,159.819626,462.418121,43.895161,56.175983,133.442337,113.942368,39.245541,90.996910,154.709564,212.359161,172.043457,154.455978,105.310013,19.861000,238.886673,450.591736
2022-06-08,145.181931,262.197327,116.283325,121.180000,18.618048,195.108887,116.267815,286.262451,32.581276,158.869705,459.097229,43.496559,55.856255,131.780441,114.626015,38.905170,92.070877,155.508026,214.883896,169.344666,149.402069,104.870361,20.283001,241.866669,446.971985
2022-06-09,139.961807,256.747986,113.982208,116.150002,18.019011,182.567291,113.824371,276.747101,31.328503,155.670441,455.283203,42.121780,54.888157,129.401138,111.067352,38.497982,90.081413,152.408661,209.151810,167.159576,146.995850,100.923309,19.277000,239.706665,450.849731
2022-06-10,134.555237,245.306366,110.520142,109.650002,16.946733,174.202972,108.592331,261.100311,30.112034,154.630905,450.818176,40.649391,54.541771,128.910706,107.443169,38.714294,88.435242,150.588562,201.212830,162.171143,144.081726,97.113045,18.294001,232.229996,442.502197
2022-06-13,129.403839,234.902267,106.006195,103.669998,15.621865,162.981003,105.358627,257.734497,29.068060,153.071625,436.929810,38.973629,54.479610,125.459763,103.425636,37.985821,84.377037,143.660110,193.451584,160.551880,143.806976,93.507942,16.969000,215.736664,431.938965
2022-06-14,130.267319,237.064529,106.321106,102.309998,15.810563,162.455124,103.605522,257.024933,28.559685,150.723694,429.534515,38.981762,52.985668,121.545670,103.687843,38.001724,84.597099,143.848969,193.273956,159.559433,145.005936,92.052231,16.754000,220.889999,434.374390
2022-06-15,132.887207,244.113724,109.491585,107.669998,16.500454,168.031357,104.831795,263.874878,29.095291,152.336777,431.934479,39.461716,53.379280,120.337814,106.235092,37.976280,83.531937,141.024368,192.628754,161.030685,146.438019,93.674026,18.011000,233.000000,438.185211
2022-06-16,127.617981,237.529968,105.767647,103.660004,15.575940,159.617386,103.033264,259.244629,28.913733,152.417435,425.782349,38.623833,52.842537,121.073441,100.316498,38.370743,80.450874,133.486359,182.146378,156.599472,143.365723,92.110840,17.334999,213.100006,431.470947
2022-06-17,129.089813,240.128555,106.987144,106.220001,15.854493,162.465073,102.669922,254.523300,28.977276,151.861816,422.020264,37.851032,53.164577,120.201630,100.522507,37.629536,75.811691,127.390686,180.135910,156.442749,142.433212,92.169464,17.551001,216.759995,426.628632
2022-06-21,133.318909,246.033554,111.102852,108.680000,16.539391,155.827164,105.213280,259.089874,29.821543,155.043137,448.402222,39.136322,54.300694,123.843239,101.777405,38.863804,80.530106,132.722244,183.623810,157.147903,145.289001,91.143623,17.091000,237.036667,442.311188
2022-06-22,132.808731,245.442108,111.121689,108.949997,16.333721,154.636490,104.622856,258.844269,29.594584,157.489639,457.140320,39.917259,54.703251,125.777603,98.256233,38.393002,77.343414,126.952827,175.638107,154.727707,146.662781,91.348785,17.889000,236.086670,439.302582
2022-06-23,135.673859,250.998108,111.766907,112.440002,16.198935,157.513916,103.478355,260.327148,29.122524,161.002563,466.597107,40.747013,55.356297,129.228561,101.140610,39.325073,75.010612,122.282364,167.072662,151.976685,148.727676,92.130394,18.171000,235.070007,453.667236
2022-06-24,139.000244,259.569641,117.572731,116.459999,17.098490,168.835068,106.566719,275.409882,29.331322,163.359406,462.704285,41.967220,56.393993,131.090271,105.738754,39.356888,76.498329,124.291359,173.450027,156.721344,152.615921,95.530319,19.084999,245.706665,462.616394
2022-06-27,139.000244,256.844940,115.672829,113.220001,16.841904,168.170288,105.712868,273.617737,29.367636,163.207077,472.058350,42.203133,56.277702,130.091293,103.481827,39.484138,78.373360,126.695267,175.413696,155.215240,151.375351,94.387238,18.914000,244.919998,460.114044
2022-06-28,134.859436,248.690369,111.654816,107.400002,15.956327,159.428909,105.204201,272.444183,29.285927,158.565033,474.653656,41.210686,55.714127,127.975327,96.252144,38.927437,80.547707,128.730026,175.273422,153.178085,149.801743,93.713104,17.959999,232.663330,447.564148
2022-06-29,136.615814,252.355545,111.342384,108.919998,15.517035,162.663513,104.731880,275.891968,28.922813,158.609818,481.440582,41.438457,56.116676,129.137711,96.692276,38.784283,77.572296,126.188751,171.570480,150.783981,150.809174,93.449326,17.836000,228.490005,448.738892
2022-06-30,134.152939,249.029739,108.481873,106.209999,15.134650,159.994446,102.288429,270.197327,28.260109,159.075821,479.498810,42.650547,56.277702,130.581696,95.708969,38.676125,75.389145,124.299957,167.156845,151.315048,151.983124,92.228088,17.487000,224.473328,457.754974
2022-07-01,136.321457,251.696198,108.192749,109.559998,14.499673,158.783951,103.596451,272.207764,28.650465,160.877075,483.018280,42.552917,57.592724,132.688553,94.753777,39.010139,77.070511,125.785225,166.717377,152.446793,154.023056,93.928047,17.995001,227.263336,463.943939
2022-07-05,138.902069,254.866989,112.959602,113.500000,14.939963,166.880417,103.202393,270.361084,28.359968,159.640411,471.666321,42.007893,56.608692,131.408096,97.694336,39.525482,74.658501,122.479828,162.481415,149.817642,153.723297,94.944130,18.587999,233.066666,466.331726
2022-07-06,140.236542,258.124878,114.275314,114.330002,15.105698,168.448120,102.533440,267.231720,28.123936,159.783768,481.048370,42.910854,56.724991,132.634125,97.610046,39.805424,73.311638,120.865753,161.125504,150.792679,154.172897,93.869431,18.406000,231.733337,470.524506
2022-07-07,143.602158,260.248352,118.334480,116.330002,15.832527,170.849258,105.126793,271.634705,28.922813,159.963013,480.198944,43.455875,56.277702,132.588669,101.262344,39.865864,75.653236,123.218178,168.578201,151.297653,155.022141,95.188370,18.927000,244.543335,472.721222
2022-07-08,144.279190,259.530853,119.189957,115.540001,15.812561,169.549454,104.796890,269.696960,28.859261,159.765869,484.166473,43.252506,56.483456,131.698715,101.075035,39.891315,75.776474,122.574257,167.474792,150.905869,154.364365,93.654495,18.698000,250.763336,479.015228
2022-07-11,142.149902,256.476471,115.573647,111.750000,15.127662,161.611771,103.422318,266.704071,28.559685,159.828598,482.598114,43.024734,56.304546,132.624985,98.434135,39.907223,75.389145,121.492485,163.659607,150.470596,153.731613,91.485573,17.733999,234.343338,476.493805
2022-07-12,143.121353,245.965714,113.914284,109.220001,15.057773,161.998734,103.523125,266.112732,28.468904,157.588211,480.236298,42.333290,56.063011,131.453491,97.169907,39.786335,74.385590,119.268875,163.164001,151.140915,149.343796,91.446487,17.445000,233.070007,468.537933
2022-07-13,142.758316,245.044601,111.273445,110.400002,15.139643,162.217010,102.551773,263.947662,27.996843,157.220779,467.932037,42.129917,55.803581,132.316254,98.434135,39.881775,74.684898,118.470444,162.584259,148.755569,148.136536,90.801674,17.656000,237.039993,470.113800
2022-07-14,145.682327,246.363281,110.532539,110.629997,15.347307,156.819366,98.968742,256.160736,27.352297,157.435852,469.042938,41.804527,55.624660,131.925781,96.664207,40.661148,73.188385,116.710426,158.909363,147.571579,148.436234,89.726974,17.478001,238.313339,488.948212
2022-07-15,147.350433,248.923096,111.848724,113.550003,15.736680,163.417557,103.504807,267.331757,29.276855,159.721039,494.547607,42.097378,55.910934,131.744110,98.050186,41.058788,74.420807,118.178528,162.126083,150.435760,152.024765,93.009674,18.910999,240.066666,499.463715
2022-07-18,144.308624,246.528107,109.014992,113.760002,16.075138,165.927887,102.441795,274.054382,29.285927,156.136429,484.857269,41.283901,55.150528,130.145767,97.338463,40.963352,75.794083,119.835510,162.228943,148.825211,149.934967,93.498169,19.091999,240.546661,493.112396
2022-07-19,148.164841,251.647736,113.686646,118.209999,16.964706,174.411301,104.980171,289.328094,30.275442,153.860214,498.001678,41.788261,55.937763,130.808716,102.255013,41.214668,77.704353,124.153999,169.008469,154.292435,154.705765,97.318214,20.163000,245.529999,496.865814
2022-07-20,150.166519,254.304520,113.765984,122.769997,17.778397,181.664398,104.961853,292.421112,30.284521,152.982010,484.950745,41.340843,55.016357,128.547424,104.053085,41.558224,78.558220,125.793823,169.460449,155.189102,155.571655,100.972160,21.643999,247.500000,500.657501
2022-07-21,152.433167,256.796448,114.103218,124.629997,18.021008,181.743759,105.676605,297.051453,30.547783,153.519684,487.742065,41.584888,54.891109,128.669022,104.530693,42.165829,77.246582,124.832237,170.420853,156.730042,155.704880,101.783073,22.388000,271.706665,505.681396
2022-07-22,151.196854,252.452545,107.477615,122.419998,17.291180,167.952042,105.163460,294.677185,30.348063,154.245575,486.761780,41.674366,55.096863,130.725571,102.189461,42.057663,76.656776,123.793388,168.189270,157.983643,156.512497,100.356667,22.044001,272.243347,505.929688
2022-07-25,150.078247,250.968994,107.328835,121.139999,16.996655,165.352386,105.584976,294.850006,30.620413,154.550247,494.286102,42.113640,55.633602,131.612213,102.339325,41.997223,79.209671,127.476547,171.193024,157.800827,156.454208,100.327362,21.851000,268.433319,505.375732
2022-07-26,148.753555,244.249481,104.581398,114.809998,16.506445,157.910797,103.935493,289.782990,30.003098,155.643539,496.265320,42.544785,56.546078,131.868149,98.518433,38.803368,78.901543,126.480644,170.646835,157.940140,151.142212,97.484299,21.391001,258.859985,488.938599
2022-07-27,153.846130,260.577972,112.674942,120.970001,17.761423,168.259567,105.603302,295.232025,30.493319,155.213394,499.084595,42.260067,56.367153,133.120361,101.009483,40.269871,80.609352,128.146225,174.432098,159.890244,153.115448,101.118713,22.674999,274.820007,498.852448
2022-07-28,154.395615,268.015015,113.656876,122.279999,17.955109,159.468582,105.209259,299.389374,30.248207,156.109528,505.507446,41.579647,57.306458,135.332352,105.101936,41.275101,81.551262,129.116364,176.870850,165.792740,156.728989,102.486504,22.601999,280.899994,512.983398
2022-07-29,159.458740,272.213531,115.690178,134.949997,18.133825,157.861176,105.713280,303.282867,30.693037,156.396362,506.300995,41.407490,57.404869,126.968925,107.621101,42.006763,85.327766,140.612259,186.672958,167.551315,162.265808,103.658890,22.490000,297.149994,517.882080
2022-08-01,158.477524,269.566467,114.539627,135.389999,18.411377,158.684723,104.659439,302.091125,30.602257,155.849670,499.803467,41.489475,57.717968,130.615906,107.040482,42.162643,83.171021,137.804840,183.480942,167.142166,162.640442,103.776138,22.621000,297.276672,523.153564
2022-08-02,157.005661,266.473358,114.956215,134.160004,18.496243,158.942703,103.028282,298.270477,29.994026,154.962494,499.878113,40.735271,56.930740,129.747589,104.671150,42.207172,82.810089,136.628632,172.793701,164.643585,161.133423,102.300880,22.142000,300.586670,519.948608
2022-08-03,163.010757,273.891052,117.812767,139.520004,18.862652,167.485672,104.109604,303.082733,30.538708,156.459061,504.723328,40.874634,57.181225,132.425720,107.021736,41.513683,80.125168,133.383331,172.191086,166.715546,161.041840,106.511696,22.673000,307.396667,523.344849
2022-08-04,162.696777,275.035217,117.902039,142.570007,19.184135,169.241882,102.964134,301.900116,30.320843,153.949814,498.281799,40.874634,56.957569,132.215454,107.209038,39.945396,76.753609,129.760315,172.916107,167.533890,161.957703,105.632416,22.990999,308.633331,519.776428
2022-08-05,162.470749,274.317719,117.257317,140.800003,18.958502,165.808823,106.079819,304.447266,30.829208,153.340454,499.504791,40.390961,56.698162,132.279434,106.637794,40.266685,77.862770,131.906647,174.563919,167.385925,163.822739,104.176697,22.677999,288.170013,517.279297
2022-08-08,161.999130,271.806427,117.177971,139.410004,17.764420,168.924377,104.787743,304.456360,30.402536,152.524948,500.942322,40.636890,56.331371,132.782211,106.759521,40.594341,78.302940,131.709167,174.959427,168.865860,163.264893,106.599640,23.349001,290.423340,518.455872
2022-08-09,162.048248,273.726166,116.543190,137.830002,17.058556,167.217758,105.731613,306.221191,30.792892,152.507034,501.558502,40.809044,56.402946,132.471420,103.116600,40.995171,79.746635,133.426285,175.166534,168.970352,163.731140,105.642174,22.993999,283.333344,512.639099
2022-08-10,166.293030,280.377838,119.667542,142.690002,18.067932,176.951385,108.489906,316.491577,31.836876,152.946136,501.987976,40.948406,56.939690,133.723633,105.954147,41.081051,80.503700,133.778290,179.582703,171.703979,168.493622,109.843262,24.410999,294.356659,516.465942
2022-08-11,165.556107,278.302887,118.844292,140.639999,17.913183,176.108017,110.093544,319.921143,32.599442,149.782715,497.450897,39.587566,56.555027,132.773041,106.853180,41.477230,82.832497,137.040726,182.671112,173.681335,170.208771,114.982246,24.270000,286.630005,509.175659
2022-08-12,169.103226,283.044281,121.651253,143.550003,18.678947,179.094559,111.917160,321.867950,32.953480,148.133820,507.570648,41.079578,56.984421,134.061798,108.698067,42.244038,83.552483,137.238190,185.345306,175.746140,171.869675,118.772964,24.930000,300.029999,513.968811
2022-08-15,170.174255,284.556946,121.879372,143.179993,19.001429,179.481537,112.219536,323.714569,32.908089,148.841782,508.448059,40.784454,57.700069,135.789352,108.932167,42.365448,82.059212,134.628235,184.507263,176.953522,172.700165,121.401085,24.910999,309.320007,522.139404
2022-08-16,170.016998,283.819977,121.512398,144.779999,18.848677,178.072586,113.291710,322.914093,33.262135,150.168106,509.829803,40.874634,58.174213,137.041595,110.561668,44.528442,81.294792,134.284821,185.985611,178.195923,173.094437,122.084976,24.569000,306.563324,529.094849
2022-08-17,171.510590,283.071869,119.340233,142.100006,18.305550,173.488556,112.338669,321.795135,33.053337,150.177048,508.784210,40.390961,58.040012,136.410934,109.606445,44.576366,81.952545,135.392319,184.488419,177.417252,171.945190,119.984436,24.115000,303.996674,532.252197
2022-08-18,171.117538,281.954407,119.875824,142.300003,18.742844,173.300034,111.468102,322.504761,32.935322,149.451157,508.989502,39.825298,58.344170,136.895340,108.641876,44.432587,83.890251,137.766113,185.825516,178.239670,174.520432,119.847664,24.517000,302.869995,536.691345
2022-08-19,168.533340,278.048157,117.158150,138.229996,17.820330,166.652191,108.709816,317.728821,32.209076,151.727402,511.883606,40.292583,58.299435,136.858765,105.972893,43.777626,83.623581,136.613876,184.177704,176.349808,174.839157,117.375870,24.115999,296.666656,530.539734
2022-08-22,164.652115,269.886078,114.132973,133.220001,17.006638,161.780426,106.913719,311.497406,31.519148,151.195114,508.382782,40.087639,57.431702,136.493164,103.331978,42.994850,83.561378,135.929443,180.561935,173.095078,173.136368,113.272499,22.653999,289.913330,521.871582
2022-08-23,164.318054,268.613098,113.835403,133.619995,17.153402,159.855560,105.859879,309.459656,31.237720,149.877930,500.195557,39.358025,57.494324,133.860764,103.650391,42.812733,87.107903,140.339157,185.693695,172.841385,172.188461,112.217346,22.455000,296.453339,518.618652
2022-08-24,164.612793,267.981567,113.765984,133.800003,17.194336,161.988800,106.116486,311.060791,31.337580,149.381744,500.811707,38.882542,57.574837,133.284912,104.334038,43.122650,87.623436,141.378784,182.821823,173.051376,170.317841,113.731689,22.961000,297.096680,519.718872
2022-08-25,167.069290,270.954895,116.741554,137.279999,17.884226,167.465820,108.636528,315.199799,31.900427,150.780106,505.582184,39.267853,57.852146,133.175232,106.029083,43.410187,88.076752,142.617630,187.266159,175.361176,171.961975,114.757523,23.398001,296.070007,526.942200
2022-08-26,160.770874,260.499542,110.393677,130.750000,16.233879,160.520294,105.080971,306.021057,30.892750,148.199890,494.080750,38.382465,56.456623,130.058365,101.402824,42.045940,86.992363,141.569366,180.712616,168.912964,166.870224,111.445534,22.327999,288.089996,508.811951
2022-08-29,158.569885,257.720490,109.441498,129.789993,15.775617,157.930603,104.824371,303.765015,30.774742,147.054123,494.566315,37.898800,56.116676,129.509933,101.028221,42.454895,88.992287,142.626328,180.580750,168.352997,165.477737,110.917946,22.457001,284.820007,508.084991
2022-08-30,156.142914,255.524506,109.014992,128.729996,15.443154,155.936295,104.842712,303.501190,30.947220,146.539886,488.096802,37.587280,55.597820,128.129715,101.009483,42.327099,85.605743,139.152252,176.023438,166.848129,163.615540,109.843262,22.065001,277.700012,501.464325
2022-08-31,154.482315,254.067001,108.261185,126.769997,15.069752,161.661377,104.219582,304.912720,30.511475,145.556534,484.820068,37.079014,55.204212,126.082336,99.689049,42.349468,84.965752,136.934433,173.923630,165.666992,163.162552,109.501312,22.356001,275.609985,499.512665
2022-09-01,155.209457,253.027283,109.649773,127.820000,13.914611,164.072464,104.934349,305.673431,30.584581,149.165222,489.179718,38.226715,55.463638,127.636131,99.726509,42.966095,83.436935,134.751205,171.786224,166.874390,164.924103,109.940948,23.004000,277.160004,506.276672
2022-09-02,153.096878,248.810150,107.795013,127.510002,13.625080,159.071716,104.201241,303.821991,30.548021,146.819580,482.037964,37.464306,54.703251,125.369339,99.308563,42.493233,84.965752,136.752487,170.270218,163.514648,164.454346,108.641556,22.611000,270.209991,496.651947
2022-09-06,151.839188,246.079681,106.604774,126.110001,13.443369,157.305542,104.228729,299.248352,30.209919,147.216507,483.279663,37.513493,54.730087,123.970856,98.754448,42.282375,84.396881,136.120056,170.110168,162.386017,164.378860,107.557083,21.839001,274.420013,496.451050
2022-09-07,153.244278,250.782669,109.580353,129.479996,13.696039,159.141144,106.208115,302.978790,30.675957,148.019455,487.013885,37.816818,55.740955,125.844627,101.881920,43.368664,83.676918,134.378693,170.298477,165.439514,164.655701,110.097275,22.896000,283.700012,506.726379
2022-09-08,151.770401,251.200500,108.528992,129.820007,13.971678,160.798126,108.682335,307.396606,31.662849,149.210342,492.456512,38.595623,55.570988,126.009178,102.116722,43.589111,84.361336,135.106415,172.454758,164.328369,164.521454,109.745560,22.743999,289.260010,506.228943
2022-09-09,154.629700,256.972351,110.869774,133.270004,14.368159,167.832901,109.204666,311.722778,31.927853,149.499023,491.033051,39.218662,55.749905,127.928658,104.220467,43.720100,85.774620,138.589127,178.424500,167.714325,166.668900,112.529991,23.357000,299.679993,513.366150
2022-09-12,160.584213,259.100342,110.959038,136.449997,14.486004,167.644424,110.496750,313.995789,32.229401,149.435852,497.504089,39.153076,55.910934,128.970642,105.544701,44.113094,86.761253,140.781006,181.164566,168.011795,167.910370,113.712143,23.653000,304.420013,516.178955
2022-09-13,151.161194,244.855377,104.452469,126.820000,13.113805,151.937683,106.657150,300.989899,31.068884,145.547516,481.312378,37.866001,54.094936,126.301643,99.289787,43.202526,84.734665,138.103989,173.547028,161.843567,161.652649,109.188667,21.813000,292.130005,488.223022
2022-09-14,152.605576,245.078857,105.007889,128.550003,13.110806,150.290604,106.409729,299.954132,30.950090,148.551773,477.388458,37.833214,54.381207,126.603279,100.491936,43.106678,86.814590,141.448090,173.867126,157.460190,160.184692,109.911644,22.412001,302.609985,486.022614
2022-09-15,149.716766,238.432541,103.053940,126.279999,12.912067,148.385544,108.013382,303.950256,31.534922,148.930634,489.693848,37.661064,53.642307,125.625282,99.083176,42.643402,84.290237,139.152252,171.833282,154.739197,155.185211,108.221443,23.538000,303.750000,481.717255
2022-09-16,148.075867,237.810669,102.786125,123.529999,13.180716,145.150925,107.289444,298.991699,31.178537,151.204102,487.923889,37.734840,53.651318,126.393059,97.787117,42.553944,82.850288,135.539597,168.989670,155.167892,148.231232,105.759422,24.013000,303.350006,482.329559
2022-09-19,151.790024,237.596878,103.004341,124.660004,13.364472,146.867462,108.279137,301.237305,31.699402,150.013245,490.293152,37.251167,54.056801,126.127991,100.689163,42.918171,82.841400,135.929443,171.475494,156.287811,151.016174,106.658257,24.363001,309.070007,484.654480
2022-09-20,154.167923,235.585510,101.000801,122.190002,13.158744,144.952484,106.143974,296.287781,31.224236,148.831436,489.590790,36.701916,53.975712,125.680122,96.190514,42.668964,82.165863,135.392334,167.596069,154.870438,147.367233,105.095070,24.285000,308.730011,477.909393
2022-09-21,151.043289,232.184555,99.195610,118.540001,13.243634,141.013397,103.083267,293.950592,30.292164,147.306763,479.551788,36.005089,53.525162,124.062256,93.720467,43.058746,80.841461,134.292068,161.908752,152.499359,145.815353,102.085938,23.687000,300.799988,471.738525
2022-09-22,150.080338,234.157089,99.751053,117.309998,12.544550,141.707947,101.910301,286.810638,29.698202,149.923035,484.590027,36.537952,53.399010,124.500999,92.555885,42.617840,80.503708,134.188110,160.590561,151.580673,140.807480,99.809555,23.705000,288.589996,466.093750
2022-09-23,147.810547,231.183762,98.362450,113.779999,12.499607,139.316696,100.013390,276.774261,28.994581,150.410233,480.984558,36.136257,52.804287,123.925148,91.118958,41.553902,76.219414,125.420685,154.648972,149.944595,137.846390,97.210754,22.641001,275.329987,446.222260
2022-09-26,148.144653,230.727051,98.005371,115.150002,12.211987,135.308167,97.859917,270.037537,28.354927,149.490021,476.068085,35.931305,52.146488,124.043999,90.217354,41.953285,74.646141,122.119926,153.123627,148.798447,135.682175,95.862495,22.407000,276.010010,459.520935
2022-09-27,149.117371,229.716507,97.291229,114.410004,12.396744,133.353516,96.998520,267.067871,27.934584,148.804352,476.077393,36.144459,50.803856,120.634621,90.433357,41.838261,76.210526,122.171906,152.954102,148.798447,138.215469,93.644730,22.436001,282.940002,457.607483
2022-09-28,147.230865,234.244537,99.919655,118.010002,12.719319,140.507355,98.959572,275.692749,28.391481,150.085434,481.293610,36.423180,51.344505,120.634621,92.696777,42.528381,78.983772,126.295708,157.963470,152.088165,140.186752,97.113045,24.520000,287.809998,467.165283
2022-09-29,139.998978,230.775620,97.291229,114.800003,12.203996,135.347870,97.282608,271.403168,28.016827,148.434479,476.508148,36.201843,50.975052,117.636597,89.531754,42.253616,78.823761,125.420685,156.212051,148.798447,138.676865,95.207916,23.971001,268.209991,458.258057
2022-09-30,135.793503,226.305893,95.367035,113.000000,12.123101,134.623535,95.761406,268.598450,27.596483,147.378891,472.958954,35.873924,50.479450,115.397194,78.064392,41.438896,77.606018,124.467743,154.498352,146.086197,135.506027,92.159691,23.544001,265.250000,451.838318
2022-10-03,139.969513,233.923904,98.491394,115.879997,12.495615,137.530731,98.721306,274.189514,28.409754,147.234558,482.763916,36.185448,51.047146,117.462921,80.205719,42.343071,81.703659,131.450439,161.230835,151.396957,136.806244,94.895271,23.903999,242.399994,457.062195
2022-10-04,143.555954,241.833450,101.576073,121.089996,13.149755,139.187714,103.339844,288.597900,29.588545,149.417816,489.937286,36.447769,51.164284,118.916229,83.248665,42.892612,84.681343,136.561874,169.140289,155.902802,141.671494,99.106110,24.073999,249.440002,465.098785
2022-10-05,143.850739,242.144348,101.387619,120.949997,13.191700,137.897827,102.063927,283.217621,29.168203,148.957718,493.589600,36.169052,50.677692,118.093605,85.559013,42.467686,88.103439,137.341599,167.963287,155.570374,140.866196,98.480827,23.673000,240.809998,459.540070
2022-10-06,142.897644,239.802582,101.407448,120.300003,13.112805,137.987167,99.983643,279.248993,28.747856,146.070770,486.153931,35.324661,49.587368,115.607437,84.685570,42.071495,90.716644,139.845352,168.368179,153.146820,138.911728,97.738327,24.002001,238.130005,461.616211
2022-10-07,137.650604,227.607941,98.759201,114.559998,12.060184,132.410889,97.986572,275.958435,28.099066,144.528061,472.781067,34.693432,49.118790,113.587387,81.858665,41.074665,89.801132,138.641113,167.181732,149.970856,133.492783,94.924591,22.475000,223.070007,447.896606
2022-10-10,137.974884,222.759216,97.906197,113.669998,11.654716,132.748245,97.071220,275.463593,28.016827,144.717514,467.171509,34.226147,49.010670,113.121239,81.417259,41.317482,87.854546,136.137390,168.236374,150.390793,133.996109,92.970604,22.997999,222.960007,446.136169
2022-10-11,136.559921,219.027954,97.251579,112.209999,11.570828,127.539108,94.269760,269.661682,27.203552,146.810562,468.061188,34.365509,49.091759,113.550835,82.638191,42.387806,87.107903,136.163376,169.253296,151.904465,133.719330,90.957993,21.429001,216.500000,451.599182
2022-10-12,135.931091,219.358337,97.499550,112.900002,11.484940,126.507248,95.795319,270.669891,27.285797,146.774475,468.201660,34.455692,49.686485,113.733643,83.126564,41.908554,87.490112,136.570572,169.017883,151.178238,133.778030,91.260857,22.087000,217.240005,446.203186
2022-10-13,140.500122,227.607941,98.898048,112.529999,11.944338,129.275497,101.120880,281.448730,28.958031,148.993805,477.519592,35.234486,50.344284,115.452034,84.112701,42.263206,90.547791,143.189407,172.445297,155.342850,137.284363,94.416542,23.250999,221.720001,447.743530
2022-10-14,135.970428,222.088730,96.388657,106.900002,11.212297,125.773010,102.803612,274.959473,28.967167,148.371292,480.535065,35.136124,49.542316,114.327766,82.224953,41.672119,88.165634,138.736435,167.784363,152.376892,135.623459,92.276924,23.000000,204.990005,434.980621
2022-10-17,139.930237,230.804779,99.959351,113.790001,11.872431,132.996277,107.121376,281.118683,30.721645,150.292938,488.729248,35.783752,50.182091,116.393494,84.497757,41.972454,89.436714,139.750046,170.241974,154.896652,138.173538,95.090675,24.510000,219.350006,444.088776
2022-10-18,141.246872,231.747330,100.564362,116.360001,11.951329,131.765961,109.876595,287.662964,31.873037,149.769684,489.038330,36.144459,50.857922,117.334953,84.225395,42.857468,89.596695,140.971588,172.831375,157.381470,140.077698,96.214218,24.086000,220.190002,452.795105
2022-10-19,141.354980,229.784500,99.473328,115.070000,12.035217,132.192627,107.722351,285.747345,30.995777,148.578796,487.268372,35.341057,50.425392,118.422661,83.182922,42.736061,92.254395,145.545868,173.641144,156.856506,139.071091,96.712479,27.238001,222.039993,451.034668
2022-10-20,140.893143,229.463852,99.711380,115.250000,12.178031,130.505875,107.371002,284.876648,30.794746,148.957718,487.792786,35.177097,49.632420,116.897339,81.548752,42.841492,92.378815,146.377579,169.997162,155.421646,135.036285,96.321678,26.816000,207.279999,444.519348
2022-10-21,144.705597,235.264847,100.653648,119.320000,12.449673,128.997681,113.010910,297.974335,31.936983,152.205551,499.826508,36.849472,50.425392,118.360985,83.117157,43.707321,94.094307,150.042236,180.310349,159.945007,138.869766,99.692314,28.957001,214.440002,457.492676
2022-10-24,146.847656,240.249557,102.131516,119.820000,12.582500,128.709946,113.149597,301.273956,32.046635,154.253464,507.196686,37.333149,51.876148,119.088196,82.656952,44.541218,94.752075,149.990219,181.334091,163.523438,140.547440,99.379677,28.245001,211.250000,475.469757
2022-10-25,149.687317,243.563065,104.075546,120.599998,13.243634,136.439270,113.445473,304.665222,32.339054,154.009903,505.904175,37.374134,53.119663,120.459793,86.141319,44.752083,94.112099,151.549652,184.689682,165.929459,140.086075,101.958923,29.101999,222.419998,477.469391
2022-10-26,146.749374,224.770599,94.047867,115.660004,12.879110,128.809204,114.749123,307.680756,32.622334,155.363144,508.666779,37.759434,53.516151,121.306656,86.770561,45.093948,95.232048,153.420959,186.699249,166.471909,141.755417,102.222717,29.862000,224.639999,477.842468
2022-10-27,142.278595,220.329971,91.845940,110.959999,13.158744,97.177406,115.202164,309.046387,32.777679,155.453339,507.383972,37.497101,53.642307,121.398735,85.033081,44.962955,95.596481,154.122681,201.088440,171.913940,139.658295,102.037086,29.694000,225.089996,475.915955
2022-10-28,153.028091,229.191818,95.793549,103.410004,13.815882,98.427589,116.570526,313.299255,33.060959,157.762939,516.224121,38.882542,54.750648,124.473267,88.122955,45.531666,98.396362,155.924713,207.913345,179.298325,140.228699,103.512337,29.572001,228.520004,489.650787
2022-10-31,150.669891,225.557693,93.889175,102.440002,13.479322,92.434616,116.385597,315.764801,32.933025,156.950958,519.885864,38.161133,53.930656,123.966965,87.042908,45.474148,98.494148,156.721725,205.183365,178.502151,140.732040,104.088776,29.188000,227.539993,480.669952
2022-11-01,148.026749,221.709808,89.763054,96.790001,13.525262,94.458733,118.484398,319.495209,33.079220,156.157059,512.543884,39.358025,53.741425,124.160278,88.066628,45.269672,99.471901,157.865326,207.117096,177.697220,140.421631,103.561188,28.674999,227.820007,479.193909
2022-11-02,142.504608,213.868317,86.360970,92.120003,13.201688,89.835022,117.393440,320.604248,32.978706,153.757248,508.910400,38.587421,52.993519,122.374458,84.807678,44.969345,97.427505,154.642471,203.363388,175.396149,138.056076,99.477371,27.299999,214.979996,463.427155
2022-11-03,136.461716,208.183899,82.810135,89.300003,13.403423,88.217720,117.606056,319.761017,32.795948,154.018906,509.078949,38.504742,52.966476,121.536781,84.901604,44.959755,98.751915,156.920990,207.837524,178.825867,137.577957,96.966492,26.906000,215.309998,466.091705
2022-11-04,136.195969,215.121765,85.993988,90.980003,14.137462,90.083084,120.823578,328.046692,33.618359,154.704559,503.984406,39.042175,53.399010,123.755249,89.963760,45.039642,99.827431,158.904938,215.979996,181.853104,138.987228,97.288910,26.079000,207.470001,466.206696
2022-11-07,136.727432,221.418259,87.928116,90.529999,14.282271,95.966904,121.461540,332.308746,33.819393,156.057816,510.399384,38.934681,53.606258,125.651512,87.756691,45.512497,101.009605,160.802200,216.700409,183.532944,141.872864,98.119347,25.860001,197.080002,468.257782
2022-11-08,137.298279,222.389938,88.186005,89.980003,14.582876,95.718849,121.535500,333.646881,33.910782,156.833725,517.919434,39.149654,53.705376,125.936905,88.047844,45.621120,101.329605,160.568298,217.837875,184.924072,141.587616,97.601540,26.346001,191.300003,472.292969
2022-11-09,132.741364,218.153397,86.688293,86.139999,13.757958,100.679916,119.954483,331.795441,33.371639,155.579681,506.316345,38.628761,52.957478,125.633125,86.498207,44.560387,96.796440,154.148712,213.790314,183.429398,137.577957,84.754089,25.466000,177.589996,469.618866
2022-11-10,144.551987,236.100479,93.403175,96.629997,15.729373,110.998940,124.891754,346.744598,34.842846,157.402069,509.603363,39.174458,54.858788,129.959564,93.438721,45.483746,98.218613,157.068268,220.340363,188.854141,145.900879,88.378731,27.497000,190.720001,491.816864
2022-11-11,147.337265,240.113541,95.942322,100.790001,16.305616,112.139992,125.095131,353.032227,35.098705,152.692703,488.916565,39.356354,55.255264,129.766281,99.637276,45.554024,101.285172,161.538589,224.169891,187.034180,150.870941,92.824051,29.013000,195.970001,494.059723
2022-11-14,145.939697,234.710968,95.248024,98.489998,16.273663,113.330650,123.809959,350.456604,34.504734,155.092499,481.115692,40.712334,54.723618,129.775467,98.040695,44.215332,101.580849,161.616577,224.179398,187.271591,150.532272,92.110840,29.927000,190.949997,488.510193
2022-11-15,147.671936,235.119064,97.916130,98.940002,16.644173,116.168381,122.913124,350.933289,34.449913,155.525543,471.057922,40.158367,54.633514,129.324417,100.219559,47.106785,102.261803,162.916092,222.368866,189.408066,153.648071,93.312546,31.020000,194.419998,504.602753
2022-11-16,146.441650,235.547821,98.183914,97.120003,15.889164,112.348351,123.079552,350.429138,34.139225,156.490891,479.027374,39.728424,54.534389,130.475067,98.829597,47.445461,101.168678,160.265045,220.311905,188.150757,149.914185,91.788422,30.601999,186.919998,502.340851
2022-11-17,148.341187,235.499084,97.697906,94.849998,15.656469,110.582199,122.543282,348.091888,33.965607,157.753906,482.576569,39.959930,54.705601,129.674225,98.951675,47.285702,101.303078,160.719055,218.435074,188.599213,149.067490,89.345947,29.528000,183.169998,499.666687
2022-11-18,148.902176,235.050842,97.003616,94.139999,15.388822,111.177536,123.745224,347.560333,33.983879,158.962784,496.333374,39.877251,55.093075,131.239136,99.008026,47.998192,100.424995,159.758713,219.373474,188.616776,151.531357,89.687912,28.798000,180.190002,501.919128
2022-11-21,145.673965,235.859634,95.049644,92.459999,15.296941,109.004593,123.014816,348.486053,34.093540,159.780029,484.337158,39.835915,55.940102,132.905258,97.514755,48.292126,99.430428,158.230896,220.074936,190.401550,152.919922,95.334923,28.504999,167.869995,501.631561
2022-11-22,147.809692,238.763382,96.537437,93.199997,16.016994,110.572289,124.854744,351.840668,34.258007,160.551804,489.862457,40.580048,56.183395,134.046722,99.524590,48.464657,102.306602,162.290543,224.899765,192.335831,154.723358,93.996437,28.669001,169.910004,509.855377
2022-11-23,148.685684,241.248230,98.015305,94.129997,16.497366,111.366058,126.186134,354.022095,34.367676,160.724304,496.061859,40.389870,56.435707,134.810760,100.163216,48.697891,101.795883,160.850021,224.577499,192.467697,154.808029,96.605011,29.150000,183.199997,512.289673
2022-11-25,145.772385,241.160492,96.805222,93.410004,16.248692,110.542526,126.426514,356.414276,34.449913,160.933167,503.469482,40.687531,56.489773,135.059296,99.515190,48.905560,101.437485,160.378555,223.421051,193.469971,154.537109,96.595230,28.554001,182.860001,511.494080
2022-11-28,141.943802,235.577042,95.466217,93.949997,15.806272,107.933006,124.216805,350.456604,33.682323,161.014877,498.459290,40.985184,56.498787,134.948822,98.576019,49.046146,98.391037,155.716492,220.198166,189.706985,152.327240,93.488411,28.117001,182.919998,508.867950
2022-11-29,138.941925,234.183624,94.662819,92.419998,15.618519,108.607704,126.260078,351.693970,33.810265,159.888947,494.460449,40.919041,56.300537,133.917847,99.787552,48.873608,99.045143,158.047516,222.871262,190.542252,156.543747,92.511406,28.096001,180.830002,506.989380
2022-11-30,145.693665,248.614853,100.623878,96.540001,16.905163,117.180428,127.757889,356.251556,34.586979,161.623260,512.965454,41.448200,57.725292,137.305389,103.018326,48.697891,99.761948,160.038101,224.094070,193.030396,160.641693,95.618248,30.552999,194.699997,516.851990
2022-12-01,145.969238,248.176361,100.455254,95.500000,17.116934,119.502205,125.964203,354.092682,33.594318,162.295151,502.804474,42.233677,57.888649,137.388214,104.351959,49.001408,99.278099,159.322159,223.411545,191.131302,161.031189,96.321678,31.695000,194.699997,482.931915
2022-12-02,145.477112,248.497940,100.008934,94.129997,16.858213,122.528450,124.965683,351.112793,33.162327,162.422287,503.649933,42.093113,58.396839,138.640137,105.699097,48.953487,98.435844,158.047516,223.828644,192.617172,160.353821,97.142357,32.041000,194.860001,473.989441
2022-12-05,144.315750,243.801178,99.056747,91.010002,16.592491,121.476715,121.461540,342.772736,31.682518,162.331482,502.597870,41.944290,57.598240,137.240952,103.268593,48.451870,95.738838,154.145035,220.454147,189.557510,153.385590,93.722885,31.259001,182.449997,468.363281
2022-12-06,140.654449,238.851089,96.517593,88.250000,15.970148,113.231422,121.664940,334.810974,30.331400,159.898041,506.618225,41.100929,57.571022,137.415878,101.676506,47.889557,93.077698,150.172653,216.397064,187.438629,148.254684,90.166634,30.556000,179.820007,461.174744
2022-12-07,138.715546,238.120300,94.375175,88.459999,16.103010,113.042892,121.581741,332.052399,30.092422,160.869583,509.990692,41.539154,57.661766,138.299545,102.053329,47.640354,92.871628,150.617920,217.051117,187.667206,147.890594,90.029854,30.841999,174.039993,461.951080
2022-12-08,140.398560,241.072769,93.184952,90.349998,17.150902,114.432007,122.857666,330.354919,29.816677,160.896851,514.696960,42.812447,57.906792,139.293732,104.907776,47.714111,93.561531,151.508423,218.890076,187.579285,152.090164,90.420647,31.025999,173.440002,461.424011
2022-12-09,139.916336,239.143448,92.312126,89.089996,16.983076,114.997566,122.191956,331.332825,29.761530,159.571167,506.505585,42.762829,57.298779,138.925491,103.080162,46.601280,92.773056,146.671753,215.449158,186.067078,150.405273,91.231552,32.000999,179.050003,462.957520
2022-12-12,142.209534,246.052124,92.798134,90.550003,17.516516,113.816826,124.087357,335.060028,30.083233,161.477951,512.761841,43.126629,58.051994,140.352325,105.576637,47.470379,95.057861,148.199570,220.918549,188.590408,154.545547,92.482101,31.518000,167.820007,467.423981
2022-12-13,143.174042,250.349365,95.069489,92.489998,18.052952,119.214470,123.967155,340.143433,30.101612,162.721909,505.584961,43.879036,58.070141,140.140579,106.311447,47.300404,96.097237,151.499725,223.222000,188.994812,155.663193,92.521172,32.034000,160.949997,467.922394
2022-12-14,140.949738,250.641678,94.533882,91.580002,17.655371,120.643250,123.347694,332.476837,29.669617,163.221313,505.716553,45.044838,58.070141,140.692917,104.992554,47.037426,95.389404,150.452042,222.264587,188.783813,156.052643,91.983833,31.783001,156.800003,463.436768
2022-12-15,134.345627,242.641617,90.457344,88.449997,16.934128,115.245621,120.287346,322.743652,29.200859,161.160156,495.684113,44.325512,57.271553,139.100403,102.222900,46.617313,94.475479,149.325790,218.643616,183.728378,153.427933,88.408043,29.041000,157.669998,444.641235
2022-12-16,132.387054,238.432159,90.120125,87.860001,16.553534,118.500061,119.538422,319.533112,29.136520,159.507599,491.945465,42.498249,56.944855,138.483627,99.811218,45.780281,93.812424,147.300339,220.596283,184.405350,150.879410,88.007477,29.070999,150.229996,442.283447
2022-12-19,130.280777,234.300568,88.424049,84.919998,16.236864,113.588631,120.250351,317.927826,29.467411,159.335083,491.851501,42.465183,57.026531,138.446808,97.079269,45.796307,94.233543,148.313080,220.188660,184.115204,151.074127,83.806412,28.830000,149.869995,439.580566
2022-12-20,130.211914,235.616013,88.900146,85.190002,16.068045,116.178284,120.832825,317.817047,29.586895,159.507599,488.667053,42.432106,56.981152,138.502060,97.229988,46.197189,95.595490,150.748871,222.890198,185.943954,147.010056,85.017883,28.819000,137.800003,438.804230
2022-12-21,133.312210,238.178757,89.515091,86.769997,16.483603,118.827492,122.191956,323.048096,30.037270,161.332657,495.552734,42.713226,57.897717,139.772385,109.071678,46.559582,96.823006,152.521133,229.136902,189.117950,149.592392,84.920174,29.796000,137.570007,442.868073
2022-12-22,130.143005,232.098328,87.541298,83.790001,15.322827,116.208061,120.805092,318.822723,29.770721,160.742477,495.129944,42.696686,57.480278,140.094543,109.947792,46.014389,94.869720,150.233749,225.165192,186.664932,148.686478,84.675926,29.775000,125.349998,439.657166
2022-12-23,129.778870,232.624542,89.078667,85.250000,15.189969,117.120895,121.378326,318.758179,29.844254,161.151062,499.093994,42.853783,57.915863,140.490356,109.514458,46.107395,97.378540,154.878372,227.373810,188.036499,149.871841,85.985107,29.496000,123.150002,443.433594
2022-12-27,127.977737,230.899811,87.213982,83.040001,14.106115,115.969925,121.803642,315.492310,29.899397,161.105652,499.732758,42.275005,58.269787,141.714691,110.748550,46.120228,98.731544,156.825272,230.473465,188.933273,149.804092,84.382843,28.417000,109.099998,439.455994
2022-12-28,124.050713,228.531952,85.755943,81.820000,14.021204,114.719742,122.469330,314.477448,30.119993,160.406525,496.407471,42.002159,57.689007,139.882874,108.318024,45.312061,97.109756,154.511688,226.909363,186.559387,146.993103,82.233444,27.688000,112.709999,434.174805
2022-12-29,127.564377,234.846222,88.225662,84.180000,14.587606,119.323601,123.172012,316.839172,30.460077,161.223724,497.750763,42.440380,58.033840,140.462799,110.550713,45.587849,97.844467,155.681595,227.686584,188.810211,148.805038,85.174194,29.112000,121.820000,437.567780
2022-12-30,127.879303,233.686676,88.007469,84.000000,14.598595,119.402977,123.985641,316.793121,30.441683,160.397430,498.032593,42.365967,57.725292,139.514664,110.230408,45.472404,98.830086,156.703049,227.079941,188.414536,147.187851,84.881096,29.488001,123.180000,437.539062
2023-01-03,123.096031,233.452805,88.969566,85.820000,14.299909,123.768730,124.928726,319.413177,30.800152,161.795776,487.192352,42.382496,57.126354,139.523849,111.869583,46.052876,95.434219,151.901276,226.435364,188.414536,148.407059,86.923012,29.495001,108.099998,434.452759
2023-01-04,124.365662,223.240814,87.987625,85.139999,14.733451,126.378258,126.093666,320.778625,31.379208,163.557297,473.909637,41.448200,57.099129,140.131393,114.187057,46.104187,95.711967,150.286163,228.786209,184.669113,149.956512,89.863762,30.941000,113.639999,437.596619
2023-01-05,123.046822,216.624451,86.063416,83.120003,14.249964,125.951607,126.065735,317.143646,31.314869,162.349625,460.251312,41.059593,56.445744,138.391556,113.631241,45.947041,97.853439,152.992599,227.762451,179.771912,147.187851,89.805138,30.969999,110.339996,431.491089
2023-01-06,127.574226,219.177444,87.442116,86.080002,14.843336,129.007614,128.478088,321.129150,31.627371,163.666214,460.288879,42.101379,57.534725,141.687057,117.314697,47.072704,99.036163,154.145035,235.895447,184.871323,151.514435,91.759117,31.555000,113.059998,462.813751
2023-01-09,128.095856,221.311447,88.076904,87.360001,15.611526,128.461899,127.947159,325.668304,31.149420,159.425919,460.345245,40.009541,56.817806,139.956467,117.616150,46.485825,97.190384,152.940201,233.772141,185.223038,153.834335,92.589561,31.517000,119.769997,458.864868
2023-01-10,128.666672,222.997208,88.513313,89.870003,15.892230,131.954498,129.092789,329.690643,31.360819,159.044525,456.531433,39.372890,56.382221,139.818390,118.548790,46.456951,98.641930,153.691025,237.459534,185.812088,151.361984,93.361382,32.754002,118.849998,461.404846
2023-01-11,131.383133,229.740280,91.508720,95.089996,15.984132,131.855270,130.052124,336.259399,31.599796,158.790283,463.482666,39.232342,56.273312,138.686142,120.527130,46.864243,99.788834,152.957657,237.668060,186.656128,154.291550,94.113678,32.726002,123.220001,464.193970
2023-01-12,131.304398,232.410156,91.161568,95.269997,16.493595,135.645554,129.921753,341.296600,31.682518,157.991257,465.615112,39.447308,55.547325,137.903717,120.480019,46.440918,101.446449,154.599014,241.781967,189.891602,154.901138,97.513611,33.013000,123.559998,462.392059
2023-01-13,132.633102,233.111771,92.044327,98.120003,16.881189,135.913406,133.200287,345.042297,32.381062,157.473679,459.884979,39.563061,55.746975,138.888672,121.384399,46.594860,101.383720,155.018036,244.995316,190.445541,154.223816,97.113045,33.282001,122.400002,465.094940
2023-01-17,133.794464,234.203094,91.409538,96.050003,17.683342,134.306046,131.141876,322.826752,31.728472,156.502151,455.667206,38.099602,55.973843,138.483627,120.715538,46.312641,101.186584,157.576096,242.909973,186.603378,151.556747,97.611320,32.622002,131.490005,466.551758
2023-01-18,133.075974,229.779236,91.032623,95.459999,17.358685,131.984238,127.202042,322.060944,30.993166,154.141342,447.363190,37.206638,54.276844,134.773972,119.104607,45.167736,99.107841,154.729950,239.649170,179.569717,149.626312,96.761330,32.632999,128.779999,459.554993
2023-01-19,133.135056,225.998444,93.145287,93.680000,16.747328,135.089890,125.506882,323.592468,30.542793,153.932526,454.990845,37.173569,54.195168,131.923691,117.314697,44.523125,99.744011,156.275253,234.058456,176.422134,149.143692,96.800415,31.577999,127.169998,449.989502
2023-01-20,135.694000,234.076462,98.471550,97.250000,17.820196,138.284821,125.814240,315.372345,31.112656,153.215195,457.207764,37.297592,54.521866,132.433182,119.283600,45.071533,101.562912,157.934052,237.830048,177.626678,150.820145,101.099174,34.250000,133.419998,460.168335
2023-01-23,138.882858,236.376083,100.385834,97.519997,19.172766,142.154434,127.854042,322.107117,31.544655,152.824753,456.352936,37.190102,54.657990,130.654663,120.856834,45.744995,101.034271,157.724503,240.677780,179.763138,152.809845,103.258339,35.742001,143.750000,472.149170
2023-01-24,140.280457,235.849899,98.402122,96.320000,19.244694,142.025436,128.953049,321.359741,31.774433,152.824753,461.791870,36.966869,54.948380,131.367935,119.481453,45.866871,101.975075,157.872925,245.354187,181.934769,152.394958,103.561188,36.382999,143.889999,471.669922
2023-01-25,139.621017,234.456451,95.942322,97.180000,19.302631,140.398209,129.577118,322.559174,32.050167,153.914352,462.637299,37.264515,55.293232,131.275284,119.472023,45.648788,101.437485,156.345108,246.144684,181.706192,150.252853,105.632416,36.796001,144.429993,470.491089
2023-01-26,141.687897,241.657440,98.352531,99.220001,19.781128,146.153076,130.378113,327.485687,32.482166,153.351395,462.618500,36.922413,55.184319,130.747299,120.140877,45.607098,105.514336,163.949341,249.649582,184.062454,152.149414,107.176064,36.487000,160.270004,477.602844
2023-01-27,143.626785,241.813385,99.889915,102.239998,20.343534,150.558487,130.694809,326.314056,32.583275,152.752121,456.578339,36.538586,54.893932,130.210068,120.140877,45.956657,103.587898,156.668137,251.954498,182.989822,154.173019,107.019745,36.077000,177.899994,482.385620
2023-01-30,140.743027,236.502731,97.152374,100.550003,19.141802,145.914932,129.586426,329.782898,32.445400,147.095306,456.334167,36.338326,55.030056,130.617599,119.048103,45.587849,101.751076,152.084625,249.059097,180.923691,149.837952,105.114601,35.311001,166.660004,482.375977
2023-01-31,142.012680,241.472321,99.056747,103.129997,19.516407,147.810074,130.359497,337.486389,32.610840,148.384674,468.921661,36.847321,55.647148,131.886658,119.952461,46.139462,103.946304,151.927490,240.287277,183.297562,156.831589,105.993904,35.386002,173.220001,489.909576
2023-02-01,143.134659,246.285980,100.604050,105.150002,20.920923,151.927750,130.014908,337.394135,33.015263,149.746643,466.864471,36.688778,55.656223,132.636948,121.996750,46.396019,102.808372,149.605194,237.668106,181.750153,156.619934,106.873199,36.199001,181.410004,496.398407
2023-02-02,148.439606,257.832886,107.914047,112.910004,21.686115,187.300171,129.409470,340.863007,33.208290,150.309601,442.281250,36.997513,54.703365,131.692123,121.582222,46.059288,99.591698,147.553513,233.248840,182.330414,161.962524,110.605309,36.688999,188.270004,502.562408
2023-02-03,152.061523,251.742752,104.363182,103.389999,21.077757,185.077591,131.411972,341.305847,33.484020,149.465195,443.399048,36.763878,54.294991,132.099686,120.216248,45.446747,100.281616,147.937653,235.972763,178.206924,162.275803,108.162827,36.590000,189.979996,494.276489
2023-02-06,149.335236,250.203186,102.627434,102.180000,21.066771,184.611252,132.185043,342.090027,33.428875,148.330170,446.423828,36.513550,54.603535,130.978867,118.445160,45.116421,100.111382,148.103546,239.458664,179.393845,159.820389,107.342163,36.147999,194.759995,495.035004
2023-02-07,152.209137,260.717224,107.160225,102.110001,22.149628,190.127975,133.796387,345.411285,33.796520,148.366516,447.964386,36.371704,54.512791,129.700592,118.068344,45.212627,102.969666,151.988602,237.782425,180.651108,159.422455,109.061653,36.294998,196.809998,495.937592
2023-02-08,149.522247,259.908417,99.185692,100.050003,22.181593,182.001755,132.855652,346.057068,33.548363,148.557175,453.919952,36.697117,54.195168,128.357468,115.788559,44.968906,102.073647,148.417847,237.029999,177.793716,157.788330,109.208214,36.682999,201.289993,483.724640
2023-02-09,148.488800,256.877991,94.682663,98.239998,22.313452,176.534653,130.787933,339.497620,32.831436,146.550491,456.277771,36.163101,54.104420,126.949471,115.100853,45.385811,102.458923,147.055908,234.563202,175.156067,156.425171,107.820877,36.250000,207.320007,480.671417
2023-02-10,148.853531,256.371307,94.087540,97.610001,21.242584,172.793991,131.365387,342.532898,32.702755,147.231522,464.281189,36.613682,54.104420,128.070297,115.147980,46.091354,106.777710,150.137741,235.887085,176.255081,156.823151,105.573799,34.736000,196.889999,480.056854
2023-02-13,151.653000,264.381042,94.226402,99.540001,21.765030,178.032867,132.790482,345.060730,32.767101,147.776306,465.314484,36.705471,54.993748,129.746887,117.898781,46.793694,106.362373,149.299622,236.344223,178.804794,158.677399,105.183006,35.856998,194.639999,486.259399
2023-02-14,151.012268,265.209290,94.176819,99.699997,22.946787,178.082504,133.377243,342.994141,32.739521,147.131607,462.947235,36.480179,54.077198,129.015137,118.887924,46.658997,105.116356,150.443314,232.734558,176.721054,158.135498,105.183006,35.995998,209.250000,483.158142
2023-02-15,153.111877,263.089539,96.309303,101.160004,22.740002,175.780579,133.936111,345.355957,32.684376,144.707291,461.463135,36.146416,54.077198,128.718704,120.093773,47.005356,104.800346,148.857910,236.868073,177.345306,158.194748,106.726654,36.141998,214.240005,490.896759
2023-02-16,151.514999,256.085388,95.000053,98.150002,21.978807,171.097305,132.091934,341.536499,32.427013,143.681244,457.799561,35.837688,53.741421,127.032814,117.173393,46.267746,104.493362,146.708893,234.791809,175.279175,157.102539,103.395111,35.070999,202.039993,484.002991
2023-02-17,150.371552,252.090012,93.819733,97.199997,21.365454,171.533890,132.483109,339.968109,32.491352,146.680878,468.818298,36.054630,54.558155,129.691315,117.606735,46.963669,100.475410,143.432419,236.001358,177.090332,156.487549,102.799141,34.796001,208.309998,487.248291
2023-02-21,146.359665,246.824722,91.300430,94.580002,20.633228,170.740112,130.052124,333.159546,31.728472,144.495163,461.519440,35.629086,54.267769,129.598679,114.083427,47.249088,100.376091,141.803024,229.258209,172.993210,152.430405,99.741158,33.750000,197.369995,481.737091
2023-02-22,146.783524,245.691528,91.052460,95.790001,20.732126,169.787598,129.055573,332.947357,31.517075,144.293961,459.246185,35.362080,54.431114,130.145218,112.952972,46.258121,99.075920,141.230515,226.572388,171.876602,150.850204,99.340599,33.487999,200.860001,477.560516
2023-02-23,147.266525,248.876144,90.328415,95.820000,23.639055,170.700409,130.089386,335.392212,31.489498,144.248230,461.876373,35.295322,54.530941,129.728348,113.009491,45.568615,99.987846,142.622116,226.629517,172.371567,153.694504,99.389442,32.365002,202.070007,473.479950
2023-02-24,144.614944,243.454498,88.622421,93.500000,23.261456,169.063293,131.262970,335.678162,31.443544,142.638672,454.962677,34.836403,54.304070,128.996582,111.200729,45.690483,99.996887,143.044876,224.934204,169.737671,153.873886,97.992340,31.715000,196.880005,469.130585
2023-02-27,145.807693,244.372787,89.366302,93.760002,23.476227,168.219864,132.408600,337.228058,31.443544,142.327774,454.013885,34.027027,54.285919,128.885437,111.662323,45.360157,99.816307,143.405991,228.562943,170.100037,155.650513,98.138893,32.303001,207.630005,467.613556
2023-02-28,145.304947,243.649887,89.564682,94.230003,23.191528,173.577835,133.516968,324.422729,31.526266,140.160309,447.081360,33.851803,54.004593,127.421883,111.907272,45.581440,99.238434,141.600433,228.153397,169.242691,155.872589,97.318214,32.213001,205.710007,464.877197
2023-03-01,143.234940,240.572769,89.772964,92.169998,22.674074,172.069687,132.771835,321.709625,31.379208,139.529282,446.405090,33.526390,53.414730,127.514519,111.709435,44.946449,100.123283,142.727798,236.839508,170.480118,156.376526,96.272835,31.348000,202.770004,459.586853
2023-03-02,143.826385,245.300827,91.558311,92.129997,23.289417,173.171051,131.393356,324.376282,30.981415,139.419540,448.734650,33.893520,54.195168,129.617233,112.651505,45.058697,100.583771,143.177002,240.182510,171.867767,157.743149,96.644089,31.188000,190.899994,466.327057
2023-03-03,148.873260,249.384064,93.254379,94.900002,23.864817,183.807556,133.805710,331.800476,31.601231,140.855347,449.542542,34.335754,53.941078,130.562012,114.257568,45.113213,101.856865,145.290833,243.163589,173.962524,158.597290,98.813019,31.518000,197.789993,456.312836
2023-03-06,151.633255,250.927567,94.801697,93.750000,23.529173,183.460312,133.023315,331.763245,31.536469,142.263748,451.627960,34.302380,54.775959,130.006271,113.530121,45.106800,102.759766,146.356537,241.896881,174.156998,159.306229,98.344063,31.202999,193.809998,463.821014
2023-03-07,149.435150,248.270447,93.403175,93.550003,23.267399,183.073334,129.111420,321.570190,30.528122,140.919388,445.146301,33.659893,54.458336,127.421883,112.982147,44.657825,100.773369,144.471725,234.429871,172.901901,156.538803,96.780869,30.847000,187.710007,465.808502
2023-03-08,150.686951,247.830872,93.879257,93.919998,24.159611,183.529755,128.347672,324.552887,30.121080,139.885956,442.065216,33.476318,54.485565,127.440399,113.237228,44.289001,99.301636,143.555740,236.887131,172.857727,157.418579,97.015350,31.179001,182.000000,466.662994
2023-03-09,148.439514,246.482803,91.905464,92.250000,23.415274,180.275284,121.399391,317.862793,28.252388,138.312973,436.720245,32.925617,53.959217,126.504837,111.357201,43.990749,98.534164,141.371475,229.496338,170.480118,156.205704,93.928047,29.778000,172.919998,460.402924
2023-03-10,146.379395,242.839081,90.268883,90.730003,22.944687,178.112259,124.482315,304.464020,28.002607,138.651337,433.958038,32.867203,53.732349,127.079132,110.998192,43.926617,97.315247,140.631592,216.209976,170.877853,155.061127,91.417175,29.275999,173.440002,452.357086
2023-03-13,148.321259,248.045807,90.913605,92.430000,22.945686,179.491440,122.246964,293.165253,26.374447,139.977402,437.116180,33.259373,54.276844,127.959137,110.403000,44.054901,96.195648,139.786072,214.009888,170.674561,155.650513,90.469498,29.351000,174.479996,453.182770
2023-03-14,150.410965,254.756851,93.482521,94.879997,24.041718,192.509293,125.385811,299.334900,26.605715,140.763916,437.964539,33.292759,54.476490,129.543121,112.424759,44.289001,96.556808,141.591629,214.933731,170.559677,158.067734,91.212013,29.493999,183.259995,462.707367
2023-03-15,150.805267,259.299286,95.763794,96.199997,24.206570,196.210251,119.462059,290.080353,26.355946,141.157135,438.765869,33.609825,54.839485,131.377182,111.640633,44.782887,91.753349,135.461517,206.923843,166.272888,157.469818,90.957993,30.379000,180.449997,466.298157
2023-03-16,153.624420,269.810425,100.246986,100.040001,25.518408,203.334335,121.781265,292.774963,26.799988,140.864502,444.978333,33.684921,55.141251,132.359070,113.983597,44.528496,91.220627,135.893082,208.304871,167.174454,160.510559,92.120613,31.006001,184.130005,467.834412
2023-03-17,152.786545,272.965607,101.625664,98.949997,25.702250,194.086914,117.180122,282.042938,25.736126,139.355530,442.602722,33.459629,54.885204,132.396088,113.737968,44.889149,90.146172,134.175568,204.780899,163.197037,159.545380,91.055695,30.350000,180.130005,467.632721
2023-03-20,155.152267,265.932220,101.099976,97.709999,25.877092,196.269775,118.418877,287.608673,25.671371,140.736465,449.635315,34.052067,55.415581,134.433975,114.503197,45.372181,92.502754,136.148514,209.828751,167.828537,156.726715,92.052231,30.513000,183.250000,469.783447
2023-03-21,157.005447,267.446320,104.978142,100.610001,26.175827,200.585907,121.594994,294.809845,26.448452,140.736465,452.595459,33.926903,55.159538,133.461365,118.669525,45.217621,96.647095,140.314499,214.219437,168.959869,159.545380,94.318840,30.579000,197.580002,471.281250
2023-03-22,155.576126,265.990814,103.371330,98.699997,26.444590,198.254196,118.456139,291.455505,25.569611,138.139221,448.277802,33.384533,54.912640,133.378006,112.897133,44.927799,94.434975,137.460846,209.485870,165.424438,158.477692,92.716583,29.389999,191.149994,468.084015
2023-03-23,156.660431,271.236633,105.394714,98.709999,27.166946,202.689392,118.139465,292.551971,24.949800,138.212372,442.989227,33.526390,54.793758,133.192749,114.285927,45.291672,93.369553,136.095673,209.000137,165.212265,158.264160,93.625183,32.036999,192.220001,468.314484
2023-03-24,157.961609,274.079254,105.196342,98.129997,26.755312,204.405930,116.341866,290.433350,25.107063,139.602432,448.720886,33.701611,55.689926,135.906784,114.040291,45.662003,93.477890,137.452026,206.685745,166.308243,158.930420,91.915451,32.839001,190.410004,475.525055
2023-03-27,156.019714,269.986237,102.220772,98.040001,26.507534,201.260635,119.676285,295.971283,26.355946,140.196899,454.292328,33.559761,56.101421,135.193558,111.300507,46.425175,95.527496,138.852448,207.628632,166.157959,159.998108,93.420013,32.765999,191.809998,473.556824
2023-03-28,155.398712,268.862793,100.534622,97.239998,26.386639,199.117416,120.039551,295.887634,26.013659,138.843384,445.506287,33.367847,56.165428,135.573334,111.357201,46.244846,96.719337,140.473068,209.685867,166.096130,160.348267,92.638412,32.352001,189.190002,467.363922
2023-03-29,158.474167,274.020660,101.070229,100.250000,26.960135,203.751083,120.281700,298.006226,26.522457,140.206070,439.859467,33.584793,56.567787,135.990158,113.832451,46.444496,98.380684,141.679703,212.390778,167.112579,163.542801,94.641251,33.202999,193.880005,471.300446
2023-03-30,160.041458,277.478760,100.494949,102.000000,27.358780,206.221680,119.918457,298.396484,26.180172,140.315781,443.130615,33.693268,56.558647,136.583008,113.463989,46.908207,98.859230,143.027267,213.857513,167.156784,163.218216,95.842949,33.842999,195.279999,471.886200
2023-03-31,162.545197,281.630432,103.153130,103.290001,27.752430,210.289719,121.371437,303.943604,26.457706,141.751572,445.515717,34.043716,56.723244,137.731613,115.863625,47.481392,99.012711,143.705460,217.952927,168.924500,165.695221,97.826256,34.548000,207.460007,477.061279
2023-04-03,163.797058,280.585205,104.055710,102.410004,27.940264,211.410965,121.231728,303.395477,26.448452,143.443451,465.878265,34.502640,57.061592,138.491165,114.947220,47.880692,104.854515,149.685867,218.933914,170.833649,165.464630,97.464760,34.827999,194.770004,477.214935
2023-04-04,163.264771,280.536346,104.264008,103.949997,27.428719,213.048141,119.611084,299.799530,25.884146,144.943298,464.992157,34.127159,56.887844,139.158112,116.855629,47.410549,103.852295,148.884354,207.104813,168.765396,162.808212,97.279137,34.674999,192.580002,477.886963
2023-04-05,161.421463,277.762054,104.095383,101.099998,26.857222,209.833344,119.789444,298.758850,25.569611,151.454712,480.056610,34.669521,57.427368,140.112152,114.219780,48.196266,105.631035,149.624191,203.371292,167.430771,161.774719,97.611320,34.235001,185.520004,477.310944
2023-04-06,162.308624,284.854126,108.013214,102.059998,27.013088,214.417358,119.658020,299.567200,25.754627,151.034042,483.431519,34.627808,57.463951,141.001450,113.577354,48.560146,103.879379,147.660080,199.218719,168.341156,161.074326,97.669930,33.932999,185.059998,466.605408
2023-04-10,159.716187,282.695251,106.079086,102.169998,27.554611,213.077896,120.052277,301.945892,25.847143,150.274994,485.665741,34.819717,57.326786,139.834320,115.173981,48.466759,103.418900,148.223785,205.276154,169.419479,162.509247,98.490608,33.898998,184.509995,474.142456
2023-04-11,158.503738,276.286957,105.255867,99.919998,27.144970,212.184891,120.643677,304.185211,26.559458,150.229263,491.124054,34.869778,57.226196,139.556427,116.487160,48.325077,104.150230,149.042877,210.104950,169.870224,164.379868,98.109573,33.820999,186.789993,478.770233
2023-04-12,157.813736,276.931732,104.363182,97.830002,26.471565,212.333725,120.624893,306.851959,26.346691,149.909180,491.331451,34.519325,57.326786,139.936188,116.827286,48.090008,104.041901,149.571335,210.009689,170.789444,162.159088,95.686646,33.103001,180.539993,469.841034
2023-04-13,163.195770,283.134827,107.309006,102.400002,26.439592,218.634277,121.084885,308.608124,26.420700,151.911987,496.082703,34.602764,57.747440,140.584625,119.444214,48.138309,104.529465,151.570663,211.124054,173.149384,163.141342,98.519905,34.618999,185.899994,478.040527
2023-04-14,162.850769,279.520386,108.568672,102.510002,26.734331,219.765396,130.227966,313.058960,27.308792,151.665054,482.469971,34.369133,57.655983,139.871338,118.990753,47.813068,104.782280,151.878937,213.038391,173.723892,164.738571,97.601540,33.862999,185.000000,471.713318
2023-04-17,162.870483,282.118896,105.553398,102.739998,26.978117,217.155869,131.260544,315.623444,28.095121,151.509567,476.398926,34.360790,58.030899,139.917664,119.217491,48.147972,103.563377,150.540192,214.524200,174.881775,165.097321,97.992340,33.271999,187.039993,474.248077
2023-04-18,164.092773,281.698822,104.264008,102.300003,27.642529,216.193420,132.734299,310.262054,28.270891,147.247894,475.578796,33.835117,58.122360,140.065872,119.236389,48.254238,105.585884,150.187866,214.486069,174.059784,165.806259,98.607849,33.369999,184.309998,477.090118
2023-04-19,165.236191,281.776947,104.164803,104.300003,27.906290,214.020493,132.565353,313.031006,27.808344,148.637970,458.345978,33.576454,58.232082,140.093674,118.726219,48.305748,105.251793,150.328812,213.962280,174.837585,167.437668,96.477989,32.312000,180.589996,476.254761
2023-04-20,164.270187,279.491058,105.037643,103.809998,27.080027,211.410965,132.180481,314.722137,27.660324,149.598236,459.533783,33.251026,58.488132,140.607269,117.573624,48.614899,104.412079,149.597778,211.695496,173.900650,166.540848,95.813652,32.535000,162.990005,485.424011
2023-04-21,162.663498,279.149261,105.047577,106.959999,27.095015,211.232361,131.927017,317.463226,27.632576,148.784271,456.102386,33.551411,58.570431,145.472824,118.593948,48.859623,104.746162,148.954819,210.929428,173.308502,166.737259,97.279137,32.798000,165.080002,486.163330
2023-04-24,162.969040,275.251495,105.910484,106.209999,27.018084,211.133118,132.105377,319.600281,27.530815,149.689651,460.928986,33.301090,58.478989,145.733841,120.067749,49.191303,106.723541,151.033417,213.955414,173.927200,167.283936,97.386604,32.902000,162.550003,491.031219
2023-04-25,161.431335,269.048401,103.758148,102.570000,26.217789,205.933945,129.232925,315.437622,26.679726,151.061462,463.738342,32.817146,58.387543,145.771088,117.772011,48.808105,105.206650,148.840317,209.358994,173.202423,150.576874,95.755028,32.255001,160.669998,483.110107
2023-04-26,161.421463,288.536865,103.599449,104.980003,26.932158,207.769531,126.942451,312.724426,26.309689,148.720276,455.282257,32.233063,58.113213,144.083984,116.997322,48.595573,104.240532,146.189194,207.022430,168.730072,147.399490,94.387238,32.115002,153.750000,474.939392
2023-04-27,166.005081,297.778015,107.487526,109.820000,27.201921,236.702484,128.650925,317.407532,26.725979,149.067764,462.371338,32.324848,58.232082,145.845688,118.754539,48.746918,105.486565,147.043564,205.241302,175.544647,151.832458,97.630852,32.584999,160.190002,481.285858
2023-04-28,167.256927,300.151886,107.338760,105.449997,27.724457,238.448776,129.767975,319.117157,27.086765,149.707977,463.898560,32.450005,58.661884,145.761765,119.718193,48.614899,106.849922,148.479172,209.521744,176.631821,153.583481,100.141724,32.993000,164.309998,483.158142
2023-05-01,167.168182,298.491119,106.832901,102.050003,28.884424,241.286499,132.546570,316.450409,26.864744,149.616531,467.301788,32.717010,58.799053,145.938858,120.851898,48.814541,103.536270,147.298981,208.056641,177.197479,155.624863,99.858398,32.411999,161.830002,473.912018
2023-05-02,166.133179,298.344666,105.117004,103.629997,28.185043,237.377197,130.406296,309.760284,26.050659,150.924286,465.124054,32.591854,58.533859,145.808380,120.228355,48.682522,99.409996,140.957489,206.026505,175.235306,151.900818,98.285439,31.754999,160.309998,475.083374
2023-05-03,165.058777,297.357910,105.255867,103.650002,27.777407,235.184387,127.646461,305.374603,25.773132,148.948898,461.400391,32.082863,58.204655,145.621933,119.737091,48.502182,97.450684,138.130219,206.495728,174.970169,150.184006,98.539452,31.930000,160.610001,470.522766
2023-05-04,163.422485,298.344666,104.353264,104.000000,27.537622,231.701752,125.900452,298.507965,24.968304,148.272171,459.364197,31.899286,58.268669,144.950836,116.836723,48.637947,95.744186,137.592941,201.458801,173.432205,148.014465,95.207916,32.077999,161.199997,471.773590
2023-05-05,171.091400,303.463440,105.350075,105.660004,28.654634,230.967453,128.359909,303.860046,25.634371,148.775146,465.963074,32.116241,58.542999,145.435532,119.595383,49.058155,98.127861,141.107208,205.969055,175.376740,150.107117,98.207275,32.276001,170.059998,480.163391
2023-05-08,171.022369,301.509674,107.358597,105.830002,29.125214,231.453674,128.669708,303.386139,25.615866,148.436768,464.398163,32.266430,58.451561,144.755096,119.869354,49.365238,98.516106,140.552338,205.681808,174.077423,148.954041,100.600899,33.120998,171.789993,480.163391
2023-05-09,169.317108,299.897827,107.061035,106.620003,28.545731,231.552872,128.050110,301.769409,25.588118,147.284470,462.286530,32.107899,57.966892,143.273071,118.187706,49.449284,98.543182,140.147186,204.436920,174.236542,147.775299,99.829094,33.214001,169.149994,481.827881
2023-05-10,171.081543,305.084991,111.365700,110.190002,28.859453,231.265152,128.115845,299.706604,25.273579,147.833191,461.994263,31.957703,58.067486,143.571350,116.685562,49.310287,97.279121,138.359222,204.130478,174.422134,146.545349,98.813019,33.542000,168.539993,480.740601
2023-05-11,171.268814,302.935822,115.948082,112.180000,28.552723,233.954056,127.712181,298.006226,25.338341,147.229645,460.759369,31.696241,58.396683,143.906906,115.466843,49.494537,95.518463,137.592941,201.123611,172.351913,145.400787,90.186172,34.476002,172.080002,482.886261
2023-05-12,170.340942,301.822327,116.959763,110.260002,28.314932,231.989456,125.881714,296.872650,25.060814,147.037567,463.087799,31.502249,58.625309,145.370270,113.567902,49.478371,95.509445,137.945251,200.654404,172.032059,145.305939,89.873528,33.988998,167.979996,484.983704
2023-05-15,169.847412,302.300995,116.007584,111.199997,28.927391,237.000122,126.942451,299.260681,25.578861,145.912674,458.968231,31.341993,58.469845,145.416885,113.208900,49.093719,95.691589,138.456100,202.330200,172.645157,145.607773,90.723518,33.589001,166.350006,483.030487
2023-05-16,169.847412,304.528137,119.112091,113.400002,29.187162,236.960464,126.088219,298.089813,25.310585,145.720627,452.237213,31.215477,57.811443,145.165237,110.044014,48.414917,93.369186,135.206085,198.413651,170.246170,143.676086,88.886780,33.375000,166.520004,477.363525
2023-05-17,170.459427,307.406433,120.490791,115.500000,30.151308,240.601898,129.965118,306.796204,26.429949,145.400574,457.035614,30.996193,57.747440,144.550034,110.516357,48.334106,95.463890,137.143753,203.105865,174.164490,147.772247,90.635582,33.995998,173.860001,476.257172
2023-05-18,172.788956,311.831543,122.514145,118.150002,31.649981,244.927948,130.950760,306.238770,26.337439,144.934128,451.775330,30.768459,57.427368,142.173172,112.301956,48.961185,96.329086,136.974762,205.614761,176.145874,147.496277,91.602814,37.129002,176.889999,479.239746
2023-05-19,172.897491,311.655304,122.246361,116.250000,31.236349,243.727356,130.650375,303.051666,26.004406,145.327393,451.388794,31.013062,57.454803,142.769745,108.419029,48.456936,96.775360,138.059845,205.672195,175.346191,147.401428,89.248260,36.535999,180.139999,477.719574
2023-05-22,171.949875,314.435638,124.845032,115.010002,31.148426,246.386490,129.570847,301.908783,26.217176,144.544205,453.085663,32.683056,56.247730,139.032028,104.092102,48.030254,95.600510,135.578445,205.174240,174.973038,147.901596,89.707443,36.300999,188.869995,473.245605
2023-05-23,169.343979,308.639984,122.286041,114.989998,30.660858,244.818817,128.219101,300.654358,26.439199,144.488892,451.973328,33.433712,56.147144,137.531342,102.769463,47.939751,96.902863,139.500656,203.689987,173.231552,146.418350,87.753456,35.598999,185.770004,466.510651
2023-05-24,169.620346,307.259613,120.649467,116.750000,30.510986,247.269547,127.045692,297.160706,25.995153,144.350677,453.283630,32.581844,55.671635,136.394150,102.306541,47.719940,97.986649,139.874191,200.807632,170.468307,144.633301,87.020714,36.485001,182.899994,464.480530
2023-05-25,170.755524,319.076141,123.337410,115.000000,37.946407,250.722488,127.355469,300.942444,26.059912,142.277466,450.332916,31.907103,55.241837,135.517990,101.541283,47.244785,96.228920,137.463974,201.075745,170.832596,147.660110,86.112114,35.900002,184.470001,468.127106
2023-05-26,173.164001,325.899780,124.408615,120.110001,38.911549,259.999695,128.547638,308.496674,26.189426,142.222183,453.934174,31.713108,55.104671,135.527298,101.569618,47.328823,95.600510,137.037018,202.818588,172.147598,147.953369,86.258659,37.888000,193.169998,488.052887
2023-05-30,175.009857,324.255035,123.625053,121.660004,40.075523,260.475891,129.035782,307.400208,26.143171,142.240616,452.359772,31.215477,54.665737,133.458023,100.634323,47.212456,94.753525,136.183212,200.999130,172.858368,146.392487,85.799461,39.298000,201.160004,488.793762
2023-05-31,174.960495,321.494324,122.365395,120.580002,37.800537,262.658844,127.393044,303.252594,25.708378,142.876404,459.326447,32.067352,54.556007,132.824219,99.443939,47.474289,93.059547,133.959732,197.025116,170.237320,144.012390,85.936249,39.522999,203.929993,492.190033
2023-06-01,177.763809,325.596283,123.357246,122.769997,39.734821,270.487366,129.148438,296.230713,25.904198,142.397217,465.350372,32.067352,54.866920,134.185089,97.904022,47.648834,94.134224,135.329437,200.204346,172.245316,144.728165,86.551750,40.313000,207.520004,493.190704
2023-06-02,178.612686,328.357025,124.210251,124.250000,39.292217,270.487366,131.861328,303.018555,26.771399,144.636322,470.959473,32.354111,55.927677,136.571289,102.159889,48.104607,96.320000,138.975906,217.019730,176.678940,146.720169,88.681595,40.047001,213.970001,493.181091
2023-06-05,177.260391,328.885681,125.598839,125.300003,39.136356,269.276855,130.565903,301.295837,26.612877,145.880249,469.649139,32.598717,55.552750,136.030655,99.714417,48.421379,95.891937,138.308868,213.036118,175.195145,144.745407,88.906303,40.354000,217.610001,498.626709
2023-06-06,176.895172,326.673187,126.868416,126.610001,38.619808,269.008942,130.800568,305.967712,27.256289,145.751205,459.637482,32.362556,55.150398,134.679108,100.652802,48.414917,96.675179,138.557877,217.067566,174.448822,144.521179,90.039619,39.929001,221.309998,496.712067
2023-06-07,175.523132,316.589478,121.938896,121.230003,37.445724,261.547516,132.067825,314.347198,27.489405,146.064514,454.509186,32.801140,55.068100,134.968048,101.505875,48.486019,98.842751,142.151016,225.561432,176.270233,147.892975,90.391327,39.977001,224.570007,491.872589
2023-06-08,178.237625,318.430054,121.671082,124.250000,38.479919,262.519867,132.105377,314.085052,27.256289,147.667801,462.145111,32.969826,55.205261,136.496689,100.662285,49.187458,98.533089,141.626282,224.508118,176.057007,147.875732,90.401108,40.937000,234.860001,500.397064
2023-06-09,178.622589,319.927887,121.869469,123.430000,38.739716,262.886993,132.368195,314.599976,27.293587,147.437439,465.340881,32.868610,55.296707,136.608536,100.339996,49.484833,97.804497,141.288330,225.063507,175.825974,147.022003,89.814911,42.001999,244.399994,497.693481
2023-06-12,181.416000,324.881653,123.337410,126.570000,39.451153,268.939514,132.358826,317.848755,27.163038,147.336075,464.369904,33.653004,55.058952,135.536621,101.259415,49.811310,96.921082,139.927536,227.811783,176.367966,147.892975,90.997070,42.396999,249.830002,501.243713
2023-06-13,180.942215,327.270325,123.416756,126.660004,40.989956,269.207397,133.316315,320.666901,27.414806,148.110092,463.163239,33.973507,55.278423,135.210388,101.212044,50.199192,96.939308,140.977005,235.032089,178.686966,149.091644,91.690742,43.573002,258.709991,502.254028
2023-06-14,181.573959,330.256348,123.367157,126.419998,42.963417,271.221619,132.818802,316.847046,27.153713,148.865646,433.514984,33.197556,55.653347,136.478058,106.974998,50.706680,95.773544,139.714111,233.001968,178.162766,150.807724,90.322937,44.085999,256.790009,507.237854
2023-06-15,183.607330,340.790375,124.765678,127.110001,42.619686,279.635529,134.320770,318.082855,27.386831,150.865158,441.002441,33.526489,56.418110,138.370224,106.548462,50.984669,96.438385,140.772476,237.167526,181.014847,154.360626,90.801674,44.527000,255.899994,509.143066
2023-06-16,182.531418,335.141541,123.049767,125.489998,42.658653,278.812042,134.480331,316.744019,27.218988,151.325867,433.997742,33.787956,56.823536,139.386185,107.666924,50.273537,95.746223,139.865280,234.869293,180.339569,153.998413,89.218941,43.195999,260.540009,503.822266
2023-06-20,182.620255,330.951385,122.841476,125.779999,43.773781,282.116089,133.795090,309.637817,26.920597,151.233719,444.315491,33.180683,56.445759,138.099899,103.828110,49.830700,93.551346,136.681274,230.923981,178.056122,152.868744,87.685066,43.470001,274.450012,500.021881
2023-06-21,181.583817,326.555695,120.272575,124.830002,43.011375,279.447083,133.597961,304.348053,26.640854,151.003372,451.282349,32.809570,56.602398,139.293015,104.245178,49.927673,94.598694,137.748550,231.239990,179.300034,149.729782,86.600609,42.445000,259.459991,499.944946
2023-06-22,184.584564,332.576538,122.861313,130.149994,42.991398,282.661835,131.025848,299.207916,26.072042,152.606659,453.459473,32.666180,56.989399,139.768341,104.700134,50.344654,94.079567,135.756332,227.275558,178.278244,147.789474,86.454056,42.248001,264.609985,504.351501
2023-06-23,184.268692,327.985046,122.018234,129.330002,42.176033,286.481842,130.340622,294.648438,25.876221,152.477661,451.518951,32.303509,56.390472,138.379547,103.809166,50.250912,93.259903,134.609024,224.498535,177.780701,145.987167,86.073036,42.402000,256.600006,504.582397
2023-06-26,182.876892,321.699829,118.120239,127.330002,40.600254,276.301727,130.659775,292.448242,26.193264,150.773041,453.468933,31.114271,56.408897,138.519333,105.913399,50.118389,94.981209,136.974762,226.902084,179.993073,148.970917,86.659233,41.594002,241.050003,503.600952
2023-06-27,185.630859,327.544495,118.040901,129.179993,41.843292,284.814911,130.669144,293.468781,26.333139,150.459702,456.781921,30.717855,56.289116,139.833603,107.685883,49.937374,95.218002,136.547882,230.483490,180.668335,150.626617,87.010948,41.708000,250.210007,510.249390
2023-06-28,186.805481,328.797638,120.094048,129.039993,41.084888,283.068634,130.096512,293.665344,26.174616,150.155655,449.105255,30.608213,55.763916,139.805649,107.136124,50.208897,95.992111,137.784119,231.613449,179.921982,151.480347,86.786232,42.984001,256.239990,512.625793
2023-06-29,187.141113,328.014374,119.032745,127.900002,40.790112,279.337891,134.639923,302.494263,26.724777,151.206085,450.988892,30.464821,55.303204,139.237061,107.458412,49.869484,97.176086,138.958130,233.882950,183.449371,151.816666,86.903465,42.824001,257.500000,511.557770
2023-06-30,191.464554,333.389130,119.984924,130.360001,42.268955,284.745483,136.526718,301.979340,26.752748,152.514496,454.964508,30.937149,55.487492,141.436829,104.614838,50.806885,97.676987,139.945374,235.616196,184.364502,154.576187,87.225876,44.049000,261.769989,517.994446
2023-07-03,189.974075,330.892670,119.578270,130.220001,42.379871,283.792969,137.625031,305.789825,27.228313,150.515045,452.351959,30.911842,55.819202,142.145218,103.420532,51.136593,97.868240,139.820831,236.841919,185.075302,158.474030,88.417809,44.144001,279.820007,520.553833
2023-07-05,188.858643,331.049255,121.631409,130.380005,42.283951,292.077911,136.708206,299.647949,27.116415,150.017441,446.047699,30.751596,56.233837,141.902893,101.515343,51.107506,97.367363,139.020386,234.447937,183.413818,155.197067,87.724144,44.590000,282.480011,520.640503
2023-07-06,189.332428,334.103760,119.945251,128.360001,42.070118,289.716431,135.356644,293.047455,26.370434,148.902527,444.287109,30.051546,55.800766,141.669846,99.619637,50.784256,93.733498,135.969788,230.378159,181.263626,154.602066,86.698303,43.883999,276.540009,517.022766
2023-07-07,188.216995,330.138824,119.161690,129.779999,42.469799,288.267822,136.424667,295.079102,26.603556,146.737183,436.922668,29.967199,55.063633,138.696487,99.013000,49.614132,93.952057,137.161545,234.783081,180.597275,155.015976,86.600609,43.810001,274.429993,505.169312
2023-07-10,186.173767,324.862030,115.918312,127.129997,42.147049,291.810028,137.190247,296.296295,26.724777,146.976730,438.314178,30.093714,54.648998,138.752365,100.264168,50.063438,95.345490,138.077621,238.259140,184.577759,156.369873,86.073036,44.171001,269.609985,507.055145
2023-07-11,185.650620,325.488617,116.751465,128.779999,42.371876,295.967377,139.335770,300.425140,27.060465,146.165878,438.162750,30.380482,54.842499,138.025345,101.790222,49.989094,96.511253,140.630157,242.127853,185.457382,159.741669,87.431038,44.021000,269.790009,509.585571
2023-07-12,187.318787,330.119202,118.645920,130.800003,43.867710,306.931366,140.025742,305.593262,27.377512,145.659134,427.570526,30.355183,55.137360,138.743073,102.140938,50.115150,96.984840,141.982025,242.846069,185.270782,160.819595,88.075867,44.404999,271.989990,517.628967
2023-07-13,188.078842,335.464630,123.813499,134.300003,45.941093,310.969696,140.706253,307.727905,27.666576,146.331741,423.831451,30.414223,55.607273,138.836258,102.216766,49.821003,95.208893,140.087616,245.010208,185.439590,159.845154,88.388504,45.037998,277.899994,518.061951
2023-07-14,188.226913,337.990387,124.676414,134.679993,45.433483,306.465057,141.556900,305.396667,27.144388,147.308456,454.519684,30.633507,56.114056,139.861603,102.321007,49.992325,91.930222,136.592331,244.780380,183.156174,159.758896,86.581078,44.191002,281.380005,525.999390
2023-07-17,191.484268,338.470123,124.041626,133.559998,46.424706,308.201416,144.968918,306.342255,27.414806,146.571304,458.220764,30.245539,56.031116,138.873550,103.041382,50.053741,92.330940,136.467834,246.542374,184.959808,157.585800,83.591469,45.005001,290.380005,532.022522
2023-07-18,191.227631,351.941193,123.069603,132.830002,47.456905,309.620239,145.233582,315.770325,28.627026,146.562073,473.290314,30.566040,55.809986,139.134567,103.998726,49.963230,91.911995,136.743530,252.623108,182.365387,159.163879,83.972504,47.480000,293.339996,532.628723
2023-07-19,192.579956,347.623810,121.780197,135.360001,47.040226,313.549469,145.791214,318.841187,29.400984,146.267258,476.792755,30.734724,56.795887,140.085266,104.150375,49.979397,92.549530,137.579575,252.854050,182.294266,160.414291,85.037415,47.758999,291.260010,533.129028
2023-07-20,190.635376,339.586212,118.556656,129.960007,45.484440,300.164459,147.587021,328.493988,29.550180,155.149780,477.303833,31.013062,57.486958,141.221146,101.922920,50.903862,94.179741,139.100418,251.256561,184.773224,161.207657,84.226509,43.742001,262.899994,535.870911
2023-07-21,189.460754,336.551270,119.330299,130.000000,44.274387,291.968781,146.452820,329.523895,29.820597,156.817566,479.471466,31.544422,57.533028,143.444138,103.373123,51.191544,94.616905,141.137131,247.946121,185.341858,161.518097,85.174194,42.750000,260.019989,536.736816
2023-07-24,190.260300,337.863159,120.887520,128.800003,44.577156,289.339417,149.335571,336.049500,30.445360,157.637665,481.506653,31.637196,57.551441,143.903732,103.098267,51.492153,96.101410,143.920944,249.601349,185.981613,162.414963,84.607544,42.837002,269.059998,542.577148
2023-07-25,191.119049,343.609863,121.790115,129.130005,45.643322,292.177124,148.220276,332.089233,29.979120,158.844711,483.636444,31.257650,57.357952,144.241425,102.652771,51.450138,96.247139,144.579056,252.190002,186.301437,159.267365,83.659851,42.770000,265.279999,543.789490
2023-07-26,191.987671,330.677246,128.604156,128.149994,45.416500,296.245239,149.108719,334.766907,30.221563,159.148788,480.862976,31.384163,58.095085,144.391510,103.600632,51.634380,95.709785,143.494019,248.590912,185.039795,159.008682,83.884567,42.266998,264.350006,544.732239
2023-07-27,190.724243,323.775299,128.812439,128.250000,45.864155,309.282898,147.464172,331.911316,29.792618,160.042572,478.240967,30.872471,57.533028,142.675034,102.055618,51.446903,96.010345,141.999847,248.571625,174.510986,160.845474,83.396072,41.317001,255.710007,540.556702
2023-07-28,193.300522,331.264679,131.926880,132.210007,46.713478,322.945709,148.305359,330.712952,29.745998,160.770523,476.044952,30.761602,57.569881,146.708298,102.956085,51.689335,94.862808,141.297226,250.621414,173.427017,162.026901,84.148354,42.577999,266.440002,541.990173
2023-07-31,193.912491,328.866211,132.026093,133.679993,46.692501,316.119263,149.297775,333.184631,29.839247,154.366577,479.320038,30.753077,57.063107,146.605133,104.633804,51.673172,97.667900,145.557388,255.182999,172.485245,161.371490,86.844849,43.896999,267.429993,539.440491
2023-08-01,193.083328,329.277313,130.815994,131.690002,46.470676,320.197296,148.560516,334.916687,29.484909,155.619720,477.777130,30.369303,56.915680,146.558228,103.695419,51.430737,97.103233,144.347855,277.778595,171.907684,159.965866,86.981636,43.862000,261.070007,534.437439
2023-08-02,190.092484,320.622955,127.592476,128.210007,44.234421,311.862671,146.878143,328.718719,29.083939,156.559601,477.833862,30.147564,57.090744,146.877136,101.903969,51.466293,95.891937,142.062088,276.739258,171.392349,158.111816,84.314445,42.970001,254.110001,531.435669
2023-08-03,188.700684,319.800598,127.721413,128.910004,44.480232,310.751373,147.776062,330.647400,29.289083,157.232208,477.890717,29.849070,56.795887,147.261703,102.975037,51.479225,97.558609,142.008728,270.849762,169.268845,156.516479,83.523071,43.099998,259.320007,536.573364
2023-08-04,179.639267,320.897064,127.493294,139.570007,44.645103,308.310608,147.464172,330.703491,29.186516,155.757965,475.874481,29.866129,55.938984,145.648407,103.136177,51.181839,97.831825,141.688522,266.028412,168.113770,156.033569,84.314445,43.160000,253.860001,531.137268
2023-08-07,176.539810,323.178131,130.865570,142.220001,45.381523,314.095184,148.163574,332.894409,29.727350,159.498932,483.456604,30.428997,56.381256,147.186661,104.719109,51.876812,97.631462,142.204407,271.042236,168.460297,157.077011,84.832253,44.076000,251.449997,537.266174
2023-08-08,177.477570,319.203430,130.766418,139.940002,44.629124,310.205688,147.331848,326.059723,29.158539,159.572647,478.837311,30.394880,56.132481,147.346100,103.970284,51.928528,98.114166,141.990936,272.235535,166.727707,155.697250,86.102341,43.830002,249.699997,535.062866
2023-08-09,175.888351,315.463654,129.090164,137.850006,42.520760,302.833496,145.356445,320.844818,28.776226,159.471313,475.287598,30.565454,56.261482,147.158554,103.970284,52.012573,99.780800,142.177704,273.813782,168.140442,154.679672,85.477058,42.889999,242.190002,538.507324
2023-08-10,175.671188,316.148926,129.149704,138.559998,42.354897,303.359375,145.139069,318.700806,28.850821,158.641998,476.584503,30.463110,56.132481,146.426926,103.344704,51.986629,100.290825,143.040405,273.130493,168.613922,155.550629,89.648834,42.998001,245.339996,540.229553
2023-08-11,175.730484,314.269226,129.110016,138.410004,40.823086,299.291321,145.980225,319.009796,29.177189,160.190002,480.872467,30.736015,56.362827,147.280487,102.453712,52.291542,101.848198,145.993195,274.477753,170.338135,153.688492,86.971870,42.166000,242.649994,541.643799
2023-08-14,177.381180,317.235626,130.756516,140.570007,43.718822,303.805908,146.282715,316.210388,28.841496,159.812225,483.636444,30.761602,56.095623,146.126755,102.027184,51.902283,101.930161,145.886459,273.823364,169.301804,152.722580,86.766693,42.778000,239.759995,540.210266
2023-08-15,175.394424,315.101379,129.209213,137.669998,43.905678,299.598938,142.558762,311.032867,27.918343,159.351501,479.622955,30.181673,55.717842,145.188766,100.994034,51.636288,99.313278,141.626282,266.923431,167.774170,150.764709,85.056961,42.369999,232.960007,537.362305
2023-08-16,174.524643,314.336151,128.058640,135.070007,43.452030,291.998596,141.953873,308.130524,27.312239,158.844711,476.660156,30.258429,55.727058,143.706787,100.975075,51.662231,97.642136,141.083755,264.171143,166.603851,148.571945,84.363289,41.544998,225.600006,537.881958
2023-08-17,171.984406,310.882782,129.397659,133.979996,43.310143,282.870178,140.479431,306.641876,27.302910,160.337418,467.572937,31.136847,55.846840,142.675034,99.572250,50.504162,99.533646,143.445297,264.806305,166.148224,148.571945,83.943192,40.299999,219.220001,526.393982
2023-08-18,172.468750,310.490417,127.066788,133.220001,43.265182,281.044525,140.800766,304.216919,27.144388,158.936844,471.813660,31.264774,56.160122,143.078308,99.344749,51.230797,101.039497,144.477966,263.487885,166.684250,149.007004,83.982269,40.452999,215.490005,524.306213
2023-08-21,173.803085,315.788177,127.880112,134.679993,46.930317,287.642700,141.282806,301.529907,27.181686,154.200729,471.094208,31.563263,55.680984,142.356125,97.496429,51.094551,99.818283,143.993073,262.477448,167.014771,146.614059,83.904106,40.828999,231.279999,522.641724
2023-08-22,175.176987,316.357147,128.633942,134.250000,45.632332,285.360626,138.352783,298.468353,26.519632,152.975250,466.039520,31.418283,55.340069,142.412399,96.169441,50.932354,99.258171,142.807785,260.023438,166.175003,145.195679,83.816177,41.317001,233.190002,517.985046
2023-08-23,179.021942,320.811279,132.125244,135.520004,47.079201,291.948914,139.288467,301.782623,26.528954,151.602295,463.294434,31.264774,55.533558,143.744308,93.600746,51.285942,98.385887,142.996353,262.746887,167.130936,146.953415,83.855270,42.755001,236.860001,520.380676
2023-08-24,174.336823,313.914307,129.357986,131.839996,47.126160,284.517273,139.156189,299.563782,26.687479,152.118286,462.026031,30.838352,55.386139,143.078308,92.539139,50.893425,97.651306,141.820053,259.157318,165.415665,145.317490,80.572578,40.693001,230.039993,512.543762
2023-08-25,176.540985,316.867340,129.625763,133.259995,45.982056,283.276978,138.986038,299.741638,26.575577,154.299362,462.991577,31.025984,55.644131,144.016312,93.686035,51.195114,99.395905,142.879639,262.294525,166.434113,146.944687,81.442085,41.603001,238.589996,514.760803
2023-08-28,178.102707,317.573669,130.716827,133.139999,46.798416,287.999908,139.468063,305.190643,26.818022,152.480270,465.036163,30.881001,55.800766,144.241425,94.434853,51.487068,100.231483,143.858383,264.440552,167.845627,146.918594,82.223686,41.806000,238.820007,516.862183
2023-08-29,181.987167,322.194611,134.386688,134.910004,48.745895,295.669739,140.602295,311.351135,27.200336,152.498825,466.503326,30.829826,55.745487,144.325836,96.463264,51.918507,100.828300,143.633926,269.483215,169.310745,149.450790,82.458168,42.999001,257.179993,523.205078
2023-08-30,185.476273,322.567413,135.814972,135.070007,49.225525,292.802246,140.035187,310.199402,27.079119,151.960510,465.272797,30.616621,55.717842,144.485291,96.776070,52.291542,101.810791,143.831451,271.696625,168.453110,149.677017,82.340919,43.466999,256.899994,522.713379
2023-08-31,185.693741,321.556824,136.231552,138.009995,49.316448,293.586121,138.305542,309.378082,26.956886,150.057877,451.121399,30.173145,55.128143,144.766708,96.406410,52.748936,102.095436,144.657578,270.541840,167.899246,147.405899,81.754723,43.368000,258.079987,529.480347
2023-09-01,187.265335,322.439819,135.686020,138.119995,48.471115,294.072296,138.768677,309.085419,27.248360,148.944092,450.799622,30.514275,54.648998,144.926163,97.347931,52.411572,104.234856,147.530930,275.469025,168.301239,146.187668,79.761658,43.987999,245.009995,524.631653
2023-09-05,187.502533,327.237274,135.596786,137.270004,48.510082,297.812866,137.237503,305.639618,26.938082,149.129776,455.125397,30.173145,54.197510,142.984543,95.407822,51.989864,104.244034,149.470490,271.022980,165.898102,142.680908,79.322014,44.868000,256.489990,525.094360
2023-09-06,180.791183,326.579926,134.267654,135.360001,47.028114,296.840546,137.010666,303.166168,26.693613,146.651703,451.462189,29.311790,54.160652,142.703171,95.274673,52.379139,105.143883,149.623169,272.245148,164.834976,141.236435,79.116844,44.576000,251.919998,526.983765
2023-09-07,175.503174,323.666199,135.090897,137.850006,46.208687,296.344421,135.838654,303.949738,26.449150,148.526474,458.911743,29.235037,53.746017,144.063202,93.134850,53.027912,104.629677,149.632095,270.830505,164.486542,141.175537,78.716270,44.313999,251.490005,528.844116
2023-09-08,176.115982,327.943665,136.082779,138.229996,45.540154,295.570496,135.942642,307.310577,26.665411,149.018372,456.859222,29.209448,53.746017,143.444138,92.887566,53.125229,106.153908,150.143936,271.648499,164.843918,140.131332,79.703041,44.279999,248.500000,531.321472
2023-09-11,177.282303,331.544159,136.618378,143.100006,45.146431,305.165222,136.538086,306.489258,26.778236,150.967453,455.538300,28.945072,54.252804,145.151245,92.050674,53.310131,104.822502,147.046036,271.427185,166.353683,140.000793,80.621407,44.535999,273.579987,538.638062
2023-09-12,174.257767,325.490936,134.961975,141.229996,44.838642,299.311188,138.315002,312.389679,27.238958,151.821320,456.032440,29.124165,53.718376,142.599976,91.584671,53.368523,107.880142,149.784744,271.196198,169.033783,136.241714,81.754723,43.469002,267.480011,538.647400
2023-09-13,172.191986,329.699768,136.380325,144.850006,45.453224,302.684692,138.381149,316.241455,27.154337,152.201828,455.975433,29.064472,53.847378,143.594238,91.422997,53.381500,106.916039,149.237030,265.528015,171.160034,137.346786,81.559326,41.223999,271.299988,539.582520
2023-09-14,173.704254,332.289825,137.858215,144.720001,45.549152,309.292847,141.065430,325.294983,27.455217,151.969803,459.548492,29.124165,54.293163,145.170029,92.431076,53.605320,108.825897,150.161865,271.917938,172.919952,139.861557,82.536324,40.049000,276.040009,544.412048
2023-09-15,172.982727,323.970337,137.173813,140.389999,43.869328,297.971680,140.649551,323.378540,27.116726,149.844406,462.494324,29.055939,53.810223,143.950668,91.546623,53.407448,107.154747,149.506378,268.636383,172.455368,139.652725,83.611015,39.694000,274.390015,536.305176
2023-09-18,175.908417,322.832245,137.828430,139.979996,43.935276,300.194214,140.942535,324.114899,27.041508,150.791092,461.886078,28.689226,54.144562,144.494675,90.833336,53.011692,108.017876,150.152908,270.358948,173.723969,137.868912,83.063896,39.439999,265.279999,542.435852
2023-09-19,176.995682,322.429993,137.699493,137.630005,43.489590,302.694611,140.762924,322.764893,26.938082,150.540497,456.754700,28.987717,54.033127,144.072617,89.986916,52.998718,107.733215,150.134933,269.136841,174.519058,137.494751,80.054764,39.619999,266.500000,544.007080
2023-09-20,173.457138,314.699127,133.494019,135.289993,42.209484,297.336670,140.167526,317.865204,26.844055,151.199463,467.654236,28.672163,54.274590,143.950668,89.435310,53.170643,106.879288,149.676987,268.116699,173.706100,137.172775,80.660492,38.630001,262.589996,543.505981
2023-09-21,171.915207,313.482605,130.290314,129.330002,40.988335,293.427368,139.071152,311.766541,26.373932,150.039291,476.216125,28.015484,53.438744,142.703171,87.105270,52.525112,105.373436,148.330109,261.784546,171.017090,135.249680,80.826584,38.415001,255.699997,535.071350
2023-09-22,172.765213,311.010315,130.181244,129.119995,41.580921,296.751251,137.738434,309.548035,25.988428,148.962692,480.929443,27.879032,53.494461,142.177887,86.401527,52.664600,105.538712,149.308853,262.775757,169.542984,133.813919,79.380630,37.980999,244.880005,538.454834
2023-09-25,174.040314,311.530273,131.093719,131.270004,42.192493,298.487610,138.418961,310.444885,25.950821,148.739944,484.901520,28.126356,52.937229,141.314972,86.163757,52.898155,106.723190,151.490845,263.940155,171.401215,134.275085,79.146156,38.480000,246.990005,538.483643
2023-09-26,169.968048,306.232513,128.395889,125.980003,41.881718,296.632172,136.982315,305.705719,25.546513,147.589081,480.311798,27.631712,52.500725,140.058075,85.754814,52.713253,106.888481,150.673721,259.369019,167.854568,132.178024,78.208244,37.924999,244.119995,533.027710
2023-09-27,168.455750,306.870148,130.389526,125.980003,42.438324,295.421692,137.785690,303.940308,25.640539,145.816391,478.677307,27.375864,51.962067,138.200882,85.041534,52.460236,110.368477,153.583023,262.438904,167.845627,132.621811,78.061691,37.758999,240.500000,543.216736
2023-09-28,168.712738,307.704071,132.045914,125.980003,43.058887,301.593201,139.496445,307.008545,25.913212,145.602921,484.730469,27.367334,51.832047,137.262894,85.241249,52.726231,109.698181,153.178955,265.835968,167.157715,135.310608,78.286392,37.636002,246.380005,548.132812
2023-09-29,169.226715,309.774200,130.776337,127.120003,43.468609,297.872437,137.067368,305.469666,25.743965,144.554153,479.114410,28.288389,51.989929,136.812683,90.937950,51.879574,107.962776,151.410019,262.717987,165.040466,135.632568,79.185234,37.759998,250.220001,544.595154
2023-10-02,171.737305,315.709717,134.069305,129.460007,44.750706,304.430939,135.885925,300.683319,25.104595,143.997269,488.978180,28.945072,51.525570,136.184235,89.929848,51.934723,106.172279,149.542313,261.486176,163.137573,134.945129,79.790970,38.033001,251.600006,550.716187
2023-10-03,170.402939,307.458832,132.214508,124.720001,43.486588,298.596802,134.884064,288.995850,24.361803,144.173599,484.131836,28.910959,50.968342,136.465652,90.433899,51.607090,106.355919,149.892502,258.839813,161.824310,133.787811,77.709976,37.674999,246.529999,544.672241
2023-10-04,171.648331,312.923431,135.160339,127.000000,44.010227,303.200623,135.488968,291.337128,24.390007,144.340683,485.224609,28.407789,51.116932,136.915863,91.194725,52.226669,102.380081,146.399536,255.048172,163.039307,133.761734,77.495049,37.689999,261.160004,551.188660
2023-10-05,172.883865,313.315857,134.882614,125.959999,44.656780,302.416779,136.060242,293.130798,24.502842,145.844223,490.555603,28.544243,48.646526,134.880463,91.099632,51.603848,100.075371,147.171753,250.977463,160.823761,133.465866,78.950752,37.258999,260.049988,548.990845
2023-10-06,175.433990,321.066315,137.600296,127.959999,45.730026,312.973969,138.154968,295.000153,24.512239,146.308304,498.708832,28.254278,49.352352,135.152481,92.354996,50.737728,98.404243,145.672211,256.020111,164.969009,134.240311,81.031746,38.151001,260.529999,537.433044
2023-10-09,176.916626,323.577881,138.364044,128.259995,45.241364,315.881165,137.840714,295.122772,24.737902,147.143585,500.324432,28.313978,49.110886,134.467773,92.136253,50.552826,101.847511,149.703964,261.082031,166.630661,134.301208,82.751259,38.595001,259.670013,538.820984
2023-10-10,176.323563,322.174988,138.066498,129.479996,45.765999,319.334045,138.678604,297.161987,25.396074,146.976532,498.167206,28.288389,50.178913,135.799667,92.840027,51.123749,101.415955,149.542313,262.920105,166.469849,135.354126,83.034576,37.332001,263.619995,541.828796
2023-10-11,177.717224,326.128693,140.546112,131.830002,46.773293,325.267487,139.154694,295.509796,25.405478,144.953217,498.062744,28.237223,49.881725,134.130066,93.819580,51.328106,97.779861,144.657578,262.554382,167.416779,135.136581,82.897804,36.592999,262.989990,545.135010
2023-10-12,178.616684,324.892517,139.147583,132.330002,46.912189,321.635986,138.830948,292.517181,25.292645,145.092453,499.402618,28.075184,49.045876,134.430252,94.390205,51.561680,97.761497,144.774261,259.455658,164.325745,135.206177,82.409309,36.119999,258.869995,543.457764
2023-10-13,176.778229,321.527405,137.451523,129.789993,45.429226,312.239746,140.916138,291.997955,25.161013,145.575104,512.573242,27.384394,49.120171,135.715271,95.017899,51.847134,100.883392,147.315414,257.848572,163.986267,134.945129,82.409309,35.568001,251.119995,546.407471
2023-10-16,176.649734,326.344543,139.345993,132.550003,46.062794,318.649384,140.773331,296.803253,25.377268,146.206177,511.271332,28.373676,49.621681,137.009674,97.043594,52.294796,100.956848,148.518677,260.591248,166.371567,136.311310,83.738014,36.082001,253.919998,551.612793
2023-10-17,175.097900,325.775452,139.841934,131.470001,43.907299,321.477173,140.468643,292.054596,25.969627,144.869705,509.960083,27.930201,50.216061,137.187881,97.966095,52.362923,102.279083,150.485153,262.381165,166.451965,136.772461,84.216743,35.571999,254.850006,553.637085
2023-10-18,173.803085,323.862396,138.145828,128.130005,42.166515,314.501984,138.926193,285.068512,25.678148,141.751251,509.399414,26.787411,50.197487,140.724045,98.688896,52.401844,103.711472,151.679398,249.457001,163.905869,133.848724,82.731720,34.618999,242.679993,553.926208
2023-10-19,173.427505,325.049500,137.848282,128.399994,42.071583,310.374298,138.335831,282.453491,25.349062,141.370697,505.189636,26.599789,50.476105,139.932114,98.004135,52.152065,103.775757,151.841034,243.365402,162.833832,132.317230,81.334618,40.176998,220.110001,545.241089
2023-10-20,170.877396,320.487488,135.626526,125.169998,41.358078,306.246704,136.107834,283.265381,24.737902,142.001831,500.818512,26.139259,50.680424,139.743347,97.642754,51.500038,101.994446,149.802719,241.053543,161.985138,132.230240,80.748428,40.096001,211.990005,532.998779
2023-10-23,170.995987,323.087372,136.777069,126.559998,42.944973,311.565063,134.251175,282.481812,24.042120,140.507568,495.630066,26.301296,50.225357,139.837723,97.775894,52.229916,100.497757,144.280411,239.235001,161.270462,128.923599,81.188065,40.683998,212.080002,532.381897
2023-10-24,171.430923,324.274445,138.979004,128.559998,43.632488,310.116364,134.413055,282.444061,23.948093,140.359070,498.889435,25.951637,51.674156,141.489517,100.029854,52.956551,99.524452,140.661713,241.392105,162.110229,129.932999,80.660492,41.373001,216.520004,531.948059
2023-10-25,169.118011,334.222534,125.638512,121.389999,41.749809,297.197784,133.679871,280.159515,24.023314,140.674622,503.840271,26.207483,52.119949,142.150269,98.470146,52.797596,99.708107,139.961334,236.932816,159.099594,127.853287,78.735817,41.125000,212.419998,530.164795
2023-10-26,164.956757,321.684418,122.434822,119.570000,40.297821,286.104797,134.022659,280.376526,24.559258,138.289368,502.082336,26.574200,51.804188,141.395142,95.122505,52.476452,98.799072,138.955643,234.504837,157.286026,120.265465,77.944458,40.354000,205.759995,527.860962
2023-10-27,166.271362,323.568054,122.395142,127.739998,40.471699,294.419556,129.195343,273.692596,23.666021,135.133789,498.566284,25.678732,51.302677,138.903259,93.182404,52.281811,96.916748,129.617126,230.761383,158.125778,117.324326,77.504814,39.786999,207.300003,523.455627
2023-10-30,168.317352,330.926178,124.726006,132.710007,41.132244,300.303406,130.842545,284.001770,24.154949,136.460968,503.631317,26.053976,52.147820,140.885422,96.815353,52.881939,97.219757,131.179520,234.243698,160.582565,120.761467,78.823753,41.007999,197.360001,534.878540
2023-10-31,168.791824,331.710938,124.279671,133.089996,40.751507,298.924194,132.404053,286.626221,24.766108,137.676804,508.924286,26.062506,52.463577,141.612228,97.737862,53.008446,97.192207,130.856262,218.660324,163.718262,122.910751,79.712807,41.168999,200.839996,532.526428
2023-11-01,171.954742,339.520325,126.531181,137.000000,42.295429,309.421783,132.289780,289.977661,24.822523,138.001663,505.161163,26.019863,52.417141,141.215805,95.940392,53.482063,96.999382,129.284882,224.251389,164.370422,121.649033,79.204765,42.019001,205.660004,536.729187
2023-11-02,175.513046,341.727753,127.532967,138.070007,43.475594,308.449432,134.651077,296.208496,25.969627,139.440216,509.466003,26.011335,53.020809,142.943130,99.934746,53.692913,100.185570,133.577011,231.303070,166.550247,123.554688,81.373703,42.471001,218.509995,536.912720
2023-11-03,174.603683,346.122955,129.308365,138.600006,44.973553,312.150421,136.155472,309.293091,26.721825,140.461151,504.495972,26.659487,52.695759,141.649994,101.817787,53.413929,98.964348,132.544373,232.879776,168.837250,124.311722,83.112747,43.236000,219.960007,541.673828
2023-11-06,177.153839,349.782349,130.379578,139.740005,45.719032,313.341064,137.183762,305.790680,26.637201,140.795288,506.928680,26.591257,52.909374,142.471176,101.998482,53.485298,97.210571,131.996643,230.490509,167.506134,123.798347,82.086914,43.473999,219.270004,550.288025
2023-11-07,179.713852,353.706696,131.321838,142.710007,45.922886,316.337555,137.117081,305.828491,26.477358,140.052780,511.081299,26.650957,53.104401,142.140823,104.005165,53.735088,95.686348,129.670990,227.240372,166.710999,123.432869,82.643776,43.460999,222.179993,551.688354
2023-11-08,180.771408,356.326141,132.174850,142.080002,46.541454,317.290131,137.793137,306.404266,26.223492,139.542328,510.036072,26.284243,53.020809,141.593338,104.033699,53.297165,94.511047,127.866142,227.143646,164.933243,123.519890,82.555862,43.665001,222.110001,547.931702
2023-11-09,180.297012,353.863647,130.617645,140.600006,46.917187,318.054047,137.383728,302.835785,25.885002,136.822952,512.193176,25.653280,52.621452,141.914291,101.760719,53.173882,94.538589,127.453087,226.495499,165.059036,121.779549,88.261490,43.514999,209.979996,543.962524
2023-11-10,184.483490,362.673645,132.968338,143.559998,48.301224,326.210022,139.421249,307.301178,26.026041,136.665146,514.293274,25.480415,52.677185,142.914810,100.914307,53.910252,95.263969,128.360001,231.844757,167.781876,121.585869,86.239113,44.723999,214.649994,557.337830
2023-11-13,182.899948,359.740265,132.551727,142.589996,48.586021,326.626801,138.802383,308.622833,26.044846,137.017838,515.585571,25.048248,52.872215,143.905899,99.097824,54.393589,96.264824,129.302841,233.769714,167.602142,121.638695,87.382210,44.462002,223.710007,558.409729
2023-11-14,185.512817,363.262299,134.327194,145.800003,49.621300,333.691345,141.335068,319.772247,27.474018,137.045700,513.580566,25.290262,53.030098,143.584976,100.571938,54.383858,96.635460,130.245667,239.757370,170.954025,126.040482,88.974709,44.865002,237.410004,570.548950
2023-11-15,186.076935,363.409760,135.269455,143.199997,48.853840,330.119385,142.572830,318.714844,27.850122,138.103729,511.632538,26.094090,53.132259,142.924240,102.540581,55.074810,96.051712,130.703613,242.881760,170.333954,129.561905,91.768898,46.194000,242.839996,576.323914
2023-11-16,187.759476,369.799713,137.570572,142.830002,49.445423,331.587891,144.201019,317.836884,27.774900,139.310303,512.972351,25.731070,53.076538,144.255127,102.340866,50.617695,94.939781,128.634888,240.095901,171.376389,129.333008,92.335548,46.695000,233.589996,558.747864
2023-11-17,187.739670,363.586731,135.824890,145.179993,49.263554,332.431244,145.505432,320.215942,28.188610,139.022568,509.618011,25.860720,53.178696,142.593887,100.771652,50.393871,97.256287,131.075623,244.797028,171.825699,130.274994,91.983833,46.591000,234.300003,557.366760
2023-11-20,189.481552,371.048218,136.796906,146.130005,50.373775,337.322815,145.952911,320.461426,28.216816,140.248123,508.487152,25.912575,53.308716,141.838776,101.114029,50.377644,96.830055,131.003021,242.262680,172.355881,131.674759,92.843590,47.446999,235.600006,560.891724
2023-11-21,188.679886,366.752258,137.491196,143.899994,49.909103,334.356110,145.648254,316.231995,27.887730,141.380127,512.753845,26.189167,53.893814,141.215805,101.332779,50.559311,96.792992,130.694550,241.256683,171.852646,131.850815,92.276924,47.494999,241.199997,564.271606
2023-11-22,189.343018,371.451233,138.879807,146.710007,48.681957,338.831024,145.991028,319.696747,27.859518,141.099487,516.716492,26.206451,54.256020,142.546677,102.635681,50.173290,96.376022,130.957672,237.967804,172.814163,132.713577,92.882668,47.799999,234.210007,568.887817
2023-11-24,188.016800,371.038361,137.094467,146.740005,47.742611,335.596466,146.190979,320.178162,27.953545,142.671234,519.890381,26.362032,54.395329,142.886505,102.369392,50.624191,96.894920,131.474854,239.273697,173.802658,133.840424,93.849884,47.956001,235.449997,571.089722
2023-11-27,187.838638,372.198364,136.925842,147.729996,48.208290,332.093933,145.857742,318.818665,27.793705,141.529846,516.554871,26.050873,54.293163,142.754349,102.673729,50.854507,96.329681,130.984894,239.302734,173.407272,131.692368,92.980370,47.917000,236.080002,574.508301
2023-11-28,188.442337,376.219116,137.491196,147.029999,47.787582,336.350525,146.190979,318.762054,27.765499,141.857300,513.647217,25.661922,54.404610,143.745438,103.425041,51.461113,96.274094,132.028305,239.409103,174.575470,132.704773,90.371796,47.900002,246.720001,573.639099
2023-11-29,187.422974,372.434326,135.289291,146.320007,48.106361,329.613403,146.933624,323.863770,28.498890,142.306351,508.373047,25.999012,54.079556,142.650513,104.965721,50.630680,94.828590,130.576599,241.295395,174.566498,134.069305,90.371796,47.719002,244.139999,567.709717
2023-11-30,187.997009,372.493317,132.829483,146.089996,46.737328,324.602661,148.609390,325.082123,28.896946,144.692001,525.468384,26.336102,54.706757,144.906433,104.870621,50.504162,95.199226,130.295303,242.523849,176.058182,133.470657,90.557426,47.396999,240.080002,572.422363
2023-12-01,189.273727,368.167847,132.234375,147.029999,46.732327,322.290833,149.332993,331.640106,29.342386,148.172256,521.721069,24.987749,54.893974,144.094681,108.286774,50.066238,95.430893,131.393188,248.366425,177.729614,136.375854,90.449959,46.574001,238.830002,575.812073
2023-12-04,187.482361,362.888794,129.566284,144.839996,45.478195,317.528168,150.427994,332.553864,29.209703,148.640030,522.789062,25.307549,54.828457,143.528336,109.880356,50.053268,94.911980,131.447632,246.422119,178.250824,137.264999,89.893074,45.389999,235.580002,578.545227
2023-12-05,191.431320,366.211517,131.311935,146.880005,46.537560,315.811676,150.408936,325.282013,28.982243,148.331284,524.677002,25.143326,54.912704,138.525711,110.128456,50.517143,93.068039,129.623856,246.847748,176.983765,135.715591,88.701149,45.514999,238.720001,584.600037
2023-12-06,190.342636,362.554535,130.359726,144.520004,45.475197,314.978210,148.828354,325.491455,28.934856,146.525665,523.980957,24.884027,54.856537,138.421890,110.796417,49.968918,91.835663,129.324417,247.602234,177.738617,136.710358,89.394798,44.673000,239.369995,586.608887
2023-12-07,192.272583,364.668091,137.322586,146.880005,46.567535,324.046997,149.285416,328.013672,29.058062,145.384323,522.779541,24.745731,54.987598,138.280304,109.555908,49.640072,91.196297,129.224640,248.995178,177.738617,137.775589,90.225258,45.200001,242.639999,590.008240
2023-12-08,193.697784,367.892548,135.527344,147.419998,47.476974,330.159088,150.932617,333.924438,29.342386,144.467468,524.209778,24.875381,54.865902,137.006042,110.605583,49.119122,92.243370,130.939514,251.016830,174.880981,137.599533,90.979980,45.375999,243.839996,589.844055
2023-12-11,191.193787,365.012177,133.603134,145.889999,46.598515,322.747223,151.484833,334.809631,29.238138,145.066223,518.402893,24.754377,55.268425,137.638474,113.182022,49.242844,92.308228,130.975815,252.390411,180.075027,137.141754,90.372269,45.988998,239.740005,602.475708
2023-12-12,192.708038,368.040009,132.551727,147.479996,47.627884,331.617645,152.836868,335.618683,29.133883,145.075607,520.348022,24.702517,55.624153,137.751724,114.164871,49.281918,90.853462,129.297211,252.883728,181.081512,136.780777,89.264671,46.299999,237.009995,607.922363
2023-12-13,195.924622,368.030151,132.879074,148.839996,48.058628,332.133606,153.351013,345.251038,30.365959,145.749161,523.485046,23.043009,56.101570,140.243607,115.624847,50.157764,91.659607,131.211716,259.209930,182.492325,138.435852,90.989799,47.998001,239.289993,619.993958
2023-12-14,196.073105,359.733124,132.115356,147.419998,48.320461,330.575806,156.140793,364.991608,32.166687,146.759567,509.401855,22.584913,55.268425,136.543533,115.481728,49.545650,94.124374,136.038803,275.847687,182.788864,142.934479,92.077782,46.983002,251.050003,609.158508
2023-12-15,195.538681,364.451874,132.750137,149.970001,48.860130,332.312195,157.321426,362.174286,31.844454,145.159775,506.426788,23.017075,54.856537,135.882812,115.987473,49.731236,93.494278,135.512573,276.399048,182.779861,143.445114,91.607292,47.206001,253.500000,636.237427
2023-12-18,193.875916,366.339294,136.072861,154.070007,50.046410,341.936676,158.273560,358.262299,31.683336,145.421738,502.069305,23.388739,55.249706,137.968796,115.596222,50.457306,94.189240,135.811981,276.370026,184.307571,142.239029,91.019188,48.612000,252.080002,657.888855
2023-12-19,194.915115,366.938965,136.975464,153.789993,49.573692,347.631927,160.387329,364.020721,31.759151,146.375992,499.675995,24.339499,55.071846,137.968796,117.027596,50.639645,95.430893,137.590393,283.383026,183.858215,142.283005,92.067978,49.501999,257.220001,654.508728
2023-12-20,192.826828,364.343689,138.522751,152.119995,48.081608,346.560364,158.578278,359.328339,31.256844,143.391586,491.943085,23.881407,53.929775,135.835602,115.872963,50.047066,93.837120,136.329163,280.239258,182.330597,138.180573,89.460716,48.926998,247.139999,638.342590
2023-12-21,192.678375,367.214264,140.645309,153.839996,48.960068,351.332916,159.482773,362.231384,31.465351,144.860382,495.709442,24.469149,54.285511,136.165985,116.922615,50.401958,94.263367,136.746567,280.587463,184.262634,138.356659,90.195847,49.160999,254.500000,642.359924
2023-12-22,191.609467,368.236603,141.557800,153.419998,48.800175,350.638428,159.387589,362.307465,31.683336,145.440460,496.119415,24.546936,54.594421,137.128754,103.095726,51.004307,94.430161,137.055023,280.867950,184.792816,139.316208,89.215668,48.675999,252.539993,648.579224
2023-12-26,191.065140,368.315277,141.657013,153.410004,49.248894,352.067139,160.330185,363.221191,32.090870,146.076630,495.852448,24.555580,54.819084,137.751724,103.076645,50.926170,94.643265,138.289047,285.965759,186.949524,139.122574,89.147057,49.118999,256.609985,651.495728
2023-12-27,191.164078,367.735321,140.288223,153.339996,49.386806,355.043762,161.291840,365.952942,32.071915,146.273071,498.484100,24.728445,54.959511,137.864990,102.227371,51.404797,94.198502,137.835403,288.374329,187.830170,138.074936,88.588348,49.179001,261.440002,658.587402
2023-12-28,191.589676,368.924744,140.129532,153.380005,49.491749,355.529999,162.148773,367.789948,32.109825,146.488235,500.496094,24.884027,54.996948,137.553513,103.840042,51.303856,92.836380,135.893661,287.174927,187.964966,138.488693,88.607956,49.050999,253.179993,654.932800
2023-12-29,190.550461,369.671967,139.782379,151.940002,49.491749,351.203979,161.958344,367.180786,31.910793,146.637955,501.992981,24.884027,55.165451,138.318054,103.601479,51.329903,92.641800,135.340149,286.004456,188.450180,138.418274,88.500137,48.688000,248.479996,651.950134
2024-01-02,183.731293,364.589447,138.423538,149.929993,48.138569,343.593689,163.843582,369.588867,32.128777,149.659760,514.264648,25.696499,55.998592,140.394623,101.673927,51.863880,94.847122,135.630508,283.141205,187.812195,139.395462,88.911812,46.849998,248.419998,642.636230
2024-01-03,182.355576,364.324066,139.217041,148.470001,47.539936,341.787842,163.129486,363.392609,31.778105,150.595322,516.829651,25.696499,56.129654,139.545090,99.278809,51.867130,95.644012,138.216446,275.006104,183.795334,138.691177,89.833183,47.026001,238.449997,636.749573
2024-01-04,180.039673,361.709076,136.915894,144.570007,47.968678,344.417206,164.211990,364.496674,32.034004,150.277191,520.062073,25.143326,55.942429,140.309662,97.618416,51.365723,94.810051,136.701202,276.747314,184.127838,138.207001,88.764786,47.466999,237.929993,640.364563
2024-01-05,179.317169,361.522308,136.271225,145.240005,49.067005,349.209595,165.035904,367.818512,32.631092,150.745010,512.395752,25.471769,55.858177,139.148666,97.408478,51.023846,95.097305,136.465271,279.484741,182.896698,139.729980,89.098045,47.405998,237.490005,647.930298
2024-01-08,183.652115,368.344757,139.385635,149.100006,52.221085,355.867310,164.796417,370.121887,32.375198,151.119217,511.575745,25.566845,56.270073,140.347427,98.878014,51.525257,93.512802,135.648651,282.696228,182.114914,140.786438,89.735161,48.502998,240.449997,653.540344
2024-01-09,183.236435,369.426117,141.399139,151.369995,53.107536,354.646881,163.493530,365.248596,31.872887,151.212814,513.339844,25.411266,56.167095,140.923187,98.038269,51.870388,92.354568,132.200745,282.734955,181.189346,140.804016,87.892433,48.209000,234.960007,658.962646
2024-01-10,184.275681,376.287933,142.629044,153.729996,54.316799,367.585358,163.838425,363.554413,31.844454,151.437302,512.643677,25.056892,56.354317,141.527313,99.021141,52.515064,91.446495,131.111893,283.760284,181.881271,141.930893,87.519958,47.833000,233.940002,664.473877
2024-01-11,183.681824,378.116425,142.500107,155.179993,54.788509,366.791656,163.148636,361.450897,31.417969,150.763702,514.588867,24.546936,55.989243,142.065308,101.053665,52.456463,91.427963,131.819656,282.512390,181.225266,140.196564,87.676788,49.223000,227.220001,665.283813
2024-01-12,184.008438,381.891388,143.065445,154.619995,54.676571,371.574066,161.951126,359.547241,31.086250,151.923798,497.263641,24.806240,56.532185,142.150269,100.252106,52.524837,92.613998,133.625259,280.916412,180.713058,139.369049,88.558945,49.216000,218.889999,674.824829
2024-01-16,181.741989,383.660889,142.906738,153.160004,56.347557,364.598816,160.935623,362.117157,30.441780,150.174316,495.013428,24.477791,56.157734,141.385712,97.064964,52.690891,90.519890,130.376984,277.840332,177.720627,136.745590,91.205421,48.124001,219.910004,673.096436
2024-01-17,180.801758,382.874512,141.726440,151.710007,56.018761,365.501709,160.073425,359.004700,30.138496,150.090103,500.534149,24.330856,56.157734,141.527313,96.206146,52.443436,89.861984,129.859772,269.521484,177.882401,136.067719,88.549141,48.033001,215.550003,675.763123
2024-01-18,186.690536,387.199982,143.809357,153.500000,57.072113,373.201294,160.389587,358.747742,30.072157,150.819839,492.334015,24.278996,56.316872,140.711365,96.320656,53.149979,89.695206,128.680237,272.684570,179.841400,137.802017,90.382080,48.530998,211.880005,678.844666
2024-01-19,189.590424,391.918640,146.765060,155.339996,59.454659,380.464325,163.158218,363.782806,30.536558,151.259567,480.148193,24.443220,56.007957,140.169952,97.122208,52.869965,89.834175,129.061310,277.232513,180.425491,138.118942,91.215225,48.294998,212.190002,686.410400
2024-01-22,191.896454,389.795258,146.507202,154.779999,59.617558,378.807343,162.966629,367.361633,30.849314,151.998627,489.139709,24.469149,55.764568,140.445404,95.958038,52.873219,89.713737,129.288132,280.526947,180.659164,139.624359,93.195190,48.570999,208.800003,683.980652
2024-01-23,193.173203,392.144806,147.469269,156.020004,59.836426,382.200714,161.893661,362.421753,31.057817,149.510071,491.552185,24.572870,56.026680,146.258514,97.236717,53.006714,90.723740,128.925201,280.682404,182.366516,140.909668,91.911148,49.219002,209.139999,679.121338
2024-01-24,192.500229,395.742767,149.125702,156.869995,61.324516,387.657898,163.340240,361.117706,31.256844,148.714874,489.368561,24.486435,55.146729,144.491760,96.148895,52.257854,92.289696,131.492996,282.480255,179.607773,137.846024,91.646500,54.487000,207.830002,678.054565
2024-01-25,192.173584,398.013672,152.388901,157.750000,61.579350,390.118530,165.677780,364.258698,31.645420,149.276184,470.460510,24.100407,55.380764,147.816284,96.158424,53.019737,94.633987,134.804825,292.285583,182.025024,140.601562,92.979546,56.200001,182.630005,671.526001
2024-01-26,190.441589,397.089569,152.537659,159.119995,60.993717,391.071045,165.045471,359.585358,31.683336,149.220047,479.804962,24.100407,55.577347,148.310196,98.047821,53.485340,95.440140,135.322006,290.983368,181.342102,140.240616,93.469635,57.042000,183.250000,678.419983
2024-01-29,189.758682,402.781555,153.579117,161.259995,62.426838,397.897522,165.476593,362.221832,31.853930,149.089066,481.082611,24.109182,55.914341,148.329208,99.126114,53.736042,95.560616,135.267578,294.695618,182.465378,139.113754,95.557411,57.578999,190.929993,685.462219
2024-01-30,186.106628,401.670685,151.803711,159.000000,62.735649,396.944946,168.867935,368.227753,32.972279,148.537109,480.195831,23.705606,56.073490,149.592499,99.412369,53.915119,97.154350,136.211212,296.163055,185.026459,127.704353,95.018318,56.285000,191.589996,692.109314
2024-01-31,182.504059,390.847168,140.645309,155.199997,61.489418,387.102234,167.038147,365.505615,32.233028,148.658737,487.947876,23.758249,55.689678,149.260056,96.883652,53.804417,95.264084,133.770432,291.838562,181.755463,124.922417,94.145958,56.410999,187.289993,686.321472
2024-02-01,184.938766,396.942108,141.547913,159.279999,62.988495,391.706055,166.434616,365.353363,31.797066,148.153549,483.561768,23.942488,57.084492,151.197754,97.103127,54.800735,94.874908,134.187820,299.010406,177.307266,125.371414,95.135933,56.750999,188.860001,696.826111
2024-02-02,183.939163,404.256195,142.371155,171.809998,66.119598,471.291534,167.392624,369.170074,31.721252,146.516296,486.508087,23.626650,56.672604,150.162399,96.101173,55.210991,94.485741,138.134811,306.201630,176.228943,124.878410,95.204544,56.464001,187.910004,701.771790
2024-02-05,185.750320,398.780457,143.749786,170.309998,69.289642,455.832825,167.172272,364.563263,31.266327,145.758545,479.576050,23.310806,56.204540,150.276398,95.118309,54.914696,94.096581,138.216446,312.333618,173.443192,122.439812,94.734062,56.206001,181.059998,703.433472
2024-02-06,187.353683,398.623169,144.225937,169.149994,68.181320,451.179321,167.747070,366.438385,31.313713,147.872864,486.927612,24.126732,56.110928,150.988815,97.914230,55.289127,94.745186,138.234619,313.616425,174.009308,128.461456,97.321732,55.588001,185.100006,703.067566
2024-02-07,187.462555,407.038239,145.485580,170.529999,70.056168,465.933624,168.063202,368.027893,31.446400,147.798019,495.242218,24.179371,56.157734,151.140762,99.040230,55.149124,94.717392,138.034988,314.461853,174.422745,129.623505,97.174698,55.930000,187.580002,711.959961
2024-02-08,186.383759,407.097168,146.021194,169.839996,69.598450,466.340393,167.459671,366.486023,31.389534,146.319855,495.909607,24.188145,56.007957,150.684814,99.021141,55.145866,96.338951,139.786163,312.916718,173.847580,130.222137,108.348709,55.853001,189.559998,716.292297
2024-02-09,187.146820,413.428131,148.996735,174.449997,72.088951,464.465118,167.660843,365.743561,31.342148,146.656647,494.126587,24.179371,55.755211,149.526001,99.717735,55.116562,94.300415,137.045975,308.213226,175.087677,128.760773,106.241333,56.132000,193.570007,715.540527
2024-02-12,185.462128,408.227753,147.518890,172.339996,72.203857,465.248993,168.408096,373.719788,31.863409,147.676422,493.573578,24.267103,55.886265,149.231552,102.275093,55.448673,95.597679,137.989609,312.557190,177.343216,129.808411,107.123497,55.785000,188.130005,714.561279
2024-02-13,183.371155,399.439087,145.178116,168.639999,72.083954,456.537323,166.942337,360.499084,31.038858,146.385345,492.820251,23.661741,55.558620,148.433685,100.194855,55.070988,94.774666,136.646744,304.015076,174.341827,127.563477,108.270302,55.452000,184.020004,706.489868
2024-02-14,182.489197,403.299805,145.941833,170.979996,73.854858,469.594849,168.638000,359.823273,31.399008,145.702408,492.906097,23.784569,55.502453,147.825775,101.463982,54.895157,94.307068,137.018768,307.775940,175.114624,126.964851,109.348495,57.932999,188.710007,714.333801
2024-02-15,182.201828,400.414124,142.767899,169.800003,72.613609,480.261169,172.316757,366.847717,32.289902,147.741882,496.662903,24.135504,55.605431,149.136566,101.196808,55.119816,97.009850,141.678391,313.956543,177.882401,129.394638,110.220848,59.346001,200.449997,716.638489
2024-02-16,180.665787,397.951965,140.605621,169.509995,72.568626,469.634521,171.512039,365.914917,32.308853,147.572220,497.301819,24.232010,55.596069,149.611496,98.773033,55.468204,97.009850,141.834305,312.829285,177.181503,132.118744,109.387703,58.395000,199.949997,716.124146
2024-02-20,179.922546,396.701111,141.042053,167.080002,69.409576,468.076752,172.182632,365.990997,32.185642,148.807098,496.834595,24.205690,56.822380,150.561340,98.572655,57.258972,96.093338,141.256439,304.889679,178.772018,132.323486,107.270515,57.513000,193.759995,717.805664
2024-02-21,180.675735,396.100403,142.668701,168.589996,67.430786,464.878479,173.303513,369.560333,31.939230,149.580078,497.702179,24.275879,57.327888,152.356567,100.452484,56.555695,98.057274,142.577301,308.193817,179.302246,131.994095,105.535599,57.334999,194.770004,715.164795
2024-02-22,182.707199,405.427185,144.136658,174.580002,78.490021,482.856598,175.382401,371.654297,31.853930,151.248550,502.021606,24.170597,57.243641,152.508545,100.271194,57.112453,97.973106,142.568130,313.004211,180.452454,133.293823,105.506203,58.847000,197.410004,726.421021
2024-02-23,180.873886,404.137024,144.106918,174.990005,78.768852,480.770721,176.263733,372.206329,32.147736,152.558823,502.727234,24.354837,57.290443,152.954987,100.796021,57.161297,97.112717,141.861816,314.743713,180.290726,132.314575,105.604218,58.355999,191.970001,729.912720
2024-02-26,179.526154,401.379333,137.620163,174.729996,79.043694,478.496155,175.660217,371.416321,31.853930,151.569046,500.896484,23.845984,56.831741,152.185577,99.755905,58.216221,97.496155,141.669205,316.201416,178.996674,131.308609,105.545403,58.764999,199.399994,737.252075
2024-02-27,180.982895,401.320282,138.959152,173.539993,78.652916,483.770386,175.746429,371.977905,32.488934,151.748169,489.549713,23.591555,56.485382,151.311722,100.337990,58.206455,97.290405,139.568710,318.387939,178.089096,131.994095,107.250916,60.167000,199.729996,736.618958
2024-02-28,179.783813,401.556641,136.310898,173.160004,77.615562,480.760773,176.637390,376.885803,32.517361,152.285492,475.113647,23.723156,56.541546,152.024124,99.574600,58.235752,97.561623,139.733810,320.263428,177.540924,131.548965,108.603561,59.647999,202.039993,739.833740
2024-02-29,179.119858,407.387146,138.641769,176.759995,79.063667,486.829651,178.246826,372.926910,32.946850,152.125229,470.651276,23.302032,56.185818,150.969788,99.173828,57.249207,97.748657,139.431107,324.539337,179.564896,131.985184,109.368103,60.292000,201.880005,735.807983
2024-03-01,178.039688,409.219025,136.955582,178.220001,82.228729,498.917664,177.509171,372.016266,32.784599,152.822769,466.770477,23.328354,55.727119,150.884308,97.564972,57.395721,98.983131,140.164902,327.202057,179.510681,131.807144,109.730766,61.933998,202.639999,741.297668
2024-03-04,173.520798,408.647766,133.107193,177.580002,85.184921,494.835358,178.840775,375.994293,33.548138,150.673538,459.466583,22.714218,55.989243,151.558685,95.324081,57.923191,97.599022,136.560135,329.097015,180.025711,134.077225,111.436272,61.583000,188.139999,750.931824
2024-03-05,168.585709,396.563263,132.690598,174.119995,85.915520,486.919037,180.632248,374.709839,33.777195,150.796082,451.151978,22.880913,55.717762,151.330765,94.146172,58.646000,98.796104,137.211380,324.121490,178.317978,133.231522,110.632523,59.849998,180.740005,751.693542
2024-03-06,167.594727,396.011719,131.480530,173.509995,88.649963,492.749481,181.571121,373.425385,33.805832,150.202209,450.627625,23.854757,55.745850,151.568222,93.494972,59.163700,99.852875,136.055649,326.162231,181.164185,135.804260,107.878227,59.769001,176.539993,764.838989
2024-03-07,167.475845,402.955170,134.138733,176.820007,92.616722,508.741119,179.980820,372.332581,34.006260,149.759171,456.520233,23.503822,55.642876,152.565552,94.031265,58.958565,100.414024,137.009583,330.622711,183.070740,136.569855,107.995850,60.851002,178.649994,777.054871
2024-03-08,169.190216,400.079254,135.180176,175.350006,87.478630,502.543121,180.316116,370.952271,33.977631,150.371902,456.204376,23.881073,55.717762,152.309097,94.960167,58.724140,101.358597,137.477371,329.621826,181.390106,137.059509,108.133080,60.481998,175.339996,717.677124
2024-03-11,171.192017,398.404968,137.808624,171.960007,85.725624,480.333710,180.383179,370.156677,34.254414,151.983841,468.246735,24.890011,56.391769,153.448898,96.798866,59.251606,101.957130,139.421951,325.520844,180.974472,137.762772,110.083626,60.092999,177.770004,706.321777
2024-03-12,171.667679,409.002319,138.483063,175.389999,91.861160,496.384918,181.868088,372.092926,34.321220,153.407227,468.438232,24.574169,56.635155,153.809845,95.936989,59.984188,101.302483,139.321060,327.726837,179.926315,140.104065,110.230644,61.108002,177.539993,728.874084
2024-03-13,169.586624,408.825104,139.623703,176.559998,90.836739,492.233032,183.343445,376.051788,34.435753,151.861298,467.145935,24.758406,57.215553,154.161301,97.066994,59.857204,102.434090,141.155548,331.886108,180.468475,137.771652,110.269859,60.945000,169.479996,726.223145
2024-03-14,171.439758,418.792084,143.164612,178.750000,87.894394,488.518188,180.076645,372.505127,34.063526,150.079666,468.103180,24.679451,57.088165,153.401428,96.013596,59.806248,104.248413,142.815750,332.274811,177.414413,136.997177,109.838577,61.300999,162.500000,723.997681
2024-03-15,171.063171,410.125122,141.012299,174.419998,87.787453,480.840302,182.308792,371.163147,33.796288,149.108734,469.845428,24.512756,56.503128,153.287430,95.419846,59.473007,104.061356,142.678177,337.182343,178.625183,136.534225,109.730766,60.588001,163.570007,717.746277
2024-03-18,172.153275,411.011505,147.270920,174.479996,88.405113,493.633575,184.569672,368.440857,34.368942,147.770157,466.236481,24.319744,56.739033,153.125961,94.557961,59.649429,105.024643,142.549774,341.973236,177.784882,135.038681,111.593094,61.839001,173.800003,723.592041
2024-03-19,174.491974,415.039703,146.715469,175.899994,89.347580,492.898468,185.652206,372.553101,34.388031,147.251709,472.238586,24.240784,56.833389,153.714859,95.726295,59.659229,105.763466,143.659653,343.916840,179.845001,136.382904,112.240013,62.074001,171.320007,724.215210
2024-03-20,177.058609,418.801941,148.461121,178.149994,90.321022,502.115997,188.085587,380.039398,35.075222,146.827530,473.109680,24.302197,57.324070,153.866837,96.023155,60.031673,105.669930,141.760941,346.394928,181.778641,137.771652,114.151352,62.769001,175.660004,732.672363
2024-03-21,169.824448,422.879333,147.528793,178.149994,91.383423,504.340942,190.700928,396.564941,35.800587,146.818100,470.678223,24.267103,57.059860,153.743378,96.549873,60.227695,106.137535,142.045273,354.276154,181.959335,138.270203,114.386604,62.271000,172.820007,734.492310
2024-03-22,170.726257,422.258911,150.534119,178.869995,94.235817,506.148682,188.363403,389.960480,35.361553,146.327896,469.127441,24.003904,57.078732,153.553391,89.884659,59.659229,106.137535,141.861816,348.008087,181.372009,139.115936,113.573059,62.800999,170.830002,726.816650
2024-03-25,169.309158,416.467773,149.919159,179.710007,94.948402,499.632904,186.638977,388.158356,35.180210,146.318512,465.116516,24.065315,56.993805,152.157089,89.779320,59.365200,107.222389,143.522079,345.909058,179.339005,139.382996,116.993881,62.745998,172.630005,723.018494
2024-03-26,168.179428,415.276062,150.464691,178.300003,92.508797,492.550903,187.510757,389.347015,35.399731,146.836945,471.271759,24.205690,57.125912,152.499054,88.658852,59.306389,106.418098,142.421356,346.336639,181.615982,128.005844,117.552574,62.924000,177.669998,723.038208
2024-03-27,171.746948,415.059387,150.702744,179.830002,90.199104,490.534546,191.141602,398.041138,36.086918,148.901337,472.027954,24.372385,57.588284,154.455750,90.143219,59.512211,107.521652,143.411972,354.363586,185.347687,131.157272,118.581749,61.353001,179.830002,724.126221
2024-03-28,169.933472,414.360107,151.020126,180.380005,90.305031,482.310303,191.888840,400.379974,36.191906,149.118179,473.559570,24.346064,57.729816,154.113815,89.999573,58.973156,108.709373,144.686966,356.093384,185.456131,132.314575,119.934402,60.733002,175.789993,724.670227
2024-04-01,168.496552,418.151917,155.225601,180.970001,90.312027,488.041443,190.585938,396.373230,35.810131,148.731689,468.773285,24.319744,57.258015,152.527542,88.639702,58.806538,109.410797,145.916061,353.479309,182.528580,131.415436,119.120850,61.431000,175.220001,713.403992
2024-04-02,167.317276,415.069214,154.600754,180.690002,89.401558,494.020905,190.509323,393.152466,35.600155,148.684525,438.561981,24.170597,56.757908,152.518036,87.097908,57.983246,111.552437,146.558167,354.538544,180.920242,132.777466,120.385277,61.421001,166.630005,703.572021
2024-04-03,168.119980,414.094208,155.096664,182.410004,88.913818,503.327789,189.972870,396.842926,35.733780,145.413528,440.093597,23.881073,56.455956,148.319687,86.504166,58.247871,111.571129,147.163528,365.189362,178.878143,135.555008,116.621407,63.007999,168.380005,698.022949
2024-04-04,167.297455,411.563110,150.702744,180.000000,85.856537,507.479675,188.527435,389.414124,35.237473,143.754486,435.919952,23.380991,55.955837,147.654785,85.297516,58.316483,111.963921,147.392853,359.358612,177.143326,133.534210,114.768867,61.714001,171.110001,697.221802
2024-04-05,168.050598,419.087524,152.686478,185.070007,87.958366,523.789185,190.261917,391.158661,35.418816,143.650787,436.264496,23.389769,56.153996,148.272186,85.077255,58.659519,113.507042,148.227554,368.600342,178.137283,134.744904,116.033287,63.618000,164.899994,705.965698
2024-04-08,166.930771,418.171631,154.868546,185.190002,87.083862,515.753540,191.254425,393.526337,35.791050,142.896637,436.513428,23.319578,55.927532,148.215164,86.188133,58.590912,112.740150,147.924850,362.934845,178.688431,133.632095,115.023712,62.841000,172.979996,704.076477
2024-04-09,168.139786,419.836060,156.852264,185.669998,85.305840,513.419495,189.972855,393.689240,36.010563,143.556519,440.074432,23.495050,56.352154,148.804138,87.145782,58.600712,113.329346,148.594467,361.409058,179.275742,134.041626,115.631424,61.820000,176.880005,710.782837
2024-04-10,166.266815,416.861755,156.376175,185.949997,86.989914,516.329712,188.354004,384.151672,34.979778,141.586380,430.817627,23.091473,55.597263,149.355042,85.230499,59.414200,114.283264,149.209015,361.574280,176.781906,131.094955,114.866890,61.858002,171.759995,714.729492
2024-04-11,173.461349,421.461060,159.480682,189.050003,90.564880,519.637207,188.315445,381.007568,34.693447,140.257217,422.843597,23.109020,55.719936,148.025269,88.103432,58.894745,113.899826,148.493561,361.486816,177.884262,132.652863,114.827690,62.877998,174.600006,724.393250
2024-04-12,174.957748,415.522278,157.893707,186.130005,88.136261,508.453094,176.135605,373.348663,34.158974,139.060074,420.431335,22.687901,54.993355,147.540817,88.103432,58.943748,112.571815,145.806015,355.315979,177.242752,129.002945,111.749924,62.283001,171.050003,723.364502
2024-04-15,171.132538,407.387146,155.056976,183.619995,85.952492,496.861664,176.231979,384.266663,34.311684,139.126038,426.586548,22.731766,54.861252,147.654785,89.156830,58.737930,111.926514,144.549377,353.644470,175.327194,128.949509,110.710930,60.715000,161.479996,710.476074
2024-04-16,167.852417,408.312836,154.729675,183.320007,87.365685,496.394806,174.218048,380.413269,33.099560,136.166107,448.852570,22.538750,54.785770,148.129730,89.434563,58.649723,111.000656,143.347763,349.728119,172.327377,127.204674,111.622498,61.751999,157.110001,708.191223
2024-04-17,166.484863,405.614349,155.602524,181.279999,83.987595,490.842438,173.524261,387.171051,33.624496,136.467773,458.520935,22.301870,55.210381,149.089096,90.823128,58.463509,110.944542,143.457855,348.212219,172.002075,126.634903,110.701141,61.368999,155.449997,707.419739
2024-04-18,165.533493,398.158752,156.177780,179.220001,84.623245,498.421051,174.651688,386.404236,34.139877,137.382126,472.104523,22.275551,55.587830,150.367233,91.685020,58.081257,110.841675,144.531036,347.833191,172.652679,127.071152,110.201248,61.056000,149.929993,703.522522
2024-04-19,163.511887,393.086670,154.451965,174.630005,76.157021,477.830688,179.036041,387.257324,35.285198,139.427689,479.714844,22.810728,56.776772,151.179825,90.526283,58.345882,112.113564,146.759964,345.911743,175.525986,127.097847,110.377686,55.504002,147.050003,701.801453
2024-04-22,164.344315,394.898804,156.663803,177.229996,79.473145,478.486267,182.514587,400.054108,36.010563,140.568298,470.237854,23.038832,57.135345,153.474197,90.200676,58.943748,112.749512,148.521072,348.789001,176.718674,129.403519,109.769974,55.459999,142.050003,707.686768
2024-04-23,165.394760,401.408936,158.617767,179.539993,82.376518,492.759460,185.145233,406.428497,36.621395,140.983078,465.403687,23.091473,57.220268,154.391953,90.037857,57.914639,113.189056,149.374115,354.289856,177.242752,132.528214,111.455872,57.775002,144.679993,714.828369
2024-04-24,167.495636,402.876373,159.788147,176.589996,79.632065,490.176910,186.050995,405.508301,36.573673,140.012131,466.475830,23.047604,58.078953,155.443527,90.631622,58.679119,113.207764,150.034531,354.553192,176.004852,130.525192,111.661705,55.512001,162.130005,716.025269
2024-04-25,168.357788,393.007904,156.663803,173.669998,82.585396,438.407928,186.330444,402.642151,36.182354,138.400208,472.755524,22.161495,58.258240,155.395737,89.961281,59.012360,113.469627,151.603012,329.662720,174.405563,131.210693,110.534500,56.480000,170.179993,715.163330
2024-04-26,167.773132,400.177765,172.275665,179.619995,87.685524,440.305054,186.446091,409.850586,36.106010,137.759216,474.181854,22.284323,58.258240,154.191177,90.133644,58.963348,110.317955,152.162537,334.910034,174.794098,131.388748,110.495300,56.123001,168.289993,722.415405
2024-04-29,171.935226,396.169312,166.532791,180.960007,87.707504,429.706879,186.243729,412.956238,35.838764,138.400208,468.131897,22.494883,58.541317,154.544891,90.076180,59.041759,111.889107,152.566132,341.171631,175.083221,132.243378,109.858192,55.949001,194.050003,719.591858
2024-04-30,168.793839,383.444580,163.299316,175.000000,86.353271,427.273468,184.759766,409.026215,35.323372,136.298065,463.029694,22.477341,58.286541,156.017136,88.352417,58.169464,110.607864,147.924850,326.317352,174.143509,131.290802,108.897614,55.063999,183.279999,716.193665
2024-05-01,167.773132,388.969788,164.221756,179.000000,82.994148,436.232635,184.875412,409.256226,35.266106,142.510162,463.422150,23.845984,58.437523,156.208298,86.513733,57.679413,108.512985,146.420563,322.903656,176.465683,129.902054,108.289909,55.171001,179.990005,715.519897
2024-05-02,171.469482,391.825989,167.088226,184.720001,85.768600,438.705902,184.682693,414.643372,35.199291,141.322449,471.903534,24.302197,58.494141,156.628952,88.496071,58.522305,108.709373,147.429535,327.165833,174.965744,131.059341,110.387482,56.514999,180.009995,725.645203
2024-05-03,181.726151,400.512634,167.613876,186.210007,88.738914,448.916656,183.574570,420.020874,35.552437,140.709717,471.405823,24.398701,58.663986,157.221664,88.247086,58.630112,108.484924,146.989273,328.443542,176.926498,130.356049,111.406876,57.933998,181.190002,736.998840
2024-05-06,180.071213,407.288696,168.447098,188.699997,92.088028,462.544281,185.010315,425.283386,35.972382,140.059265,473.253265,24.705769,58.833836,157.202530,89.405830,58.679119,109.186340,148.869644,333.661560,176.194626,130.569748,114.161163,59.696999,184.759995,749.432434
2024-05-07,180.754990,403.152069,171.571396,188.759995,90.502930,465.087036,184.769409,425.407898,36.115547,140.191238,479.552124,24.363611,59.088608,158.464432,89.808037,59.414200,108.643921,149.209015,336.490021,177.866211,130.943634,103.300804,60.599998,177.809998,764.154541
2024-05-08,181.091934,404.334015,169.766235,188.000000,90.361015,469.417725,188.527435,428.427368,35.991470,140.408035,481.705933,24.802275,59.305637,157.804810,89.626099,59.100563,108.625221,149.089752,336.002380,178.950455,131.548965,103.349808,60.946999,174.720001,756.327820
2024-05-09,182.905426,406.087097,170.182831,189.500000,88.696945,472.218719,190.310104,436.680573,36.535496,141.256439,485.362701,25.096165,59.333954,158.732117,89.434563,59.442829,110.766861,151.758972,343.102783,181.281677,131.807144,103.702682,61.209000,171.970001,771.812805
2024-05-10,181.645142,408.470490,168.903320,187.479996,89.827324,472.993500,191.533875,435.884979,36.697754,141.312988,490.895660,24.944769,59.692513,159.506470,87.088318,59.482166,110.317955,152.098358,346.038513,183.350845,132.653259,103.692871,61.087002,168.470001,779.887268
2024-05-13,184.850357,407.465912,169.508331,186.570007,90.348015,464.858582,191.495331,434.763489,36.468689,142.547867,489.871399,25.327709,59.994476,158.569595,88.792931,59.413322,110.271202,150.915100,347.881958,184.145981,135.560715,103.732079,61.659000,171.889999,767.958984
2024-05-14,185.991547,410.263000,170.529953,187.070007,91.304482,468.672791,194.174103,439.469940,36.735928,142.698700,491.919983,25.274277,59.541542,158.464432,88.859978,58.872395,110.940590,150.071213,349.344971,183.612869,133.166367,103.261604,61.366001,177.550003,770.683411
2024-05-15,188.263992,417.436005,172.464081,185.990005,94.576637,478.297485,194.752258,446.774200,37.136784,143.914734,495.433136,25.666126,59.569847,159.181427,87.787407,58.842892,111.798546,149.557556,351.159088,185.284454,133.166367,100.732735,61.352001,173.990005,779.738647
2024-05-16,188.383026,415.373901,174.001480,183.630005,94.305786,470.043457,195.099167,445.269257,37.432659,145.432388,498.994171,25.755182,59.749130,160.472015,87.883179,62.953926,111.129143,149.251816,342.068970,187.682465,134.714600,101.320847,61.051998,174.839996,785.712646
2024-05-17,188.412811,414.604279,175.846313,184.699997,92.426842,468.732330,197.334686,448.336700,37.499474,145.771744,502.210571,25.505823,59.475487,160.261688,88.275795,63.583374,112.797928,150.715714,347.482025,187.092072,134.336533,101.203224,62.110001,177.460007,788.427185
2024-05-20,189.573822,419.665863,177.006790,183.539993,94.726547,465.682983,188.459976,443.754730,37.050888,143.747650,495.126801,25.407866,59.041428,159.946228,87.883179,63.121124,111.883400,149.298157,353.802246,185.865768,132.851303,100.860161,64.082001,174.949997,785.643311
2024-05-21,190.873764,423.316528,178.077988,183.149994,95.332199,461.501373,192.256577,450.915222,37.843060,143.719162,501.176788,25.434578,59.362251,160.940475,88.888695,64.075127,111.110291,148.214096,350.212952,184.857529,130.897980,100.967987,65.060997,186.600006,793.499756
2024-05-22,189.434891,424.776733,176.550537,183.130005,94.896454,464.630188,191.090607,443.217957,37.948048,145.866776,499.070770,26.360771,59.447178,160.424225,88.582260,64.173462,108.875824,145.990494,347.160217,184.212585,129.412766,100.977783,64.046997,180.110001,794.421082
2024-05-23,185.445755,421.303741,173.634460,181.050003,103.740463,462.643616,189.751205,439.163239,37.384937,142.255737,494.743927,25.550354,58.588501,158.206329,87.528854,63.770229,107.018478,145.406784,342.049500,181.115112,125.209152,98.664574,63.567001,173.740005,788.952393
2024-05-24,188.521957,424.421600,174.894135,180.750000,106.408958,474.999817,193.403259,442.067688,37.890789,139.661499,486.453979,25.719561,58.503578,158.053375,87.864037,64.301331,106.933640,146.157242,340.293823,181.387634,124.813072,99.742760,64.675003,179.240005,802.218140
2024-05-28,188.531906,424.579407,176.570374,182.149994,113.836754,476.688385,192.237305,440.754425,37.528107,137.200287,482.155853,25.203032,58.333721,155.931076,88.103432,63.966930,108.291290,147.352463,337.923767,180.924393,123.840935,100.409279,64.900002,176.750000,805.626160
2024-05-29,188.829590,423.444794,175.955399,182.020004,114.760231,471.165771,190.897888,438.223877,36.955444,137.257309,464.006073,24.775558,58.220497,154.535324,87.787407,63.848911,107.131622,145.369720,329.769958,179.007751,120.987503,98.880203,65.461998,176.190002,799.037903
2024-05-30,189.821899,409.138245,172.146683,179.320007,110.437668,463.905060,192.073471,434.183228,36.869553,138.055527,461.067291,25.113977,58.475269,155.424393,89.492012,63.819412,107.471039,146.629776,330.881836,182.495819,123.192833,99.683945,64.765999,178.789993,807.776062
2024-05-31,190.774551,409.592102,172.543442,176.440002,109.571167,463.686462,195.253357,440.248993,38.167572,139.376389,474.200958,25.523636,59.381130,157.298157,91.024261,64.675064,110.554039,150.372910,330.169861,183.658493,125.056107,101.850136,64.162003,178.080002,802.376709
2024-06-03,192.540878,408.003540,172.999664,178.339996,114.935135,474.274719,194.472839,438.763916,38.062584,140.393188,476.182526,26.102505,59.381130,157.403290,90.755051,64.734070,107.904732,145.888550,323.186462,183.903778,124.597031,100.732735,63.379002,176.289993,807.825623
2024-06-04,192.858414,410.519562,173.703903,179.339996,116.371330,473.778107,191.909653,439.072449,37.871693,140.450226,483.888519,26.262806,60.334167,159.659424,91.081940,65.501190,106.226524,144.656311,319.489960,188.236572,122.085648,101.281639,63.161999,174.770004,819.714294
2024-06-05,194.366760,418.353638,175.628128,181.279999,122.370949,491.726471,190.078812,445.225098,38.138939,138.711227,481.619781,26.316240,60.315300,158.741684,90.678146,65.983109,106.650803,143.590836,321.323608,190.089569,123.831924,99.487923,65.027000,175.000000,826.560181
2024-06-06,192.987411,418.856812,176.897690,185.000000,120.929771,490.435242,189.741577,441.772705,37.890789,139.138840,480.471069,25.648314,60.532330,161.055161,92.024094,66.042122,107.452187,144.471008,320.192230,189.344757,123.822922,99.203659,64.851997,177.940002,834.822876
2024-06-07,195.378937,418.195740,174.517212,184.300003,120.819824,489.640594,192.670898,438.696411,38.198059,139.766037,469.720947,25.452389,60.305862,159.707230,92.822052,64.793083,106.301956,144.609985,320.826172,189.644501,123.894920,99.527130,64.147003,177.479996,837.735535
2024-06-10,191.637863,422.162079,175.391068,187.059998,121.721306,499.215698,192.343307,437.384857,38.092434,139.813553,473.846771,24.998199,60.003910,159.984467,92.293282,65.855255,106.613083,145.221497,321.479675,191.424881,123.930916,100.703339,64.449997,173.789993,840.469910
2024-06-11,205.560196,426.907928,176.940125,187.229996,120.851738,504.052887,187.284409,428.435608,37.314651,139.461945,475.014618,24.962580,59.966164,160.108734,92.168304,65.629051,105.755135,144.989853,319.236389,190.280319,123.633911,98.870407,64.855003,170.660004,841.431030
2024-06-12,211.434769,435.176147,178.300507,186.889999,125.139664,505.413666,184.557434,432.707733,37.842777,138.179062,471.999237,24.633070,59.333954,157.909958,90.062851,65.215981,104.586037,142.886673,320.621368,189.390167,122.805748,98.801796,65.005997,177.289993,839.944885
2024-06-13,212.595764,435.689240,175.500290,183.830002,129.547531,500.705597,186.609894,430.441498,37.698738,138.217087,476.048431,24.624165,59.437744,159.085831,90.543556,65.599541,103.746941,141.608078,318.309814,189.508240,121.419548,98.105865,65.325996,182.470001,838.112000
2024-06-14,210.859207,436.665985,177.118866,183.660004,131.816452,501.262390,186.725540,430.547577,37.679531,138.302597,475.876160,24.517296,59.480534,159.449097,89.784058,65.914261,102.870117,141.357956,313.540466,189.417435,122.103653,97.988251,66.938004,178.009995,847.731934
2024-06-17,215.007156,442.388611,177.525970,184.059998,130.916885,503.718140,187.881851,434.134949,37.938793,138.692215,470.310120,24.027485,59.547096,160.127853,91.331894,66.307671,102.163017,141.932373,314.447479,192.523972,122.283691,99.507523,67.583000,187.440002,859.858398
2024-06-18,212.645416,440.385742,175.212311,182.809998,135.514664,496.619171,189.828293,441.126587,38.399704,138.407135,462.446472,24.410425,59.556610,161.141220,91.120384,66.484695,103.124687,142.062073,317.119904,193.359619,120.798462,99.487923,68.567001,184.860001,862.671997
2024-06-20,208.070770,439.754272,176.463486,186.100006,130.716980,498.816528,191.437500,441.724457,38.399704,140.431213,465.782257,24.704315,59.128693,160.290359,91.879883,66.887932,105.349716,145.128830,321.011505,194.513229,123.201828,99.821175,67.903000,181.570007,854.439087
2024-06-21,205.897598,443.779816,178.995590,189.080002,126.508995,491.936249,189.153778,434.134949,37.919594,141.352966,463.926910,24.704315,59.689739,160.854385,93.427719,66.789581,104.425766,143.868774,319.753326,195.376175,122.958786,100.242645,68.612000,183.009995,840.440247
2024-06-24,206.542603,441.697998,179.521851,185.570007,118.053078,496.042542,191.639877,445.620514,38.428513,141.704575,471.031097,25.256466,60.830853,161.036041,93.418106,67.763245,107.527611,147.602600,321.859985,196.102829,124.759087,99.958405,66.902000,182.580002,840.291565
2024-06-25,207.465485,444.934204,184.278244,186.339996,126.029221,507.665344,190.859360,441.078369,37.813969,139.870544,465.763062,24.926954,60.707230,159.506470,91.091537,66.307671,107.829315,146.815094,319.324188,194.794815,120.942482,100.174049,67.240997,187.350006,847.573425
2024-06-26,211.613388,446.128143,184.069763,193.610001,126.339088,510.170837,190.242645,439.612488,37.449074,139.518967,465.320831,24.419334,60.906929,160.080048,90.428185,67.163307,107.867020,144.489532,318.670746,193.868317,124.353989,100.154442,67.768997,196.369995,848.891113
2024-06-27,212.456848,446.808868,185.549286,197.850006,123.930244,516.573792,191.919281,430.065369,37.689137,138.549667,467.628052,24.757748,60.773796,159.286575,90.553169,66.760063,108.329010,144.832367,319.382660,194.731232,122.265686,100.144638,68.433998,197.419998,842.728699
2024-06-28,209.003555,440.987549,182.133408,193.250000,123.480469,501.322021,194.896790,436.198700,38.188457,138.891769,489.565552,24.918049,60.526554,157.661407,72.459831,66.592880,108.536423,144.925003,324.883575,193.968216,123.183838,97.321732,67.487999,197.880005,842.104675
2024-07-01,215.086533,450.637115,183.195892,197.199997,124.240105,501.779358,197.970673,447.134552,38.418907,139.157837,475.520477,25.131783,60.174706,155.558243,73.863472,66.366684,108.385567,145.017654,320.962769,191.615616,122.373711,96.096512,67.361000,209.860001,837.824707
2024-07-02,218.579514,453.153107,185.301025,200.000000,122.610870,506.571716,201.227631,449.015015,39.302326,138.768250,478.971649,24.784464,60.051098,156.686295,73.103966,66.946938,107.650177,145.230743,319.675293,193.686630,121.437569,96.047501,67.958000,231.259995,851.387695
2024-07-03,219.849686,454.623230,186.075562,197.589996,128.218170,507.029022,201.092728,451.242676,39.273521,138.445160,470.944580,24.668692,60.222256,156.619400,72.334854,67.114136,108.197006,145.193710,322.454956,192.987228,122.013649,96.655205,68.250999,246.389999,854.657104
2024-07-05,224.602936,461.322632,190.613525,200.000000,125.769363,536.806885,198.428131,448.185699,38.803001,139.195862,469.137299,24.980387,60.631157,157.938644,72.517532,68.884438,106.886497,142.970047,320.250732,192.787384,122.733749,96.047501,69.065002,251.520004,877.453552
2024-07-08,226.071579,460.020264,189.143906,199.289993,128.138199,526.277771,198.796356,448.253204,39.004654,138.245575,470.415863,24.873522,59.870415,159.191010,70.229408,68.530388,105.764557,142.988586,320.943207,192.233276,121.995644,95.880104,68.573997,252.940002,872.668518
2024-07-09,226.924957,453.409637,189.104187,199.339996,131.316696,526.953857,201.179947,455.977692,39.772839,139.737518,473.078735,24.686504,59.613667,158.368851,69.662193,68.746750,104.595459,141.737793,318.017212,191.297714,120.870468,95.564995,68.573997,262.329987,878.622742
2024-07-10,231.191956,460.030121,191.308609,199.789993,134.844986,531.617004,201.344666,461.821747,40.080112,141.999146,481.557648,25.247559,59.746799,159.458679,69.739120,69.248337,105.519424,143.729813,320.377502,194.831161,122.103653,95.486214,67.764999,263.260010,876.106323
2024-07-11,225.823486,448.634247,185.986221,195.050003,127.338600,509.753296,201.005508,462.149567,40.147335,142.255737,484.855011,25.523636,60.003548,158.254135,70.556290,68.648407,106.773354,143.850220,322.962189,195.158173,124.435013,95.121872,65.275002,241.029999,838.736145
2024-07-12,228.770676,447.499542,185.469833,194.490005,129.177734,496.002777,198.573517,462.776398,39.936081,142.426773,491.747711,25.755182,60.574108,159.277054,70.585129,68.097633,106.792213,144.155991,327.312134,195.394348,128.134583,95.643768,64.760002,248.229996,835.080383
2024-07-15,232.601059,447.904083,186.869980,192.720001,128.378098,493.308350,203.524765,474.686310,40.224152,141.818619,495.439209,25.915485,60.298332,157.336365,68.556595,68.461540,108.621277,146.425934,337.241058,195.948425,129.754822,95.387749,65.644997,252.639999,840.856262
2024-07-16,233.017853,443.523315,184.198822,193.020004,126.299103,486.974976,206.983856,485.091705,42.375080,143.500580,527.643616,26.271713,61.116127,159.602066,69.998680,68.835266,109.403809,146.175797,351.685699,198.446381,132.617279,96.963264,65.632004,256.559998,842.877441
2024-07-17,227.123428,437.603363,181.339035,187.929993,117.933136,459.334717,210.132874,484.281616,42.231037,148.793610,551.109680,26.743715,62.010006,161.982468,70.248650,69.858116,110.912292,149.381500,348.974304,200.026901,132.662262,95.821014,64.746002,248.500000,838.429077
2024-07-18,222.459488,434.495361,177.962860,183.750000,121.031639,473.115112,203.456909,468.880768,41.299610,147.691269,542.515442,26.458731,61.990993,161.026474,69.585289,69.651566,112.005966,150.067154,347.247925,197.719711,130.303925,95.308968,64.304001,249.229996,831.583191
2024-07-19,222.588486,431.278809,178.131714,183.130005,117.873169,474.049683,203.263138,467.646454,41.193989,146.997589,543.467163,26.690279,62.086082,161.533325,69.892921,69.582726,109.432083,147.454361,339.055145,194.940155,130.681961,94.275040,63.334000,239.199997,830.354675
2024-07-22,222.241180,437.031036,182.063934,182.550003,123.480469,484.598694,203.747635,469.681244,40.617847,146.569962,536.930115,26.360771,61.591591,161.812225,71.969536,69.218826,108.677826,145.453140,340.671051,197.083847,130.681961,92.689674,64.750000,251.509995,839.558472
2024-07-23,223.283127,438.915619,182.312149,186.410004,122.530914,485.881287,203.796066,474.609131,40.723469,144.773972,533.248169,26.271713,61.772259,160.244583,70.565903,69.484367,106.924217,142.766235,337.047607,197.456268,114.929558,89.548492,64.276001,246.380005,844.204956
2024-07-24,216.862762,423.178375,173.146881,180.830002,114.194946,458.618866,202.110107,469.353394,40.512215,148.508545,538.102905,26.699183,62.580555,161.571793,68.345093,69.435204,108.432709,143.674210,329.085876,194.068161,115.694679,88.425926,63.598999,215.990005,823.112488
2024-07-25,215.820831,412.818420,167.973465,179.850006,112.225891,450.804047,202.187653,474.184784,40.022499,151.701447,538.035645,26.877298,62.827801,160.513885,68.652740,68.864769,110.714317,145.962677,337.174866,183.894699,114.389488,87.844948,63.409000,220.250000,808.380432
2024-07-26,216.287231,419.596771,167.496811,182.500000,113.005501,463.023438,205.646713,481.243896,40.012897,152.651718,547.687317,27.789465,63.759708,162.639328,69.758339,68.628723,110.620033,146.240646,343.227020,184.158096,115.964722,88.553940,63.137001,219.800003,811.168274
2024-07-29,216.565094,421.037323,169.929642,183.199997,111.536209,463.033325,204.299911,475.158783,39.455963,150.675140,544.832214,27.744307,63.550510,163.427933,70.710129,68.471375,109.460373,145.091782,337.400146,182.940887,115.766693,90.730125,62.695999,232.100006,809.144287
2024-07-30,217.120804,417.278168,170.654510,181.710007,103.680000,460.527832,208.505081,487.647247,39.638405,153.307404,554.041687,28.349407,64.358803,155.512848,71.450378,68.048470,111.411987,147.843536,334.648285,184.067276,116.144753,92.354881,62.257999,222.619995,803.657837
2024-07-31,220.375626,412.769135,171.935440,186.979996,116.963593,472.100922,206.189331,490.887482,38.706982,150.000488,553.878235,27.581745,63.464916,154.608795,71.969536,67.507538,111.807961,148.677383,339.035614,185.983871,117.350922,92.256409,62.834999,232.070007,815.533752
2024-08-01,216.684174,411.545685,171.240372,184.070007,109.157372,494.879242,201.499680,482.295044,37.929192,152.765732,550.619446,27.681089,64.625061,159.350189,70.998528,68.638565,110.261765,141.404266,324.659363,185.829453,117.539955,91.626205,62.485001,216.860001,810.463989
2024-08-02,218.172653,403.040619,167.218765,167.899994,107.218300,485.334473,192.953659,453.865784,36.085552,155.977661,567.019714,27.482399,65.927834,163.572220,71.152351,67.330513,110.195763,137.633347,314.229736,185.020981,115.271606,88.199448,61.363998,207.669998,815.613098
2024-08-05,207.663925,389.878571,159.513199,161.020004,100.401588,472.995789,188.845398,442.659943,35.192528,153.231369,547.918091,26.859234,64.758194,161.629517,68.662361,66.474869,108.206421,134.029236,310.243988,181.405807,113.435333,86.436836,59.855000,198.880005,795.522400
2024-08-06,205.639572,394.279114,159.413910,161.929993,104.199768,491.250244,194.116409,453.460724,35.451790,151.064774,546.370361,26.479916,64.710640,161.658340,69.700668,66.622391,107.631317,132.704300,319.684570,180.579208,112.067131,88.593330,60.957001,200.639999,810.453979
2024-08-07,208.209717,393.114838,159.622452,162.770004,98.862343,486.109924,194.174545,456.151276,35.816681,150.998260,544.188110,26.055445,65.100525,163.514511,69.816025,65.806084,109.064400,131.944565,319.057739,179.779861,111.004967,84.644684,61.147999,191.759995,803.925720
2024-08-08,211.672913,397.318024,162.690765,165.800003,104.919418,506.700928,197.720840,468.456482,36.690495,152.252609,544.341797,25.974161,65.357269,164.331970,71.325401,66.543716,111.148018,133.871719,329.203339,181.505722,113.606377,84.644684,63.035000,198.839996,832.826660
2024-08-09,214.580460,400.603577,164.229874,166.940002,104.699516,514.794189,199.406784,472.786438,36.757706,152.632706,537.151123,25.784504,65.309723,164.014603,71.469604,66.828918,112.053101,134.334976,331.259918,180.061447,113.255295,84.890862,63.394001,200.000000,848.204590
2024-08-12,216.110382,401.383057,162.800003,166.800003,108.967461,512.984558,199.784683,468.196136,36.652081,151.929504,543.428650,25.694191,64.824753,160.427322,71.758034,67.566544,112.194519,134.362778,329.076050,178.753433,112.391167,84.634834,63.313999,197.490005,856.776672
2024-08-13,219.825989,408.487030,164.766098,170.229996,116.084023,525.502197,201.480316,474.406616,36.930546,150.513611,552.032593,26.055445,65.100525,160.888947,75.468987,67.005959,111.119720,133.556702,331.788696,178.698944,113.858391,84.290199,64.802002,207.830002,858.016846
2024-08-14,220.273041,411.298981,160.893433,170.100006,118.023102,523.732483,203.708862,480.925690,37.266636,150.599121,557.252502,26.082539,65.214630,162.341187,75.488205,67.527222,112.147385,134.038498,330.603729,179.489197,113.795395,84.979492,66.167999,201.380005,855.923584
2024-08-15,223.253464,416.162109,162.025482,177.589996,122.800797,534.241760,204.978149,481.234222,37.477882,151.178787,557.194885,25.929007,65.281197,161.494843,79.314537,71.972633,112.841179,136.011963,338.487213,180.270370,115.712685,87.431381,66.321999,214.139999,870.448242
2024-08-16,224.574799,413.631714,163.584442,177.059998,124.519958,524.388733,207.322968,486.287445,37.775558,151.463867,555.339539,25.558722,65.785194,161.466003,80.016350,72.444084,112.308952,136.447403,336.371887,181.293289,116.702835,87.933586,67.406998,216.119995,863.741577
2024-08-19,224.415833,416.656342,167.218765,178.220001,129.937347,526.238037,208.757019,486.692505,38.092434,151.691956,556.396973,26.010286,65.594994,161.975708,80.064415,72.710396,112.651100,137.562302,337.517670,181.786469,117.550613,89.430313,68.852997,222.720001,865.487549
2024-08-20,225.031784,419.888519,167.774857,178.880005,127.188683,523.702637,207.855911,479.614166,37.151405,152.195587,558.194702,26.100601,65.975365,163.889587,80.333611,73.519157,108.897018,135.557388,336.195587,182.727173,117.486801,88.366852,69.853996,221.100006,869.307312
2024-08-21,224.922516,419.236145,166.454193,180.110001,128.438065,532.084106,207.933411,478.765503,37.209023,153.402405,555.714478,26.218010,66.156052,163.649155,80.756622,74.209572,108.203201,136.147629,335.872467,183.960144,116.593445,89.331856,69.711998,223.270004,874.486267
2024-08-22,223.064713,410.745453,164.329178,176.130005,123.680374,528.872742,209.900330,480.009491,37.679531,154.276688,556.339172,25.992224,65.927834,163.639557,80.189415,74.544922,109.039566,136.531708,335.275024,182.791122,115.627136,88.544090,68.896004,210.660004,870.656677
2024-08-23,225.359634,411.971161,166.255554,177.039993,129.307632,524.965332,211.528137,491.263611,38.188457,155.968170,561.905396,26.100601,66.365250,162.697037,80.804703,74.663277,110.550713,138.302429,341.199890,184.928284,116.657242,89.174301,68.672997,220.320007,872.293701
2024-08-26,225.697418,408.709290,166.752045,175.500000,126.399055,518.124939,212.361450,489.768799,38.332493,156.424301,564.424072,26.118664,67.363724,163.831879,81.025810,74.988754,112.917206,139.126907,343.892944,186.179504,117.833206,90.375626,68.844002,213.210007,885.489014
2024-08-27,226.541870,409.055267,165.212967,173.119995,128.238174,516.116455,213.340073,489.180603,38.092434,156.022141,564.635498,26.028351,67.991341,162.773972,81.996819,75.087387,111.843262,137.674728,343.853790,188.243622,116.593445,89.509102,69.571999,209.210007,901.750061
2024-08-28,225.011917,405.852722,163.346130,170.800003,125.549469,513.809814,214.415573,485.390594,38.361298,156.950912,565.779541,25.965130,68.229065,162.591248,79.593338,75.038071,110.740791,136.784698,340.994202,187.229843,115.946205,88.120674,68.384003,205.750000,881.064087
2024-08-29,228.290390,408.343567,162.253845,172.119995,117.533325,515.241516,215.307022,491.919312,38.572548,157.247711,568.692322,25.938036,68.514359,163.524124,80.045197,75.373413,112.270927,138.115067,344.363007,189.522263,115.754768,88.435768,69.248001,206.279999,879.655212
2024-08-30,227.505539,412.317108,163.951859,178.500000,119.312477,518.313782,217.816544,494.975037,39.129482,158.808426,567.375244,26.199947,68.913750,164.976349,80.102882,76.172325,112.090363,138.611603,348.730743,189.887589,117.185982,88.997055,70.135002,214.110001,885.360046
2024-09-03,221.316193,404.706085,157.497452,176.250000,107.947952,508.818726,213.456360,472.867279,39.081474,160.053162,575.527344,25.558722,69.427238,167.842316,78.528824,76.113144,109.742874,135.529297,333.198914,187.101990,116.228798,87.766182,67.531998,210.600006,871.658691
2024-09-04,219.408722,404.172363,156.703049,173.330002,106.158813,509.792999,212.516479,475.952118,38.889427,160.244659,580.814697,25.640001,68.999321,169.169525,78.239120,76.182182,108.402794,133.102768,329.781158,187.723022,117.523270,87.884338,67.968002,219.410004,883.018677
2024-09-05,220.928757,403.668243,157.487518,177.889999,107.158333,513.889282,210.869293,473.274719,38.543739,157.975433,572.460754,25.748377,67.677521,168.755966,78.055649,75.906013,107.556946,132.034683,326.657135,185.384949,116.137642,87.293526,68.362000,230.169998,879.010376
2024-09-06,219.378906,397.055634,151.062912,171.389999,102.780457,497.394745,205.859894,465.252289,37.461269,157.391357,573.796936,25.793533,67.649002,168.871399,77.862495,75.590408,107.053230,129.814285,322.544098,180.955368,116.265266,86.594391,66.577003,210.729996,869.783630
2024-09-09,219.468338,401.029114,148.686539,175.399994,106.418694,501.888763,210.074753,473.944061,38.147484,159.526566,571.124451,26.561201,68.324158,169.323410,76.761635,76.280815,109.305679,131.444473,327.127258,183.722717,117.486801,86.988258,67.542000,216.270004,889.437744
2024-09-10,218.673553,409.411102,149.153839,179.550003,108.047897,501.888763,199.174225,453.145905,37.963848,160.263824,575.863892,26.859234,68.038879,170.987183,75.409683,77.730690,105.323502,129.505112,327.244781,183.530899,118.352821,87.047356,67.362000,226.169998,887.254944
2024-09-11,221.206924,418.148865,151.281616,184.520004,116.853661,508.888245,200.792343,457.064972,37.693230,157.812668,566.942688,26.786983,67.591949,167.265289,75.709045,77.760269,104.278069,129.177216,328.067383,186.353058,117.140388,86.968582,68.147003,228.130005,893.316956
2024-09-12,221.316193,422.063110,154.652298,187.000000,119.092773,522.579163,200.181931,459.868408,37.480598,157.640289,565.664185,26.335417,67.734604,166.832489,75.709045,78.569046,105.713173,130.423294,332.552612,186.928452,117.067474,87.933586,68.680000,229.809998,907.831909
2024-09-13,221.047943,425.611603,157.466141,186.490005,119.052780,521.604858,197.972748,464.650848,37.354958,158.482880,571.335999,26.434761,68.371292,167.419159,76.298111,79.496170,105.637131,131.734894,338.164032,186.453506,115.991783,89.164459,69.706001,230.289993,908.794250
2024-09-16,214.908310,426.352905,158.082611,184.889999,116.733704,530.720764,201.402802,470.636169,37.789879,159.890427,568.364624,27.157270,69.031929,170.458267,77.061005,79.456718,107.119759,133.121490,340.759155,186.937592,117.514153,90.444565,69.650002,226.779999,900.728149
2024-09-17,215.375198,430.118835,159.365234,186.880005,115.544174,533.746277,202.749603,470.859283,38.224804,159.966980,557.578857,26.940516,68.744698,169.150299,77.872162,77.523560,108.516853,134.358185,346.370575,186.535736,119.100327,91.439110,70.691002,227.869995,890.211670
2024-09-18,219.249786,425.829041,159.892212,186.429993,113.325058,535.368469,201.083038,470.073456,38.292454,159.086121,560.174011,26.868265,68.696815,167.265289,78.123245,77.947655,108.897018,134.873459,347.771027,184.161102,119.100327,92.148094,69.046997,227.199997,885.498962
2024-09-19,227.376389,433.617950,162.308365,189.869995,117.823273,556.416931,203.941406,488.747253,39.500576,157.812668,556.720276,26.786983,67.614906,164.976349,78.200500,76.971222,110.246582,135.838455,365.584564,186.042542,120.449501,92.020081,70.431999,243.919998,893.654236
2024-09-20,226.710754,430.237488,163.700363,191.600006,115.954018,558.656067,204.532440,483.508881,38.920677,157.180710,554.723267,26.570230,68.591507,167.553802,83.550339,77.977257,109.552788,136.484879,361.187439,185.722870,117.231560,92.315491,70.102997,238.250000,899.845154
2024-09-23,224.992050,428.497864,162.139313,193.880005,116.213921,561.701416,204.871567,482.519409,38.534073,156.280670,553.189209,26.470886,68.677681,167.121002,83.241318,79.229874,111.539131,138.227493,363.488831,186.106461,117.359184,91.547424,70.537003,250.000000,909.865784
2024-09-24,225.886169,424.208008,162.706070,193.960007,120.822090,560.626648,205.016922,483.111115,38.128151,155.859360,554.906494,26.642483,68.294693,166.611328,84.458084,79.565208,111.244507,138.143173,377.943390,187.476425,118.070236,92.256409,72.225998,254.270004,894.447937
2024-09-25,224.892685,427.113983,162.059769,192.529999,123.461037,565.582642,203.660400,476.437164,37.934856,153.772079,555.987061,26.127695,68.409584,165.668777,84.979546,80.285210,109.077583,134.882828,370.422333,188.855560,119.884308,92.482887,72.155998,257.019989,901.273804
2024-09-26,226.035187,426.323242,162.894989,191.160004,123.990822,565.114990,203.263138,482.044098,38.195808,154.528488,554.539917,26.163820,68.361725,166.582458,86.321831,78.825485,107.205299,133.027786,382.869293,189.083878,121.543419,93.743301,71.142998,254.220001,894.348755
2024-09-27,226.303436,423.071289,164.346619,187.970001,121.351875,564.637268,203.960785,483.586517,38.079830,154.538055,561.331665,26.272198,68.735123,166.909439,86.370117,78.687393,110.075500,136.306900,382.986816,189.631882,122.391205,94.540901,70.735001,260.459991,878.653198
2024-09-30,231.479446,425.324921,166.235779,186.330002,121.391861,569.692871,204.309586,480.288239,38.350441,155.169998,564.061890,26.136728,68.802139,166.572830,85.365822,79.644112,111.406067,137.974518,383.025970,188.791626,124.287323,94.718155,70.927002,261.630005,879.546204
2024-10-01,224.733749,415.826050,167.458801,185.130005,116.953621,573.703552,200.608246,475.496185,37.905861,155.102966,562.730530,25.892881,68.658516,166.418945,86.070755,80.156990,113.981659,140.251160,384.269714,188.207077,121.488716,92.610901,70.612999,258.019989,870.478088
2024-10-02,225.300018,412.307159,166.355103,184.759995,118.802879,570.061096,200.850494,477.261688,37.915527,154.317810,571.422852,25.838692,67.988319,165.341797,80.247734,79.328506,115.492790,141.422272,385.895325,186.206940,121.251694,92.709373,71.109001,249.020004,871.619019
2024-10-03,224.197250,411.724030,166.255692,181.960007,122.801300,579.973328,198.854492,471.548035,37.934856,153.676315,571.847229,25.594843,67.519157,163.610672,79.282051,79.328506,116.500229,141.703323,382.996643,185.293610,119.164146,92.197327,70.680000,240.660004,868.781433
2024-10-04,225.319885,411.249603,167.597992,186.509995,124.870476,593.080078,205.912582,480.336792,38.766041,153.475220,570.351990,25.811598,67.184052,162.418137,79.426910,79.831512,118.638626,141.225510,388.872467,186.115585,119.647301,93.694069,71.970001,250.080002,876.163025
2024-10-07,220.243256,404.804962,163.451797,180.800003,127.669373,581.973694,205.629852,479.812927,38.621067,152.747559,562.981384,26.371542,66.073418,160.725449,78.055649,78.016701,119.151840,141.581512,390.008453,185.704605,119.601707,90.976295,70.192001,240.830002,866.717896
2024-10-08,224.296631,409.915161,164.754303,182.720001,132.837311,590.044800,205.454361,481.704590,38.592072,152.900772,561.071228,26.353481,66.236191,161.725693,77.997696,78.618355,115.987007,139.361115,379.931396,189.056488,119.382927,91.094467,72.176003,244.500000,883.415527
2024-10-09,228.041992,412.633392,162.129379,185.169998,132.597412,587.676208,208.057266,490.056793,38.843357,153.819916,570.371155,27.265648,66.609589,162.793213,79.620041,79.298904,116.034523,140.204300,387.991089,195.175690,121.242577,92.167786,72.742996,241.050003,901.948547
2024-10-10,227.545258,411.032104,162.248672,186.649994,134.756561,581.028320,207.491852,488.640503,38.630737,153.685883,576.622742,26.497980,66.303207,162.485443,79.282051,78.519730,117.032448,141.113068,388.431763,195.084366,121.096741,91.567123,73.028999,238.770004,886.600220
2024-10-11,226.065002,411.506592,163.581039,188.820007,134.746567,587.118896,216.704391,500.843933,40.544384,154.595505,576.960327,26.335417,66.609589,164.543533,79.330330,79.003014,117.479141,141.862564,393.700409,197.267181,122.701157,92.689674,72.278999,217.800003,882.036438
2024-10-14,229.790527,414.293945,165.400620,187.539993,138.015274,587.586609,215.914734,507.100830,40.505726,154.729538,584.051270,26.263166,67.346809,165.909210,78.799210,79.190414,117.925835,142.199860,385.797424,198.737640,122.673798,93.516823,71.300003,219.160004,882.760742
2024-10-15,232.323883,413.898590,165.947464,187.690002,131.547836,583.456482,216.801880,506.741943,40.728020,157.123245,536.673035,26.588295,67.346809,166.928696,79.301369,80.531792,114.380829,138.405502,379.960754,198.436218,121.971870,92.778290,70.598000,219.570007,887.572449
2024-10-16,230.267395,411.308838,165.788391,186.889999,135.666199,574.021973,218.020477,513.997986,41.365906,157.295609,551.192261,26.796015,67.567032,165.784225,81.058907,80.107674,114.675461,139.342392,385.474243,199.979736,123.831535,95.269585,70.199997,221.330002,880.399414
2024-10-17,230.634979,411.901947,163.571091,187.529999,136.875717,574.161377,218.780884,513.163818,41.172607,157.477554,546.069641,26.434761,66.925537,165.688004,80.537430,79.782196,114.380829,141.656494,386.326233,200.518570,123.439545,95.062798,68.764999,220.889999,878.325684
2024-10-18,233.466385,413.325287,164.108017,188.990005,137.945297,573.703552,219.707001,512.678711,40.901993,158.099899,549.523315,26.389605,67.442574,165.694794,80.073898,80.196442,114.057693,141.234863,385.709259,202.774460,123.913567,95.791473,76.389000,220.699997,882.562256
2024-10-21,234.936691,413.938141,164.853760,189.070007,143.653030,572.399841,217.396561,502.299011,40.360752,155.907242,551.317627,26.127695,66.494698,164.011551,78.683334,79.703293,114.124222,141.356689,383.773132,202.299561,119.720215,95.141579,77.207001,218.850006,879.794189
2024-10-22,234.320770,422.567230,165.867920,189.699997,143.533081,579.216980,218.488419,502.784058,40.882656,156.500870,549.764404,26.046415,66.494698,164.166336,78.625397,80.896713,114.713463,141.394150,381.787811,203.075882,119.720215,95.259735,76.424004,217.970001,886.461365
2024-10-23,229.254028,419.690857,163.541260,184.710007,139.504669,560.984863,217.796249,501.717041,40.921314,158.808426,544.728516,26.064478,65.115974,164.050217,77.302414,82.129608,114.304794,140.981918,379.104706,201.240112,119.793167,94.767380,74.929001,213.649994,892.096558
2024-10-24,229.065308,419.819305,163.591003,186.380005,140.354340,565.055298,219.326813,508.798431,41.220932,156.711517,541.033630,25.865786,64.436180,164.088928,76.327087,81.902763,113.658516,140.953812,380.411865,190.974442,126.119644,93.940239,75.455002,260.480011,886.391785
2024-10-25,229.899811,423.199768,166.036957,187.830002,141.483887,570.499023,216.723892,497.254639,40.486397,154.040176,544.651306,25.694191,64.072357,162.734589,76.143608,81.380020,113.563477,141.291077,379.340607,189.969803,125.280960,93.575897,75.468002,269.190002,884.209167
2024-10-28,231.876831,421.657806,167.379227,188.389999,140.464310,575.385376,219.833755,507.906067,41.191940,154.729538,545.307434,26.064478,63.832996,163.779358,76.201546,81.616722,113.002747,141.038116,383.900879,188.234482,123.375732,94.727997,74.912003,262.510010,883.951294
2024-10-29,232.145081,426.955872,170.163254,190.830002,141.194000,590.432983,217.299072,508.585022,41.104946,153.283768,542.307068,25.703220,62.770222,161.718811,75.709045,80.581100,111.463097,139.145645,380.854156,188.124893,122.436775,94.659073,75.944000,259.519989,880.012451
2024-10-30,228.598373,427.529144,175.134720,192.729996,139.284760,588.959900,218.771149,508.701477,40.892326,153.781631,543.107849,25.757412,63.114902,160.741760,73.825981,80.275352,110.902351,138.705307,372.726196,186.499176,121.971870,93.625137,75.374001,257.549988,872.174622
2024-10-31,224.435699,401.651855,171.704422,186.399994,132.707367,564.856201,216.343689,502.289307,40.418739,153.063507,544.593445,25.558722,62.530861,159.793701,74.482643,80.827675,110.987892,139.426712,369.738434,187.850906,122.208878,94.727997,75.602997,249.850006,867.303223
2024-11-01,221.455276,405.625366,171.664627,197.929993,135.346329,564.438293,217.338089,503.802551,40.360752,153.322052,547.545593,25.369061,62.243626,159.716324,75.380714,81.064400,109.248650,143.408447,373.109497,191.056641,122.199768,94.343964,75.610001,248.979996,871.565186
2024-11-04,220.561142,403.737427,169.705872,195.779999,135.996078,557.989319,214.257446,496.158539,39.945164,151.512390,538.100830,25.071028,62.339378,159.696976,74.540581,81.320831,112.727135,144.251648,370.052917,189.549652,121.242577,94.324272,75.551003,242.839996,880.267761
2024-11-05,221.991760,406.702759,170.431732,199.500000,139.854538,569.682922,215.924500,511.184875,40.476734,151.617737,547.034241,25.278746,62.588310,160.354782,75.303467,82.533989,113.059769,143.726990,376.785278,190.682190,122.008331,95.151421,76.390999,251.440002,884.340942
2024-11-06,221.266495,415.321991,177.312225,207.089996,145.552277,569.304810,240.851990,578.138611,43.888451,151.167694,575.648376,24.709774,60.989376,155.798386,72.734772,82.297287,114.998589,147.764938,409.719696,197.641647,122.081253,97.376839,78.021004,288.529999,893.361511
2024-11-07,225.995468,420.511230,181.239670,210.050003,148.820984,588.860535,230.440369,564.742004,43.269897,150.066589,584.099487,24.800085,60.951077,158.081436,73.314163,82.701668,115.141159,146.874924,401.198608,198.646286,122.290916,97.416222,79.653999,296.910004,907.945312
2024-11-08,225.726929,417.654663,178.833481,208.179993,147.571487,586.511780,231.025269,571.619751,43.617840,148.860168,594.094116,24.506594,61.200012,162.241226,73.275536,83.668243,115.103134,147.024796,386.613464,200.463791,120.732109,97.504852,79.503998,321.220001,937.619751
2024-11-11,223.011749,413.177063,180.931458,206.839996,145.202408,580.371338,233.277222,584.308228,44.536007,148.448456,603.201233,24.066357,60.663845,160.615997,73.970833,83.056725,114.494873,146.621948,389.729034,205.715378,119.975471,99.316696,80.543999,350.000000,926.771240
2024-11-12,223.011749,418.139008,182.273743,208.910004,148.231201,582.013428,233.540466,574.850159,44.323372,146.150482,592.994263,24.020500,60.510647,160.432205,74.028778,83.826035,114.380829,145.488327,386.259735,213.633804,118.635422,99.444710,81.949997,328.489990,926.274597
2024-11-13,223.896912,420.283905,179.459915,214.100006,146.212021,577.216614,235.100266,576.431213,44.333035,146.724991,584.504578,24.506594,60.319164,161.148056,73.893578,84.329071,115.445282,148.701813,380.421722,212.866608,121.862473,101.148239,83.046997,330.239990,927.615662
2024-11-14,226.980072,421.954376,176.337814,211.479996,146.701828,574.390259,235.792389,570.989258,44.362034,145.413193,572.233154,23.864582,59.888309,161.631760,73.082405,83.313179,115.521919,151.587433,380.706696,210.674683,120.914421,107.450310,83.725998,311.179993,917.840149
2024-11-15,223.777588,410.201843,172.897568,202.610001,141.923706,551.421021,239.145966,575.771545,45.183556,147.452667,571.345642,22.745642,59.112778,164.011551,74.028778,83.096176,114.324158,151.231415,377.473236,210.169876,122.218018,113.319107,82.396004,320.720001,901.130188
2024-11-18,226.781158,410.953064,175.790955,201.699997,140.094421,551.739441,238.873001,570.387817,45.154552,148.189941,568.856689,22.800673,59.227676,165.182098,72.319519,82.928513,115.282379,152.149460,377.856537,210.041397,124.700386,111.802673,84.705002,338.739990,913.488770
2024-11-19,227.039734,412.959564,178.555099,204.610001,146.951721,558.397400,236.981735,563.975708,44.854942,146.495193,556.652710,23.020790,59.926609,165.191742,71.373161,85.413994,113.672585,151.051575,375.763092,209.444794,122.919319,110.699806,87.132004,346.000000,924.059143
2024-11-20,227.755829,410.686157,176.317947,202.880005,145.832169,562.806152,234.729782,564.509216,44.516670,146.600510,579.323975,22.874044,60.309586,165.317535,70.842049,85.986061,115.291962,152.688919,374.947357,208.040558,121.895012,112.511665,88.385002,342.029999,922.002747
2024-11-21,227.278458,408.913330,168.274109,198.380005,146.611862,560.387817,238.609772,578.264709,44.903267,148.888885,576.420105,23.048306,61.046822,167.116882,72.522316,87.179482,116.834686,152.972855,382.898407,207.508209,121.230568,112.964622,89.748001,339.640015,949.392151
2024-11-22,228.621124,413.003723,165.619354,197.119995,141.893723,556.456726,242.304535,584.735046,45.425175,148.572937,570.033630,23.525230,61.200012,170.531754,74.743378,89.201401,116.700531,153.663757,390.662720,210.280014,124.414307,113.880394,89.778999,352.559998,957.697449
2024-11-25,231.604813,414.776611,168.463013,201.449997,135.966080,562.398010,244.000824,584.977478,45.908421,149.156982,584.466064,24.002155,61.640434,171.605560,76.539536,88.274277,114.956596,151.770874,398.682556,211.647552,126.924370,114.225037,86.558998,338.589996,954.597839
2024-11-26,233.782913,423.888428,169.646225,207.860001,136.865738,570.787598,243.688873,587.373718,46.150043,149.137695,585.392151,23.635290,61.803207,173.462967,74.946167,90.059502,113.040176,153.824631,400.825134,211.464005,124.543488,113.683441,87.260002,338.230011,965.138306
2024-11-27,233.653610,418.936340,169.845093,205.740005,135.286331,566.468445,243.513382,587.305664,46.169380,149.987030,586.926147,23.690319,61.688309,173.511322,75.651108,90.621681,112.743126,153.427139,396.766052,210.766434,125.207916,115.800552,87.734001,332.890015,955.253479
2024-11-29,236.040573,419.401825,169.516968,207.889999,138.195206,571.563843,243.445145,590.351746,45.918083,149.610611,588.682007,24.038841,61.818542,173.414597,76.066345,91.233185,113.030586,153.256790,399.134674,213.786072,125.244843,115.672539,88.681000,345.160004,965.515869
2024-12-02,238.288284,426.849762,171.992752,210.710007,138.575043,589.985107,240.062347,586.588745,45.463837,149.407928,587.061218,23.681147,61.403725,173.840240,76.765175,91.371277,112.925179,153.521790,395.596558,211.050980,123.676048,115.367287,89.774002,357.089996,968.615417
2024-12-03,241.331665,427.067657,172.032547,213.440002,140.204407,610.705139,238.668274,586.949402,45.251209,147.052917,583.887207,23.442686,61.278313,169.699814,76.541946,92.229370,112.752708,153.247314,392.402344,208.306732,119.698708,114.668144,90.217003,351.420013,975.718689
2024-12-04,241.689728,433.228027,175.085022,218.160004,145.082458,610.834473,237.283966,583.664124,44.816284,145.228745,589.251099,23.140020,60.014542,169.399902,76.066353,93.156487,109.504372,149.840149,392.648041,210.904129,118.840477,115.199883,91.106003,357.929993,984.431152
2024-12-05,241.719543,438.378204,173.315186,220.550003,145.012497,606.007751,239.311691,581.802124,45.425175,144.311859,558.553162,23.571087,60.699482,170.289917,76.270172,93.994858,109.983475,150.796051,388.195831,207.691772,117.742317,114.717384,91.787003,369.489990,975.827881
2024-12-06,241.520630,439.319122,175.482727,227.029999,142.393356,620.776611,241.144455,584.609680,45.434895,144.109161,530.238159,23.598604,60.323246,168.151993,76.571068,94.389366,108.824043,146.925095,388.244965,207.774399,115.915146,114.943871,93.473999,389.220001,986.110107
2024-12-09,245.409409,441.745636,176.289032,226.089996,138.764526,610.625488,237.683655,579.189392,44.618523,144.389069,542.924805,23.937954,60.390778,165.220764,75.357803,92.544983,108.182037,148.666550,392.402344,206.590393,118.609772,112.856300,91.369003,389.790009,981.391235
2024-12-10,246.423859,439.081421,185.675827,225.039993,135.025757,616.348083,236.757523,570.327942,44.463020,144.031952,547.350525,23.451859,60.689835,166.662170,74.484253,93.255119,107.961647,148.590836,381.719055,210.252457,120.169350,112.974464,91.334999,400.989990,986.894958
2024-12-11,245.150818,444.687164,195.809219,230.259995,139.264359,629.643738,237.410706,577.668640,44.783741,141.532150,516.689880,23.140020,60.429359,165.065994,76.532242,93.659515,107.242989,147.843155,382.190765,210.234116,119.154236,112.856300,93.655998,424.769989,988.176514
2024-12-12,246.612823,445.251678,192.743317,228.970001,137.295013,627.762878,235.460953,576.742493,44.783741,141.146118,499.480713,23.268425,61.587013,165.278824,75.668396,92.801407,107.147163,146.423508,374.239746,208.976730,119.025047,113.141869,92.555000,418.100006,981.917786
2024-12-13,246.781906,442.983643,190.503616,227.460007,134.206024,617.372986,233.910904,570.766602,44.385269,141.512863,504.051666,23.461027,60.892426,165.481995,74.979271,93.165184,106.208115,145.628494,373.974365,208.912476,118.822029,111.605736,91.887001,436.230011,982.871521
2024-12-16,249.676086,447.262238,197.252594,232.929993,131.956757,621.745422,233.559967,571.595276,44.190903,138.839355,482.765472,23.158363,60.342541,165.559372,74.930733,93.778053,103.937164,141.360062,372.411682,216.603760,118.628242,110.883720,92.108002,463.019989,986.368408
2024-12-17,252.102829,450.104706,196.217346,231.149994,130.347290,616.964600,232.370605,560.237976,43.782715,141.310196,470.195160,24.240618,61.162544,164.775787,75.707222,94.321724,103.496391,140.177002,369.345276,213.969620,117.493164,111.783760,91.913002,479.859985,975.649048
2024-12-18,246.702347,433.198334,189.279266,220.520004,128.867783,594.803528,224.581375,536.421875,42.276318,139.707993,483.946960,23.745348,60.631954,163.566513,74.639557,92.473251,101.972832,136.362854,357.639862,208.214951,114.263306,110.132034,88.955002,440.130005,958.422607
2024-12-19,248.432892,432.841797,188.831314,223.289993,130.637177,593.190002,227.106293,540.067993,42.159695,138.578751,473.807465,23.635290,60.246067,163.672958,74.833672,92.324982,101.100861,133.589783,354.180298,208.233292,113.183617,110.151817,90.204002,436.170013,948.547607
2024-12-20,253.107361,432.415955,192.076385,224.919998,134.655869,582.911255,231.629700,551.873596,42.927471,139.437744,484.344086,24.176416,60.342541,162.579819,74.678383,91.178322,101.445808,135.198746,359.752960,209.554947,115.979752,110.804588,90.904999,421.059998,947.822571
2024-12-23,253.883118,431.078827,195.092529,225.059998,139.624252,597.452820,232.399857,556.436035,42.655346,140.209900,490.358032,24.497421,60.178543,162.628159,74.503670,89.310081,101.857857,135.312317,359.114105,208.471909,116.044342,110.181488,91.144997,430.600006,943.689758
2024-12-24,256.797211,435.119720,196.665283,229.050003,140.174088,605.321350,236.221329,568.144104,43.131561,140.769684,490.125610,24.524937,60.622303,163.431091,74.532799,91.613266,101.953659,136.135712,361.256622,210.087280,116.514984,111.328789,93.211998,462.279999,952.541443
2024-12-26,257.612732,433.911407,196.197418,227.050003,139.884171,600.938843,237.030487,566.623413,43.296780,140.509079,495.016174,24.359848,60.361832,164.611328,74.678383,91.722000,102.039902,136.268219,360.814362,212.804001,116.607269,111.318909,92.414001,454.130005,949.878906
2024-12-27,254.201355,426.404083,193.151443,223.750000,136.965103,597.413086,235.110001,561.700317,43.092690,139.997528,493.892792,24.414879,60.246067,164.001862,74.173660,90.605003,102.030319,136.287140,358.593140,210.647141,116.376564,110.329849,90.754997,431.660004,933.546570
2024-12-30,250.829788,420.758728,191.807648,221.300003,137.444946,588.877258,232.118576,559.136353,42.674782,138.347107,491.771912,24.231445,59.840893,160.433350,72.455704,89.527550,101.340401,135.406952,356.097046,207.976303,115.647545,109.588051,90.042999,417.410004,914.843689
2024-12-31,249.059464,417.460571,189.567932,219.389999,134.246017,583.170166,232.496841,558.229797,42.713657,139.582504,489.893127,24.332335,60.062771,160.971039,73.445709,89.310074,103.074768,137.082153,355.851807,207.324646,116.367325,110.132034,89.132004,403.839996,908.951111
2025-01-02,242.525177,414.568604,189.757080,220.220001,138.264679,596.845276,232.778107,560.520691,43.044094,139.003418,488.585815,24.405708,59.657597,159.367584,71.504501,88.964096,102.825630,138.852005,352.918671,206.985077,114.309456,109.607834,88.672997,379.279999,902.542725
2025-01-03,242.037827,419.292908,192.245621,224.190002,144.422684,602.213806,235.959396,565.551025,43.549469,139.167496,496.807831,24.387363,59.570770,158.551437,71.155075,89.735130,103.352654,139.930939,356.862152,207.902878,114.235626,109.944115,88.105003,410.440002,909.258606
2025-01-06,243.668900,423.749756,197.053497,227.610001,149.381042,627.681641,234.808990,568.729126,44.122875,138.655960,497.456665,24.662514,58.663948,154.201935,69.883591,90.377647,103.237663,139.372528,357.264374,203.515717,114.623199,109.835320,88.179001,411.049988,915.339661
2025-01-07,240.894058,418.322296,195.809219,222.110001,140.094086,615.420776,237.070801,565.541260,44.783741,141.136444,498.018372,24.882631,58.692886,154.874039,69.970947,89.764771,104.205460,141.577728,356.087250,202.496948,115.333778,110.171600,87.918999,394.359985,914.010315
2025-01-08,241.381409,420.491302,194.495239,222.130005,140.064102,608.279419,237.031799,565.443848,44.910080,137.314392,507.964264,24.634998,59.532185,155.642151,69.194458,90.743401,102.461517,142.249725,354.193970,202.074768,116.976395,108.559425,87.500000,394.940002,919.962463
2025-01-10,235.563202,414.935059,192.285431,218.940002,135.865494,613.398865,233.853577,545.926941,43.841030,137.111694,504.255096,24.506594,58.914772,152.243195,69.107101,91.929581,102.087814,144.937592,344.315735,200.257492,113.764984,107.461571,83.768997,394.739990,929.455994
2025-01-13,233.126511,413.191956,191.409439,218.460007,133.186356,605.899048,238.084732,548.802856,43.792439,139.437759,524.059570,24.579967,59.474300,152.512054,69.961243,90.476494,104.722900,147.029221,355.596710,201.092712,115.361465,106.897804,84.028999,403.309998,917.313721
2025-01-14,232.012589,411.686493,190.175140,217.759995,131.716827,591.875305,241.262939,557.167175,44.492184,139.707993,526.577576,24.222275,59.850540,153.376190,69.077988,89.745010,105.134926,148.496201,364.493988,200.542023,116.127396,106.937370,82.839996,396.359985,909.903442
2025-01-15,236.577637,422.224518,196.077988,223.350006,136.195389,614.653870,246.020554,590.692932,45.775051,139.920349,526.267578,24.048012,59.590069,153.289749,68.980927,90.288681,106.850128,149.849609,367.750824,201.496536,117.631592,106.996704,84.825996,428.220001,916.123352
2025-01-16,227.019852,420.511078,193.519745,220.660004,133.526260,608.857117,247.892410,597.585205,45.327991,142.622803,494.473907,24.295647,60.053131,154.105896,69.019753,90.249153,106.668060,150.843384,373.302948,204.387680,119.910957,105.295525,84.237000,413.820007,912.403259
2025-01-17,228.730515,424.918457,196.645370,225.940002,137.664902,610.321350,252.659760,610.209778,45.221085,141.908569,493.670074,24.121387,60.496891,154.710815,68.757690,90.881775,107.626274,152.821426,378.668823,204.286682,119.717155,105.849396,85.809998,426.500000,935.656067
2025-01-21,221.430374,424.393555,198.715836,230.710007,140.783859,613.996521,256.432678,618.788696,45.347427,142.989563,508.419342,24.433222,60.217125,155.277283,71.019196,92.008667,106.811790,149.764435,392.206390,206.572052,122.614807,107.511017,86.968002,424.070007,940.159851
2025-01-22,222.613922,441.923950,199.114014,235.009995,147.021851,621.008301,256.247467,616.829163,44.501896,140.209885,503.315674,23.855408,59.599716,158.176987,71.863625,92.156929,104.952858,148.032455,391.467926,204.754776,122.319511,107.619820,95.399002,415.109985,937.154053
2025-01-23,222.444870,442.429016,198.666092,235.419998,147.171783,633.906616,259.279449,623.429138,45.085018,141.532166,513.048462,24.249790,59.358536,159.530807,72.106277,92.730255,105.546959,147.653854,400.122192,207.113556,123.297691,109.825424,98.486000,412.380005,934.634277
2025-01-24,221.569626,439.804413,200.975464,234.850006,142.573273,644.902466,258.197266,620.894470,45.211365,141.705902,515.702026,24.324375,59.734772,158.542587,71.407440,93.669327,104.119217,147.313141,401.333221,203.304642,122.762459,110.933174,97.759003,406.579987,932.174133
2025-01-27,228.611176,430.395416,192.882690,235.419998,118.381210,657.243042,259.181946,617.365356,45.765327,147.564453,526.364502,25.042265,61.615959,163.894302,73.358360,96.278923,105.566116,148.808502,388.878632,207.159454,125.743149,112.100258,97.189003,397.149994,957.539856
2025-01-28,236.965530,442.914337,196.167572,238.149994,128.947739,671.635315,260.439606,621.771729,45.522362,145.141891,525.357239,24.939711,60.159245,160.542221,72.203339,96.170204,103.525131,147.843155,384.261078,202.561218,124.967995,110.913391,97.182999,398.089996,951.012329
2025-01-29,238.059540,438.091003,196.277069,237.070007,123.659485,673.786621,259.893585,621.362305,45.434891,145.885056,521.115479,24.818508,60.612663,160.580872,74.328972,96.377785,104.128807,147.351013,387.155640,202.882431,123.454575,111.951912,97.815002,389.100006,956.319702
2025-01-30,236.299164,411.013000,201.702103,234.639999,124.609184,684.254578,261.502228,629.473206,45.405739,147.545151,528.349792,25.088882,61.789604,161.720749,76.027527,97.514549,104.991188,147.947266,369.187561,205.645050,106.031776,112.189278,97.323997,400.279999,971.190063
2025-01-31,234.717804,411.082306,204.658524,237.679993,120.030670,686.425964,260.595551,624.306458,44.997555,146.850220,525.366943,24.725275,61.239719,160.349030,74.639565,97.030182,102.365692,141.199173,365.702271,205.333008,105.413490,111.823326,97.676003,404.600006,972.052979
2025-02-03,226.771194,406.982025,201.712067,237.419998,116.621788,694.672852,260.117859,616.478210,44.910080,146.579987,530.877380,24.426931,61.114304,163.024887,74.338661,98.394302,102.614822,141.341125,355.964996,204.130661,102.700394,112.753044,97.893997,383.679993,997.795715
2025-02-04,231.535202,408.418060,206.758850,242.059998,118.611130,701.375916,261.219543,618.242737,45.396015,148.143570,528.233643,24.119265,60.458305,162.416321,74.464851,99.610138,105.364899,145.013306,356.358887,205.176971,103.143349,112.060707,99.487000,392.209991,1013.697632
2025-02-05,231.206985,409.329346,192.414841,236.169998,124.789108,702.053284,263.647095,629.229553,45.784763,149.301758,522.771545,24.650688,60.892426,163.266388,72.378044,101.280685,105.288239,144.795639,353.306763,204.075607,103.263313,109.330894,101.111000,378.170013,1034.549805
2025-02-06,231.952927,411.835083,192.424774,238.830002,128.637848,709.144714,269.954803,641.678650,46.397049,148.162857,513.309998,24.081970,61.123951,163.140823,69.631226,101.666199,103.898834,143.763977,359.804779,192.575424,104.712143,110.863937,101.568001,374.320007,1042.595093
2025-02-07,226.393295,405.823212,186.283035,229.149994,129.797455,711.664612,268.882385,639.416931,46.066608,147.786438,510.395020,23.998060,61.587013,162.261734,66.661186,99.985779,104.339615,144.445435,358.259033,188.628815,104.379936,109.647400,101.392998,361.619995,1036.616455
2025-02-10,226.662109,408.269562,187.338181,233.139999,133.526260,714.533142,264.241821,634.181824,45.357140,148.867432,516.534851,24.119265,62.271961,161.836700,68.854752,101.735397,106.332687,147.426727,357.609222,191.382233,105.348885,108.084671,102.760002,350.730011,1054.601685
2025-02-11,231.610535,407.497040,186.213379,232.759995,132.756516,716.923584,268.092712,630.974487,45.473766,150.691620,517.067505,23.802273,65.214325,163.672119,69.242989,101.290573,107.003441,149.007263,356.634583,189.932114,105.690323,107.827515,100.807999,328.500000,1051.046387
2025-02-12,235.842102,405.120026,184.580872,228.929993,131.097061,722.481262,268.541168,632.690247,44.910080,149.851898,510.753296,23.746332,66.285141,163.817032,70.135963,102.417450,103.784058,146.603317,346.601959,188.160721,105.441170,108.035225,102.731003,336.510010,1057.779663
2025-02-13,240.481888,406.605652,187.019638,230.369995,135.245682,725.648499,269.389313,632.641602,45.026707,151.772598,514.413940,23.904827,67.047264,165.208084,71.058022,103.840889,104.538147,147.530823,348.236328,188.399368,106.714661,108.391281,104.369003,355.940002,1069.438721
2025-02-14,243.538559,404.515869,186.014282,228.679993,138.804535,733.726135,269.652557,643.950012,45.638985,150.710892,506.986023,23.802273,66.439507,157.354370,70.893021,102.842514,104.644485,148.650452,347.862152,186.086456,107.249893,109.172646,105.860001,355.839996,1064.463257
2025-02-18,243.409119,405.714264,184.949173,226.649994,139.354355,713.507263,272.928284,655.297485,45.221085,150.788742,484.925079,23.830244,66.613152,159.808044,75.309273,102.585503,106.481377,149.435150,348.531616,190.941711,108.036140,108.361610,103.584999,354.109985,1048.752197
2025-02-19,243.807373,410.795105,186.273087,226.630005,139.184387,700.957642,272.245850,651.359131,44.715710,153.610138,494.909668,24.137911,67.597145,160.832047,74.523087,102.802963,106.636063,150.459045,347.547119,193.484039,107.643028,110.132034,104.333000,360.559998,1055.217285
2025-02-20,244.763229,412.968506,185.785324,222.880005,140.064102,692.063293,260.108093,626.119690,44.025688,155.351593,486.561798,24.147232,67.568214,161.527573,74.959862,96.091110,108.279594,151.951874,343.756592,193.979645,109.140663,109.340782,102.454002,354.399994,1027.698242
2025-02-21,244.484436,405.108643,180.748505,216.580002,134.385956,680.818359,257.612335,609.878296,43.549469,157.900589,451.698059,24.520163,68.831978,164.444931,74.251312,93.689095,107.013115,150.162399,334.787323,194.521164,108.887939,107.471458,100.315002,337.799988,1027.896973
2025-02-24,246.027710,400.930634,180.360275,212.710007,130.237335,665.460022,254.785019,610.404785,43.209312,159.301559,446.952698,24.846478,68.098793,164.744400,77.920204,92.591873,107.573837,151.090622,333.684601,192.658020,108.728813,109.983665,98.847000,330.529999,1028.463135
2025-02-25,245.967957,394.876953,176.557770,212.800003,126.588524,654.872437,250.943878,599.456970,42.703941,161.587860,455.533081,24.930386,68.967033,166.782684,79.317879,96.565598,106.084999,149.683945,337.071472,194.576248,110.554054,109.320999,97.723999,302.799988,1048.384888
2025-02-26,239.316956,396.693085,173.899994,214.350006,131.237000,671.007812,252.299011,602.245239,42.703941,158.659454,448.957367,24.632040,68.301399,165.478577,78.784042,95.092743,105.823959,148.459045,337.288025,193.961304,109.412109,110.606789,99.005997,290.799988,1024.858032
2025-02-27,236.270233,389.547760,169.430557,208.740005,120.110649,655.609497,252.552490,592.720642,42.878876,159.291824,453.770508,24.333696,68.368927,166.125809,77.667847,95.675964,106.491043,149.923187,334.747894,194.824051,110.104767,110.092468,96.306999,281.950012,1014.668762
2025-02-28,240.790527,393.973877,171.431366,212.279999,124.879082,665.529663,258.012024,609.659729,44.803177,160.546875,459.968506,24.641365,68.696915,167.932251,77.095192,97.475014,107.631851,151.789200,338.636902,196.438828,111.415207,112.555237,98.056000,292.980011,1041.383423
2025-03-03,236.997070,385.538452,167.887680,205.020004,114.022636,652.432312,254.083099,592.975403,44.278370,162.745575,452.308136,24.473549,69.767754,169.622787,76.490379,96.466743,104.180435,146.497345,326.910889,195.636047,111.630493,111.556282,97.370003,284.649994,1039.635498
2025-03-04,234.906174,385.657532,171.819595,203.800003,115.952003,637.442383,243.973221,569.344910,41.469662,160.936020,459.629517,24.007383,67.712921,167.294693,75.427055,93.876907,103.967743,145.454285,321.702606,191.926697,109.318504,107.817627,97.258003,272.040009,1029.724365
2025-03-05,234.717010,397.973267,174.188690,208.360001,117.261574,653.846619,245.221115,581.032776,41.100353,160.644150,460.956299,24.184526,67.606804,168.676086,75.905060,94.875290,101.937508,144.315536,333.261230,193.421524,111.405846,108.114342,99.092003,279.100006,1040.529419
2025-03-06,234.308792,393.874634,173.412247,200.699997,110.533783,625.420654,240.356277,556.148254,40.293701,161.334900,472.325775,24.464224,67.973381,168.724396,75.807510,93.550690,104.045090,146.363373,335.742340,194.934769,112.791168,104.276787,90.636002,263.450012,1019.544861
2025-03-07,238.032562,390.321869,174.945206,199.250000,112.653091,623.159729,236.203125,548.310669,40.489307,162.171600,477.903931,24.921062,68.909164,169.970566,76.665962,90.664307,105.398582,149.607391,344.888763,197.942886,113.839523,104.355911,89.111000,262.670013,957.664368
2025-03-10,226.492844,377.271759,167.231857,194.539993,106.944969,595.600403,226.395447,520.869141,38.953842,163.154205,467.049988,24.837154,68.928444,170.270004,74.529579,86.809204,108.086235,150.784424,339.877441,197.296951,112.903496,101.952499,86.667999,222.149994,927.970337
2025-03-11,219.881653,377.559570,165.408157,196.589996,108.724373,603.289551,223.392715,520.643860,38.738682,161.364090,472.710388,24.231140,68.532921,167.236710,72.354172,86.433571,105.533928,147.444717,334.521423,192.471100,108.916016,96.829155,89.510002,230.580002,924.077454
2025-03-12,216.038422,380.358124,168.417770,198.889999,115.712738,617.084167,222.183807,524.836975,39.032082,158.435699,467.915558,23.970091,67.471741,162.648132,71.778618,84.219353,105.504921,146.095428,332.906799,190.404190,107.886391,97.679749,91.968002,248.089996,920.690918
2025-03-13,208.770081,375.892303,164.162476,193.889999,115.552773,588.279724,219.541779,514.158203,38.797359,158.571884,468.314331,23.867537,67.163048,162.860657,70.861633,83.527405,105.060211,146.994934,328.161255,190.717926,107.858315,95.810417,89.016998,240.679993,884.482178
2025-03-14,212.563553,385.607941,167.042526,197.949997,121.641335,605.710327,226.609924,530.421265,39.990520,158.396759,475.248779,23.979414,67.211624,162.261734,69.905617,84.367622,108.182922,150.258102,334.393494,193.283112,109.290436,97.561058,91.800003,249.979996,897.690552
2025-03-17,213.071350,385.746887,165.996140,195.740005,119.501839,603.018799,228.062546,540.149841,40.528423,158.425949,485.334381,24.287083,68.144577,163.990906,71.895676,86.453339,109.981125,151.884888,337.347198,194.159683,110.507263,98.273178,95.001999,238.009995,910.292969
2025-03-18,211.767044,380.606232,162.109573,192.820007,115.402802,580.548828,229.076492,540.580872,40.733807,159.797729,489.983307,24.529486,67.425423,162.010574,71.515221,84.604858,109.865105,153.884888,331.508728,193.532227,111.256081,98.263290,92.998001,225.309998,891.860901
2025-03-19,214.305954,384.873566,165.707138,195.539993,117.492310,582.243530,233.112640,546.028015,41.281487,158.571884,489.399780,24.436253,67.328247,162.841354,71.203056,85.336349,111.576317,156.985367,333.389221,192.526459,109.955009,99.193016,95.948997,235.860001,897.819641
2025-03-20,213.170929,383.901031,164.481369,194.949997,118.502068,584.177551,233.015121,551.259521,41.545551,158.601089,497.277618,24.417608,67.746132,161.856003,70.100723,84.822334,112.050041,157.674347,331.055847,194.593369,109.496353,97.778648,95.084000,236.259995,889.229248
2025-03-21,217.322815,388.287445,165.677231,196.210007,117.672264,594.395630,235.569427,553.669739,41.535770,159.194534,502.675354,24.501516,66.735435,161.025238,66.276688,85.223770,111.663330,157.655228,330.593109,193.882874,107.736618,98.372093,96.028999,248.710007,902.993713
2025-03-24,219.772125,390.093597,169.344559,203.259995,121.381401,616.925293,241.838165,568.325989,42.122566,158.863754,502.335022,24.370989,67.007538,160.020569,65.740158,86.720490,111.953362,157.913589,336.392120,195.479187,108.391838,99.084213,97.198997,278.390015,919.658020
2025-03-25,222.779037,392.157776,172.194702,205.710007,120.661568,624.362122,244.831161,574.047424,42.327953,156.655289,499.349213,23.820917,66.871475,157.315750,64.910980,84.014503,112.717110,158.793976,337.327454,195.728333,102.916084,100.498573,99.727997,288.140015,923.848999
2025-03-26,220.568665,387.007233,166.564163,201.130005,113.733200,609.079773,244.733658,562.271484,41.878071,157.336304,503.988403,23.503929,68.047386,160.918991,64.130554,84.460548,114.341309,160.736542,335.840759,196.651047,103.908279,99.677650,97.065002,272.059998,923.342529
2025-03-27,222.878632,387.612579,163.514725,201.360001,111.403755,600.705933,241.896637,547.575867,41.623787,158.708099,501.576355,23.317465,68.747108,162.976593,64.189095,84.876839,113.973938,159.473389,334.058716,197.619904,103.908279,99.351257,97.671997,273.130005,932.280457
2025-03-28,216.954422,375.922089,155.522339,192.720001,109.644165,574.946289,236.758835,532.096497,40.342606,159.272369,501.887604,23.503929,68.387543,162.319702,61.740536,84.401070,113.819260,158.937515,324.597198,194.085876,102.644646,96.997292,93.385002,263.549988,923.253174
2025-03-31,221.166077,372.538025,155.691757,190.259995,108.354462,574.567505,239.147385,535.202209,40.812046,161.344620,509.386200,23.625130,69.602325,164.628479,61.925888,87.017853,114.979385,160.085815,324.705475,195.386902,102.953537,97.620399,93.252998,259.160004,939.262085
2025-04-01,222.221466,379.286316,158.332642,192.169998,110.124054,584.177551,237.548538,537.318420,40.577328,149.095901,508.773468,22.879274,69.845291,164.763718,63.174549,88.048706,115.085747,161.253296,325.463593,196.955551,102.270233,96.611557,92.837997,268.459991,947.822632
2025-04-02,222.918427,379.236694,158.312698,196.009995,110.393982,582.114014,239.654343,551.671021,40.929405,151.148697,508.851288,23.028444,69.320488,163.739731,63.369652,88.970520,114.728027,159.301147,329.490417,199.299255,103.150093,96.809372,93.552002,282.760010,958.429016
2025-04-03,202.308243,370.275299,152.104156,178.410004,101.776024,529.966614,222.953995,500.853821,36.401257,155.487823,525.618469,22.646189,71.118370,166.531540,54.219292,86.492516,108.695297,149.396835,301.036835,190.708694,93.714958,87.868248,91.705002,267.279999,960.415222
2025-04-04,187.562531,357.106110,147.231018,171.000000,94.287781,503.160248,206.268478,461.254211,33.633503,149.086166,510.650482,21.415520,67.959938,158.185150,55.848408,82.458321,100.874031,137.109787,283.629944,176.231171,91.459129,82.616333,85.585999,239.429993,910.163879
2025-04-07,180.672562,355.141174,148.725845,175.259995,97.616997,514.644409,210.349136,456.061798,34.797333,146.537201,510.310150,21.098528,66.443878,154.784760,54.248562,83.092674,99.520546,134.114578,275.733795,172.973938,89.446671,82.388855,86.782997,233.289993,901.871460
2025-04-08,171.671768,351.866272,146.075027,170.660004,96.277313,508.862457,212.732773,452.838562,34.259430,145.934021,537.911865,20.361990,66.492470,153.007309,51.965847,81.070618,97.422630,131.033234,269.708344,168.729416,86.039536,80.826134,87.040001,221.860001,902.487244
2025-04-09,197.987106,387.523254,160.505112,191.100006,114.303062,583.948303,229.869492,506.379364,36.332794,146.877716,562.634705,20.968004,67.979362,156.803757,57.867733,88.811928,102.285545,139.741379,296.360229,183.714447,93.284386,90.439812,94.546997,272.200012,958.538330
2025-04-10,189.593658,378.452728,154.834702,181.220001,107.544655,544.591003,222.777435,479.858795,35.061386,144.659515,578.098572,20.128912,68.766548,158.001602,53.068180,89.813042,96.610542,129.167221,284.693237,178.445679,90.382698,84.297745,92.116997,252.399994,957.664368
2025-04-11,197.290131,385.498779,158.850830,184.869995,110.903862,541.879456,231.694016,484.404602,35.159191,147.617096,583.029541,20.427254,69.417671,161.237778,53.058422,91.983788,99.713905,129.789230,288.917023,183.206955,90.869431,83.961456,91.829002,252.309998,956.770508
2025-04-14,201.641174,384.863647,160.913696,182.119995,110.683914,529.827087,230.242249,493.750977,35.863350,150.175812,570.959900,20.623041,70.408936,163.382339,54.053455,93.896812,99.955597,129.492599,293.514801,184.775589,92.357719,83.733978,93.127998,252.350006,972.570984
2025-04-15,201.262802,382.799438,158.133316,179.589996,112.173561,519.898071,228.682571,497.581604,37.154316,149.455856,567.585144,20.921385,69.835564,162.744751,53.487659,93.143486,99.675232,128.746170,288.897278,183.446869,90.326538,84.080147,97.627998,254.110001,970.187439
2025-04-16,193.426971,368.786682,154.964264,174.330002,104.465385,500.747803,225.229736,488.921021,36.508835,149.738022,568.995300,20.548458,69.660629,160.735413,52.238995,90.387947,100.729027,129.530853,285.658142,178.344193,88.173676,81.864647,96.163002,241.550003,961.080688
2025-04-17,196.125198,364.985809,152.831650,172.610001,101.466087,499.920380,227.534912,499.149139,36.587074,153.201523,441.656036,20.641687,70.943443,164.831360,54.394886,92.400101,103.368340,131.932755,289.704651,181.407654,90.261009,83.882332,97.303001,241.369995,987.646240
2025-04-21,192.321793,356.391632,149.343689,167.320007,96.887177,483.152649,224.621567,491.184143,36.107853,152.666412,413.665314,20.548458,70.719917,161.115234,54.746071,91.597221,101.850487,127.971054,281.691376,179.220764,90.092529,83.081192,98.791000,227.500000,951.169495
2025-04-22,198.873245,364.033112,153.369781,173.179993,98.866699,498.724091,231.095627,509.436035,37.477058,153.473923,415.464569,21.005297,71.818092,163.185699,55.663063,94.015747,104.702499,131.387314,288.052521,183.040863,90.644783,85.148331,104.033997,237.970001,972.481567
2025-04-23,203.712143,371.545624,157.176620,180.600006,102.685799,518.651978,236.284729,518.566833,37.897594,151.168167,416.223206,20.874769,71.234993,161.095795,55.984978,94.124786,103.803391,130.794006,292.603241,182.062759,90.991119,86.335205,104.959000,250.740005,969.114929
2025-04-24,207.465775,384.357483,160.913696,186.539993,106.404922,531.491943,239.972992,534.300842,38.709347,150.730362,412.614960,21.238379,70.476967,155.069168,57.048294,94.997047,105.021530,133.081100,303.574524,185.227707,92.591713,89.025459,109.686996,259.510010,968.757385
2025-04-25,208.371811,388.872955,163.285507,188.990005,110.983856,545.567932,238.903793,533.801270,38.816921,150.389862,407.158844,21.368902,69.884163,156.517517,56.209347,94.253647,104.963524,132.755753,303.168945,183.769806,91.646332,89.292503,110.153000,284.950012,970.425781
2025-04-28,209.228104,388.188202,161.860428,187.699997,108.704391,548.030212,238.580093,535.310059,38.904942,151.138992,408.481537,21.490107,69.767540,157.324295,55.906940,94.382500,105.021530,134.066742,303.772400,185.153915,90.878792,89.173820,111.038002,285.880005,971.796326
2025-04-29,210.293457,391.046295,161.501663,187.389999,108.994316,552.715637,239.953384,537.778870,39.110321,151.683807,398.006897,22.180027,70.311752,157.722839,56.131310,95.195290,104.760506,133.301193,304.108734,195.147003,90.541824,90.172760,112.564003,292.029999,984.865662
2025-04-30,211.577850,392.257050,160.335693,184.419998,108.894333,547.292603,239.953384,536.436646,39.002743,152.072952,400.156311,22.758070,70.506119,158.024155,55.019218,96.394646,102.121185,130.200729,305.958679,194.233505,89.203316,89.955170,113.171997,282.160004,987.646240
2025-05-01,212.394302,422.168030,162.229141,190.199997,111.583702,570.430420,242.180084,542.589233,39.286358,150.273102,389.691376,22.310553,69.281616,155.506592,55.370403,96.553246,102.266205,130.392105,310.598480,194.454956,88.548080,89.816704,113.347000,280.519989,992.155029
2025-05-02,204.458893,431.972992,165.238754,189.979996,114.473030,595.163208,247.692856,554.610107,40.166561,151.888092,388.952240,22.562281,69.631477,156.031494,57.155602,97.881447,102.681923,132.535645,320.214447,197.583023,90.232941,91.478325,115.649002,287.209991,1002.655884
2025-05-05,198.026901,432.856262,165.477936,186.350006,113.793190,597.406311,247.741898,548.202942,40.215466,150.798447,393.708069,22.254612,69.680069,154.388748,55.945961,98.456352,99.839577,129.664825,319.650513,197.693726,89.446671,91.102486,113.405998,280.260010,1009.208984
2025-05-06,197.648560,430.017914,164.630859,185.009995,113.513260,585.483398,244.495041,538.209961,39.941624,150.282837,383.690582,21.331608,69.699501,154.796997,55.643551,97.683212,101.231750,129.760529,317.454346,193.707565,87.808624,91.161827,113.768997,275.350006,1004.843506
2025-05-07,195.398361,430.057648,152.273575,188.710007,117.032425,594.953918,244.632385,540.717896,40.029644,153.036118,380.335175,21.247700,70.360352,154.835892,57.184868,97.960754,101.135063,129.942337,316.860748,198.025894,87.949028,100.973320,115.541000,276.220001,1001.512329
2025-05-08,196.632996,434.841034,155.213409,192.080002,117.342354,596.150208,248.634552,554.218262,40.684906,151.440567,374.976318,21.415520,69.164993,154.213776,57.467766,96.573059,102.546570,131.138504,320.778351,197.961304,90.747742,103.970177,114.443001,284.820007,1002.069214
2025-05-09,197.668472,435.396759,153.848129,193.059998,116.622520,590.647278,248.251984,555.589905,40.870724,150.039597,370.200989,21.168491,68.533310,153.251465,56.872700,96.101097,103.745377,132.526077,322.133667,196.567993,89.755562,104.781212,114.022003,298.260010,1002.447083
2025-05-12,210.150497,445.846771,159.030212,208.639999,122.971024,637.441345,255.089005,579.337891,42.406193,149.961777,368.362762,21.938082,67.571205,156.400848,61.047916,96.130905,105.533928,135.521286,338.882416,202.390396,94.735214,109.281441,111.000000,318.380005,1010.461914
2025-05-13,212.283997,445.727692,160.335693,211.369995,129.899384,653.989746,257.992584,591.554810,43.305954,144.416290,302.840424,21.729057,67.017250,154.291534,60.862572,95.266472,105.823959,136.219864,348.765442,201.356949,93.424774,110.161697,113.844002,334.070007,993.437805
2025-05-14,211.685822,449.498810,166.235306,210.250000,135.308105,657.309387,260.572418,599.186707,43.755840,142.392670,299.562866,20.921461,67.211624,153.601379,60.218727,96.210396,104.876526,135.569122,345.916321,200.397308,93.275017,111.704643,115.098999,347.679993,985.989685
2025-05-15,210.808502,450.512939,164.830154,205.169998,134.798233,641.877502,262.387054,603.399414,43.403755,145.554565,266.825958,21.472528,69.592606,157.868652,60.872326,95.733467,105.940025,136.133728,346.064697,205.112442,93.930237,110.992523,117.797997,342.820007,1004.813660
2025-05-16,210.619064,451.646332,166.853165,205.589996,135.368103,638.348572,262.455780,606.465942,43.706928,147.227951,283.904388,21.691053,69.971611,158.714325,61.564945,97.611374,105.559502,135.980621,349.794281,206.707626,94.838188,112.179390,119.153000,349.980011,1020.087708
2025-05-19,208.146591,456.219757,167.291656,206.160004,135.538055,638.438232,259.826904,599.872437,43.785175,148.356522,307.226715,21.852570,69.903587,160.162643,60.560165,97.492142,103.881317,134.140289,348.795135,208.618134,94.295868,111.427711,119.164001,342.089996,1028.550049
2025-05-20,206.232422,455.523834,164.750458,204.070007,134.348343,635.118530,260.611633,594.209839,43.706928,149.494781,312.760651,22.346630,69.670349,161.008331,61.028416,97.174194,102.398270,132.958618,345.748077,208.729431,92.811646,111.130989,119.202003,343.820007,1031.016113
2025-05-21,201.476883,449.956177,169.474106,201.119995,131.768951,633.523560,256.060120,581.414917,42.298611,149.027786,294.670776,21.890577,69.825844,160.804184,58.511570,95.812958,101.139641,131.302307,338.842834,205.770905,91.194214,109.251762,119.462997,334.619995,1019.560730
2025-05-22,200.749084,452.232941,171.387497,203.100006,132.798706,634.590210,255.697220,586.088013,42.357292,148.473251,288.533844,21.890577,69.135849,160.415390,59.818764,95.316154,100.466415,131.040787,341.494141,207.403198,92.259819,109.914436,118.796997,341.040009,1012.430847
2025-05-23,194.677597,447.579956,169.005722,200.990005,131.259064,625.109863,255.736435,586.391663,42.249714,148.794296,287.464020,22.156607,69.748093,161.222168,58.550594,95.723526,100.524956,132.251526,339.713409,205.919312,90.737534,108.519867,118.539001,339.339996,1002.854736
2025-05-27,199.602600,458.029266,173.380600,206.020004,135.468063,640.322388,260.229065,603.232849,43.247276,150.374084,286.909607,22.432138,69.757820,163.069031,61.291801,96.955589,101.003036,133.501022,347.746460,210.027847,92.811646,111.130989,121.156998,362.890015,1012.092651
2025-05-28,199.811951,454.718475,172.782669,204.720001,134.778244,641.578430,258.463379,596.090820,43.090794,149.569473,289.934326,22.023592,69.145569,162.680237,60.267502,96.617767,99.627327,131.747879,345.748077,208.312103,92.040993,110.300171,120.855003,356.899994,1007.468811
2025-05-29,199.343384,456.030884,172.364120,205.699997,139.157211,643.043945,259.326599,592.583496,43.266838,150.697891,289.992706,22.280121,69.475983,163.846664,59.935825,96.478661,100.193222,133.578506,348.023499,208.850021,93.334923,110.794701,118.486000,358.429993,1003.093384
2025-05-30,200.240662,457.701141,172.254501,205.009995,135.098175,645.476257,258.963684,591.195251,43.159252,152.297318,293.630127,22.318127,70.068794,165.139481,59.106644,98.088303,99.812714,132.406509,344.303741,210.222610,92.802124,111.803543,120.723000,346.459991,1034.357422
2025-06-02,201.088074,459.301880,169.783051,206.649994,137.347641,668.813477,259.611084,589.491882,43.110355,152.483719,296.363068,22.289621,69.971611,163.088501,60.461796,99.131577,100.544479,133.510712,340.979706,209.156067,92.630875,111.714523,121.898003,342.690002,1050.934204
2025-06-03,202.653305,460.296082,167.132217,205.710007,141.186722,664.776062,261.190338,594.523132,43.667816,151.522125,292.959076,22.185110,69.155289,162.184494,61.247398,99.340240,101.276245,135.167007,345.659058,210.315353,93.315903,112.357422,121.793999,344.269989,1049.681274
2025-06-04,202.204681,461.190887,168.806427,207.229996,141.886566,685.810425,259.179474,589.974365,43.384193,150.344650,292.142090,22.223116,69.359360,161.309647,61.640202,98.714272,99.812714,133.055450,345.589813,210.946014,93.763069,112.248627,123.966003,332.049988,1045.802979
2025-06-05,200.021332,464.978882,169.224991,207.910004,139.957016,682.490723,256.952759,596.541504,43.403755,150.776398,287.726593,21.966585,68.912323,158.247726,61.542004,97.333160,99.354141,132.600220,345.223755,210.222610,92.164680,111.299126,125.052002,284.700012,1005.151794
2025-06-06,203.301331,467.663330,174.317368,213.570007,141.686600,695.540100,260.660675,604.536377,44.239952,152.120682,294.904236,22.185110,69.339928,159.433609,61.669659,96.846306,101.734810,135.806274,349.566803,212.179504,93.477646,112.654144,124.147003,295.140015,1009.258728
2025-06-09,200.838837,470.019623,177.230820,216.979996,142.596405,691.901428,261.651398,604.063782,44.141575,152.316925,294.875031,22.774179,69.748093,158.014435,60.795681,96.826424,102.417793,136.338974,354.236267,210.649231,94.486153,114.394890,122.445999,308.579987,1000.547729
2025-06-10,202.055115,468.200226,179.605438,217.610001,143.926086,700.215515,263.475952,605.392944,44.358002,153.514053,295.458557,23.087717,70.311752,158.286606,62.720398,96.697266,104.613083,138.847641,354.730896,209.842361,97.483154,117.431313,120.362000,326.089996,1001.631653
2025-06-11,198.176926,469.890350,178.388199,213.199997,142.806259,691.981201,263.034485,614.549622,44.003849,152.346359,302.042908,23.258736,70.039635,157.577026,61.974083,95.186989,106.652267,140.232727,359.251953,209.434296,96.246300,118.212669,121.987999,326.429993,991.200378
2025-06-12,198.595657,476.104248,176.572296,213.240005,144.975906,691.203613,263.122742,615.475159,43.895634,153.720108,309.765198,23.600777,70.204849,158.617096,61.669659,94.223190,107.062065,140.416763,357.095276,209.647598,96.017952,117.312622,121.502998,319.109985,997.097168
2025-06-13,195.854004,472.216827,175.484756,212.100006,141.946396,680.746216,259.895569,604.083435,43.374241,154.151840,304.931488,23.315746,69.509949,155.798203,59.440517,93.835693,109.393951,141.327240,353.227142,208.015320,95.142639,116.649956,121.214996,325.309998,984.667114
2025-06-16,197.818024,476.372711,177.540115,216.100006,144.665955,700.474915,265.202332,618.172852,43.689045,152.307129,301.346558,23.182728,69.020584,156.381424,60.785858,93.686646,109.745201,141.443481,358.559448,207.829819,96.179695,118.173111,122.535004,329.130005,978.849854
2025-06-17,195.046448,475.279053,176.831711,214.820007,144.096039,695.596375,264.378357,615.012451,43.511967,149.520416,302.531738,22.802683,68.139725,154.087433,58.920059,93.646904,111.228233,144.174911,353.850403,205.696732,94.828667,116.837868,122.067001,316.350006,972.247009
2025-06-18,195.983597,477.466339,173.589005,212.520004,145.455811,694.139771,268.733673,625.449036,44.328495,147.901382,300.895996,22.688669,67.738434,153.601379,58.438873,94.481529,110.437935,143.535629,355.947693,205.770905,94.391006,116.570831,122.228996,322.049988,969.442871
2025-06-20,200.390182,474.642761,167.353058,209.690002,143.826096,680.751221,269.753815,630.923279,44.761353,146.979019,295.812500,22.774179,67.376297,154.631744,58.713840,95.504944,111.911209,144.852921,356.659973,205.705994,94.448097,116.343338,123.140999,322.160004,974.802673
2025-06-23,200.888687,483.193085,165.636917,208.470001,144.146042,696.893433,272.961395,636.909607,45.548363,148.480301,294.509796,22.831186,68.257164,156.527206,59.686016,97.243736,109.023178,142.247421,362.308899,208.432663,95.523216,116.462029,125.353996,348.679993,998.857178
2025-06-24,199.692322,487.279327,167.363037,212.770004,147.875412,710.531311,275.894409,651.904846,45.902519,149.333984,299.348419,23.097218,68.717171,155.875977,60.314499,97.372910,105.705849,139.041367,369.026184,208.302826,95.732521,117.852623,127.911003,340.470001,996.311523
2025-06-25,200.948502,489.426880,171.104599,211.990005,154.284363,707.019592,278.640991,659.545227,46.089432,149.422287,295.822296,23.049713,68.149506,154.524811,59.735123,96.637650,105.735123,138.731415,367.601562,205.696732,94.543243,118.617447,127.525002,327.549988,981.017700
2025-06-26,200.390182,494.576965,174.038010,217.119995,154.994232,724.388855,283.241486,676.568726,46.689529,149.157349,296.410004,23.030710,67.992912,154.194351,61.414345,95.405579,107.315735,139.903412,377.791321,209.953659,95.713493,120.643738,130.667007,325.779999,977.407959
2025-06-27,200.469955,493.075684,177.869370,223.300003,157.723770,731.911072,281.632751,680.162476,46.355053,149.549866,302.766815,22.983206,68.834625,155.389954,70.743355,96.647575,106.720566,139.273819,380.591003,212.244446,96.265320,121.517822,132.311996,323.630005,979.625549
2025-06-30,204.547546,494.537201,176.991348,219.389999,157.963760,736.360657,284.379395,696.841370,46.551807,149.883469,305.568115,23.030710,69.245689,154.865036,69.761345,97.154312,105.178978,138.692673,384.053528,215.981995,96.036980,123.176605,133.912994,317.660004,984.398682
2025-07-01,207.189514,489.208099,176.512436,220.460007,153.274536,717.534790,284.869843,695.571289,47.368328,152.993973,319.447327,23.790800,70.146133,156.711929,72.088692,97.611374,106.583969,140.997925,386.734497,221.444641,99.395515,122.660095,129.360001,300.709991,980.440979
2025-07-02,211.795486,488.253693,179.356018,219.919998,157.223862,711.898132,286.429504,704.855896,47.919239,152.640732,301.248596,24.056831,69.402298,156.692474,75.015053,96.985405,108.349968,143.332230,394.164093,221.899078,100.413551,122.153526,128.485992,315.649994,976.861084
2025-07-03,212.902130,495.958954,180.144241,223.410004,159.313522,717.325378,291.752014,712.525879,48.135666,153.082291,302.218292,24.113836,69.832932,156.332825,75.015053,97.730606,109.472000,143.709976,393.600189,222.956360,99.072029,123.166664,129.718002,315.350006,981.495056
2025-07-07,209.313034,494.845398,177.160965,223.470001,158.213715,716.666870,287.779846,699.972351,47.870049,152.356171,297.477600,23.980822,69.500168,156.012039,75.152534,98.714272,108.408501,142.770432,387.318207,221.982544,95.951347,122.332314,128.962006,293.940002,986.626099
2025-07-08,209.372864,493.751740,174.766357,219.360001,159.973404,718.981445,278.721741,686.532837,46.384567,152.866409,301.385742,24.341864,68.746536,153.475021,72.589516,96.468735,111.413620,148.427017,390.068451,222.399902,97.407036,121.001320,127.530998,297.809998,980.321594
2025-07-09,210.499435,500.601959,177.260757,222.539993,162.852936,731.063110,279.096313,685.823853,46.079597,153.347214,296.694061,24.284859,68.002701,153.115387,72.235992,96.190521,111.033104,148.213928,397.873932,221.398254,97.188210,119.799454,128.828003,295.880005,976.592590
2025-07-10,211.765579,498.583679,178.298401,222.259995,164.072739,725.536072,284.054108,698.190308,46.207485,154.730774,293.363831,24.493883,68.286522,154.058258,73.276909,94.252998,112.135628,149.327789,403.958099,219.589752,97.920799,120.743065,125.058998,309.869995,964.739319
2025-07-11,210.519363,500.413025,180.902527,225.020004,164.892593,715.828857,282.743195,694.084595,45.971382,153.955597,297.859650,24.370365,68.384407,152.658508,71.322731,93.795952,112.623474,150.431992,401.573914,218.810715,96.350952,119.064423,124.511002,313.510010,964.898376
2025-07-14,207.987076,500.114777,182.399155,225.690002,164.042740,719.230896,284.556793,702.305847,46.305862,153.877090,294.411835,24.085335,67.992912,149.460495,70.949562,95.167107,111.150185,146.886948,401.425507,220.786133,95.256813,119.163750,126.195000,316.899994,975.419189
2025-07-15,208.475601,502.898621,182.688522,226.350006,170.671631,708.725586,282.437653,691.682190,45.400799,152.258057,285.723846,23.382252,67.885246,148.410706,70.694244,94.779610,110.164742,145.957108,400.307648,218.226425,94.695473,118.180405,126.027000,310.779999,962.263184
2025-07-16,209.522415,502.699768,183.357010,223.190002,171.341522,701.263000,281.718140,697.894897,45.282745,161.687714,286.487854,23.382252,67.797157,149.431351,70.802261,94.541145,109.501274,145.211288,408.459412,219.691772,94.790611,119.014755,125.030998,321.670013,946.044556
2025-07-17,209.382828,508.744659,184.284912,223.880005,172.971252,699.766541,285.739563,694.960876,46.256676,159.921494,282.158600,23.353748,69.089088,151.268494,71.666435,94.481529,108.945137,146.625443,413.593842,221.073639,94.666931,121.388695,127.417000,319.410004,948.570312
2025-07-18,210.539307,507.104156,185.522141,226.130005,172.381348,702.629883,287.089905,697.343567,46.551807,160.627975,276.849792,23.249235,68.364830,151.794067,71.165604,94.441788,105.149712,145.327515,409.280518,219.376450,94.400528,120.604004,120.924004,329.649994,945.626892
2025-07-21,211.835358,507.114136,190.720413,229.300003,171.351532,711.299438,286.794189,695.118408,46.709206,161.275589,276.350250,23.049713,68.580147,151.725555,72.687706,95.057816,105.422905,144.978821,407.165619,218.152222,94.096077,120.027901,123.327003,328.489990,942.255920
2025-07-22,213.749542,502.351776,191.678253,227.470001,167.002258,703.158630,287.247589,689.614502,46.994499,164.778595,279.278900,23.885811,68.178879,154.945419,74.033058,95.236671,105.900993,145.327515,414.235168,219.413544,96.227272,120.246422,119.008003,332.109985,936.339111
2025-07-23,213.500305,502.948303,191.079605,228.289993,170.751617,711.908142,292.501099,706.460876,47.358490,165.926666,286.507477,24.094835,67.689499,154.906265,75.368576,95.067749,107.257195,148.310776,424.561493,221.908371,98.501167,122.113792,117.678001,332.559998,935.921570
2025-07-24,213.111465,507.929413,192.765808,232.229996,173.711136,713.125183,292.294098,708.095276,47.604431,166.378006,272.863312,24.085335,67.630775,155.424973,74.062508,95.981865,108.096283,150.935684,426.477814,208.191528,97.549744,121.130440,118.075996,305.299988,928.572815
2025-07-25,213.231125,510.743103,193.643845,231.440002,173.471176,711.010132,294.334442,717.744141,47.663460,165.141663,275.292419,23.959690,67.699280,154.925842,74.897209,96.846306,107.715767,149.976761,430.677887,207.968933,98.529716,120.653671,118.049004,316.059998,930.243469
2025-07-28,213.400620,509.540039,192.985321,232.789993,176.720627,715.948608,293.999298,712.496338,47.447029,163.100708,276.330658,23.495766,66.642242,153.761215,77.813751,96.985405,108.730484,151.371536,429.873627,208.748001,96.645889,119.561066,117.459999,325.589996,928.761841
2025-07-29,210.629044,509.609650,195.988541,231.009995,175.480835,698.359863,292.777100,720.697937,47.171574,164.955231,255.712631,23.486099,67.904816,153.271866,76.920135,97.700798,110.135460,152.097977,427.004059,205.631805,86.427567,119.104156,116.874001,321.200012,929.338623
2025-07-30,208.415771,510.275757,196.996292,230.190002,179.240219,693.581116,295.329926,719.486816,47.181416,164.121170,260.580627,23.012512,67.288216,149.621368,75.299843,96.965523,109.179298,148.736954,431.045258,206.039871,82.945351,118.736641,118.419998,319.040009,922.318115
2025-07-31,206.940277,530.418762,192.426575,234.110001,177.840439,771.627808,291.988556,712.437256,46.502617,161.648483,244.438828,22.509930,66.446503,147.262741,73.345657,97.353043,108.925613,146.877274,434.917633,206.216095,81.974899,118.309532,115.940002,308.269989,934.380249
2025-08-01,201.766022,521.082947,189.523117,214.750000,173.691132,748.252747,285.217194,698.633301,44.918755,164.189865,232.890778,22.703230,67.395882,147.438919,73.276909,97.859772,106.974243,146.644791,425.653717,201.912750,80.395531,115.806465,115.860001,302.630005,948.500366
2025-08-04,202.733078,532.546387,195.310104,211.649994,179.970093,774.550964,290.036987,714.839661,45.105667,167.830231,236.034882,22.741890,67.493744,147.546555,73.473312,98.952736,104.759438,146.296112,430.628235,204.769272,80.890266,118.547913,117.098999,309.260010,951.338318
2025-08-05,202.304367,524.701904,194.881058,213.750000,178.230377,761.671204,287.188446,709.798584,44.820381,167.535873,245.849274,23.921028,67.581841,147.301880,73.041229,98.674522,104.632599,148.233292,431.154510,205.019684,82.564781,117.524841,114.787003,308.720001,939.647888
2025-08-06,212.603043,521.908203,196.477463,222.309998,179.390182,770.181213,287.168732,713.569519,44.682648,167.388672,240.736389,23.128492,68.032059,149.601791,74.121437,102.698601,103.920349,147.981461,424.690582,203.322464,82.060532,114.396004,117.848000,319.910004,964.472656
2025-08-07,219.362457,517.831848,196.836639,223.130005,180.739975,760.044983,282.822021,708.646545,44.190765,168.311035,239.649185,23.418444,68.932495,150.218369,73.011765,102.460144,103.373962,148.349533,414.165649,200.864746,82.288864,112.121399,118.037003,322.269989,973.325134
2025-08-08,228.654190,519.024963,201.635834,222.690002,182.669632,767.497559,284.615967,710.153015,45.263065,170.077286,245.741531,23.756721,68.844406,150.237946,72.854660,103.066246,104.203300,150.141418,413.569885,200.614334,82.460121,111.674423,121.164001,329.649994,976.840210
2025-08-11,226.747803,518.756531,201.176880,221.300003,182.029739,764.075562,285.404449,708.154358,45.410633,170.558075,247.191162,23.756721,69.245689,151.676605,72.687706,103.264961,103.256882,148.630417,405.646423,200.744202,82.117607,111.793617,121.831001,339.029999,984.567444
2025-08-12,229.213104,526.183350,203.701187,221.470001,183.129562,788.148987,288.647247,731.922241,46.728886,169.537582,256.202393,23.824377,69.206543,151.784256,73.551872,102.956947,103.549576,149.589340,409.786896,201.263565,83.183212,112.955757,122.528000,340.839996,987.066895
2025-08-13,232.886124,517.573364,202.573715,224.559998,181.559830,778.252319,286.360504,733.212036,46.473106,171.146820,266.232239,24.317295,68.961861,152.097458,75.810471,100.343773,104.983841,150.974411,410.769897,203.795471,83.896774,115.856133,120.444000,339.380005,974.719238
2025-08-14,232.337158,519.462341,203.361969,230.979996,181.989746,780.297424,289.938446,735.683350,46.935471,171.441177,265.918793,24.268970,68.071205,150.463058,75.015053,100.204666,104.769188,150.286728,414.542969,202.367203,84.248817,115.528343,123.056000,335.579987,971.273865
2025-08-15,231.149414,517.165710,204.449493,231.029999,180.420013,783.390137,286.321106,719.457336,46.177971,173.325150,297.771454,24.297966,68.433334,151.069824,75.584618,99.592178,104.867668,151.633057,404.901733,202.087524,84.182205,114.614532,123.894997,330.559998,967.937927
2025-08-18,230.450760,514.113403,203.830887,231.490005,181.979736,765.572021,287.346191,719.693665,47.142063,172.942459,302.159515,24.230309,67.660133,152.400848,76.036331,100.289322,105.094170,150.441696,409.717377,201.742584,83.862305,115.766739,124.509003,335.160004,975.217102
2025-08-19,230.121384,506.825806,202.034958,228.009995,175.610809,749.719238,286.488678,710.261353,47.299465,174.463379,297.996735,24.471937,68.638870,155.023712,75.496231,100.876915,105.783501,148.864899,413.142944,202.059555,85.112823,115.488609,121.415001,329.309998,976.710754
2025-08-20,225.580032,502.799194,199.740112,223.809998,175.370850,745.968079,288.045959,709.572083,47.565079,175.483856,293.687042,24.529924,69.196754,156.110062,74.887390,102.151703,106.876587,150.059723,417.611084,202.301941,84.279144,116.253441,121.386002,323.899994,990.372925
2025-08-21,224.472153,502.151855,200.169128,221.949997,174.950912,737.368225,287.287048,704.915039,47.476540,175.572159,297.125031,24.877869,69.157616,155.346664,74.808830,97.560493,107.565933,152.341675,414.930206,202.693512,83.513329,115.429016,120.621002,320.109985,965.587952
2025-08-22,227.326706,505.129517,206.255432,228.839996,177.960434,753.021484,291.988556,730.455200,48.676735,175.925400,301.111481,25.013180,68.638870,155.287949,76.969238,96.435104,109.584702,154.917419,432.584259,207.737061,86.101608,118.061211,120.464996,340.010010,954.494934
2025-08-25,226.727844,502.171814,208.689941,227.940002,179.780121,751.534973,290.667816,727.402954,48.676735,175.061920,298.604004,24.297966,67.464386,152.821671,77.745010,95.678200,110.037682,154.937012,429.238129,205.667435,85.054665,116.918938,121.806999,346.600006,937.606567
2025-08-26,228.873764,499.960999,207.482666,228.710007,181.739792,752.333130,294.285156,737.406311,49.434238,174.449112,294.264923,24.085335,67.268646,152.645508,77.234383,95.658295,109.791489,154.114349,428.205505,207.485367,84.783234,116.859344,122.609001,351.670013,937.367554
2025-08-27,230.051529,504.641510,207.742081,229.119995,181.569824,745.628906,294.984955,738.115234,49.562126,174.745636,297.644165,24.230309,67.366516,153.614410,76.654991,95.688171,111.032303,155.955566,429.605530,206.264099,85.170990,117.296379,122.349998,349.600006,945.513062
2025-08-28,232.117584,507.529510,211.892715,231.600006,180.140060,749.350159,296.749268,739.641357,49.670341,173.421127,296.086761,23.776052,66.906509,152.332321,76.517509,95.718048,111.623161,156.033920,431.829681,206.357330,84.599045,116.849411,123.144997,345.980011,940.972229
2025-08-29,231.698380,504.591736,213.050125,229.000000,174.151047,736.969177,297.094269,737.691345,49.916283,175.121246,303.511200,23.930693,67.523109,153.692688,75.977417,96.584496,112.548836,157.287506,416.072083,204.632614,84.763847,117.584435,120.824997,333.869995,939.339172
2025-09-02,229.282990,503.028229,211.513596,225.339996,170.751617,733.387573,295.398926,723.437378,49.601475,176.000946,302.463165,24.143324,67.591621,154.622452,73.331978,97.450951,112.942749,158.492142,413.103241,202.861313,82.621483,117.475174,121.411003,329.359985,934.858154
2025-09-03,238.016342,503.257294,230.580658,225.990005,170.591660,735.323059,295.211670,723.150330,49.247322,175.941635,301.562073,23.959690,67.523109,154.798615,73.776169,99.034470,110.205101,154.799896,412.179810,199.505157,82.679649,116.591156,122.617996,334.089996,945.771973
2025-09-04,239.323837,505.866455,232.137131,235.679993,171.631485,746.895935,299.459808,741.304321,49.798229,176.692856,304.010742,23.718061,66.798851,155.796875,74.378304,100.518387,110.687637,154.437531,417.243713,200.586578,81.894440,118.011543,125.748001,338.529999,951.866089
2025-09-05,239.234009,492.950165,234.641495,232.330002,166.992264,750.687073,290.155304,730.722778,49.234364,176.366669,308.917969,24.046673,66.515007,156.609192,72.956879,100.100105,107.565933,150.490662,420.083405,199.738220,82.437302,117.117599,124.382004,350.839996,959.414124
2025-09-08,237.427460,496.136902,233.842590,235.839996,168.282028,750.537354,288.706390,734.325806,48.927700,176.070145,313.678192,23.727726,65.996284,155.620712,73.193787,101.862877,108.176483,150.823639,419.785583,200.204361,81.739334,118.041344,124.475998,346.399994,967.748718
2025-09-09,233.904175,496.346039,239.614746,238.240005,170.731613,763.906006,293.575470,756.171997,49.748772,174.913681,340.780426,23.882368,66.417145,156.061127,72.650871,101.872841,108.964294,151.656128,415.128784,199.691605,81.816887,116.581230,126.324997,346.970001,975.117554
2025-09-10,226.358551,498.297913,239.235260,230.330002,177.300537,750.218079,296.226868,761.774597,49.590492,173.757187,339.663788,23.747057,66.377991,153.996094,73.292496,100.000504,110.786110,154.535461,419.914642,197.360947,81.283722,115.011841,124.771004,347.790009,952.254333
2025-09-11,229.592392,498.935272,240.453598,229.949997,177.150558,749.140625,301.174835,776.770935,50.203819,176.435867,346.353638,24.027344,66.182251,155.248825,73.371460,102.231369,110.431595,154.985977,428.324677,200.726425,82.059235,116.293175,120.349998,368.809998,960.250549
2025-09-12,233.624710,507.788452,241.052811,228.149994,177.800476,753.819702,302.505463,772.148315,50.035652,176.000946,345.276184,23.070503,65.585220,154.534378,72.058609,103.067947,110.451294,153.869507,428.463654,197.137207,81.768417,115.180702,118.844002,395.940002,963.815430
2025-09-15,236.249695,513.225830,251.418716,231.429993,177.730499,762.908325,304.466888,778.780396,50.045540,175.348572,342.900787,23.167152,65.299202,153.487183,72.088226,103.267136,110.638397,154.065369,432.852356,197.398239,81.448509,114.842987,120.225998,410.040009,956.048340
2025-09-16,237.696945,506.932007,251.079193,234.050003,174.860809,777.174805,304.752716,777.562866,50.114788,174.419464,334.907074,23.099497,65.328789,154.681183,71.811836,102.998230,112.932899,156.249374,437.548859,196.661728,82.592392,114.455612,120.051003,421.619995,948.052307
2025-09-17,238.535355,507.907928,249.511322,231.619995,170.271301,773.902466,307.276001,786.164673,50.846825,175.150894,336.710815,23.244474,66.117783,156.912582,71.377510,103.844757,113.533600,156.788040,447.468109,197.342300,81.603622,115.319756,122.849998,425.859985,958.966003
2025-09-18,237.427460,506.344452,251.987961,231.229996,176.220657,778.421814,308.734772,796.152344,51.568970,172.146057,330.018219,23.341124,65.545761,153.966751,71.170212,103.177498,112.194328,155.563797,463.652649,195.962540,82.446991,114.088089,120.778000,416.850006,948.341003
2025-09-19,245.032959,515.785156,254.894012,231.479996,176.650589,776.556213,310.262512,796.835327,51.687675,174.152588,331.861389,23.225143,65.516174,152.714005,69.975822,101.912682,111.101234,152.988068,463.235657,195.188751,81.487282,112.995483,122.696999,426.070007,947.146057
2025-09-22,255.592819,512.319580,252.537216,227.630005,183.589844,763.882446,307.956085,797.389648,51.361225,172.195480,336.405273,23.234810,65.299202,149.807327,70.360794,102.400673,110.313416,152.831360,468.756287,194.843826,81.652092,111.803543,122.737000,434.209991,939.279419
2025-09-23,253.945969,507.121246,251.997925,220.710007,178.410400,754.138733,308.251770,798.141968,51.143593,174.538055,342.703644,23.321795,65.792320,149.249481,70.015305,102.101898,112.214012,154.173096,467.922211,195.132828,81.826584,111.495636,121.847000,425.850006,939.617981
2025-09-24,251.830002,508.037384,247.494049,220.210007,176.950562,759.389954,308.922058,784.392822,51.143593,174.646790,346.764557,23.283134,65.535896,149.171188,70.301567,102.311050,112.814728,155.896790,466.462616,194.470917,81.332191,112.667702,120.394997,442.790009,941.280945
2025-09-25,256.381317,504.930328,246.235764,218.149994,177.670502,747.659546,308.951630,786.699219,51.291977,175.674759,340.604187,22.809547,65.072372,148.906937,68.347092,102.629745,113.829033,157.405045,460.435608,193.631866,80.052589,112.230659,120.823997,423.390015,939.329224
2025-09-26,254.974014,509.341980,246.844925,219.779999,178.170441,742.508179,311.524109,794.370667,51.648106,177.631882,339.145386,22.964188,64.766624,149.249481,68.416191,102.739296,115.434204,156.856598,462.461151,194.088684,81.157700,112.707436,121.060997,440.399994,912.084717
2025-09-29,253.945969,512.468933,244.028748,222.169998,181.830048,742.158752,311.159454,795.964233,51.855843,179.519775,340.229645,23.051172,65.131538,150.257523,68.653107,102.659622,112.479904,152.880341,468.269714,195.104858,81.913826,114.008629,120.640999,443.209991,913.000732
2025-09-30,254.145599,515.805115,243.219864,219.570007,186.559509,733.153870,310.903168,788.273010,51.034779,183.275848,340.347900,24.626577,65.407684,150.374969,68.830788,102.639694,111.032303,152.087021,473.770477,196.242218,80.973511,113.730515,119.891998,444.720001,921.723816
2025-10-01,254.964035,517.557861,245.207153,220.630005,187.219452,716.142273,306.250916,777.543030,50.134571,183.898544,343.304901,26.298634,65.861359,149.914978,73.243134,101.544182,110.283875,151.391678,477.414490,195.943893,81.797493,112.190926,117.089996,459.459991,913.468811
2025-10-02,256.640839,513.604248,246.095947,222.410004,188.869263,725.836060,303.136261,771.475220,49.936726,183.829361,348.647186,26.172987,65.190712,148.809082,73.608368,101.285240,109.594543,150.206635,487.095459,196.717667,82.951080,111.386368,116.252998,436.000000,912.901306
2025-10-03,257.529144,515.207520,246.115921,219.509995,187.599411,709.373596,305.580688,781.967651,50.095001,186.458603,355.034241,26.453274,65.733147,149.024384,71.002411,101.653740,111.534531,150.382935,494.323883,194.890427,84.124046,111.714157,115.332001,429.829987,911.517151
2025-10-06,256.201660,526.381165,251.169067,220.899994,185.519623,714.465088,306.224457,788.698792,49.847694,185.984161,353.624725,25.544758,65.190712,147.204010,70.252213,102.281166,112.460205,150.843231,491.871368,194.843826,83.968941,111.992271,116.331001,453.250000,907.095825
2025-10-07,255.992096,521.810120,246.795013,221.779999,185.019684,711.889404,304.748688,781.641052,49.748772,186.705704,358.444611,25.390118,65.871223,149.288620,68.021362,102.818962,112.519295,151.714874,483.262787,194.825180,83.348526,111.773750,119.106003,433.089996,910.939514
2025-10-08,257.569092,522.676514,245.127274,225.220001,189.089233,716.641479,301.123688,768.634338,49.303612,187.496460,364.614838,24.819878,65.210442,147.478058,68.199028,102.480354,112.282951,150.569016,498.563629,195.636246,83.610268,111.138054,121.425003,438.690002,910.939514
2025-10-09,253.556702,520.236694,241.881683,227.740005,192.548859,732.285278,302.609344,772.049316,49.254150,188.870392,362.416809,24.394615,65.457008,147.370407,67.182320,101.354958,111.189865,148.512314,496.816071,190.396912,82.669952,110.244095,123.107002,435.540009,938.911011
2025-10-10,244.803406,508.844055,237.168076,216.369995,183.139893,704.122375,298.013733,756.607544,48.126423,188.514557,349.415985,23.950024,66.117783,146.499374,64.378944,101.424675,109.043076,145.828842,487.820251,187.301788,80.333717,108.456200,122.008003,413.489990,926.085327
2025-10-13,247.188858,511.921234,244.308365,220.070007,188.299332,714.505005,305.026031,778.800171,48.334160,188.692474,353.516296,23.901697,65.881088,144.346283,66.511086,101.703529,110.530067,148.806137,501.184967,189.166306,80.634224,109.528938,121.903000,435.899994,931.611938
2025-10-14,247.298645,511.443237,245.856277,216.389999,180.010223,707.466797,299.192322,762.942627,49.550922,188.643051,354.768097,23.698732,66.581322,145.980667,66.767731,106.772774,110.579308,149.246841,523.734009,194.480225,81.477600,110.422890,121.535004,429.239990,942.515747
2025-10-15,248.865662,511.303802,251.368790,215.570007,179.810257,716.351929,302.767822,760.141296,51.717354,188.959351,355.970612,23.573086,66.157234,144.277756,67.577156,108.585350,109.909668,148.972626,530.267456,188.784073,81.516365,110.959259,120.329002,435.149994,950.959839
2025-10-16,246.979263,509.491333,251.538574,214.470001,181.790039,710.881104,295.686157,750.401184,49.897152,189.898361,351.554871,23.418444,66.660217,146.411285,65.978043,106.035797,108.954445,148.580872,537.128601,189.408707,83.018936,109.141556,118.359001,428.750000,921.713806
2025-10-17,251.810028,511.453247,253.445969,213.039993,183.199890,715.722961,294.715546,743.155396,50.728111,190.985657,351.485870,23.689066,67.498528,148.172913,66.501213,107.290657,110.530067,149.922623,523.346863,189.212921,83.765366,109.926247,119.935997,439.309998,932.378662
2025-10-20,261.741119,514.649841,256.671600,216.479996,182.619949,730.947510,299.469635,755.578064,51.479935,191.479858,359.252869,23.863037,67.498528,148.720993,66.747993,106.613434,110.983055,151.293732,528.933105,192.074997,84.250069,111.207581,123.856003,447.429993,932.159546
2025-10-21,262.270081,515.516296,250.999298,222.029999,181.140106,732.045715,294.250031,751.282104,50.965534,189.661148,360.130066,24.017677,70.240280,148.388214,67.478447,105.786812,110.992912,150.617966,522.430725,194.918396,85.364868,113.531860,124.135002,442.600006,933.543701
2025-10-22,257.958344,518.384399,252.187683,217.949997,180.260208,732.185425,291.298492,737.047913,50.550053,190.708893,356.305725,23.892031,69.835915,148.955856,68.189171,106.703064,112.962440,152.361267,511.736176,192.615692,84.414864,112.320053,111.637001,438.970001,940.693420
2025-10-23,259.086151,518.404297,253.386047,221.089996,182.139999,732.774475,291.724426,743.165344,51.202950,190.244324,355.280670,23.843706,68.977890,148.965668,68.781433,106.424202,114.213097,153.330841,518.298279,205.723373,84.366394,112.270386,111.359001,448.980011,938.074463
2025-10-24,262.320038,521.441650,260.156860,224.210007,186.239532,737.127197,297.568024,775.929565,52.004230,188.198242,357.301239,23.930693,68.751053,150.283310,68.218781,105.737015,113.632080,152.351471,520.518860,201.500198,84.550575,110.929466,109.469002,433.720001,928.206360
2025-10-27,268.298615,529.318970,269.564087,226.970001,191.468979,749.566345,301.242523,781.977539,52.449390,188.099411,360.731354,23.940357,69.096237,149.544174,67.705482,104.043953,114.173706,152.077240,524.840515,200.502686,86.489365,111.585022,109.456001,452.420013,925.926025
2025-10-28,268.488251,539.825256,268.066132,229.250000,201.007935,750.185364,302.440948,784.056335,52.301003,184.768387,362.564667,23.679401,69.194870,149.179520,66.560440,102.749245,113.277565,150.950974,522.251465,199.887390,93.410843,110.899666,110.250000,460.549988,920.260010
2025-10-29,269.186920,539.307373,274.796997,230.300003,207.017273,750.414917,302.589539,775.117920,52.014130,184.442200,350.165100,23.476437,67.409760,146.617142,64.507263,102.042145,114.675934,151.900970,583.013367,198.470337,94.419014,109.499138,110.041000,461.510010,908.569580
2025-10-30,270.883667,523.582764,281.517853,222.860001,202.867722,665.357239,306.481995,782.145874,52.459278,186.863876,339.805817,23.476437,68.031097,147.415421,64.063065,101.813087,112.942749,150.353546,580.683289,197.935883,92.150627,111.088387,108.900002,440.100006,916.296814
2025-10-31,269.855652,515.665649,281.437988,244.220001,202.467773,647.267456,308.145905,781.363892,52.874763,186.685944,336.661560,23.824377,67.952202,148.193985,63.757061,100.767372,112.617775,154.466919,574.818176,199.142624,93.469002,111.863152,111.886002,456.559998,908.887695
2025-11-03,268.538147,514.888916,283.734863,254.000000,206.857285,636.645264,306.392853,777.552979,52.983578,184.106125,329.002991,23.834044,67.034988,145.878006,61.842083,101.175690,112.026917,150.862808,568.176453,195.621307,91.210312,111.366508,110.009003,468.369995,925.431030
2025-11-04,269.526276,512.200134,277.683075,249.320007,198.668182,626.272583,306.293793,782.809082,52.963795,184.699188,326.085419,23.486099,67.715500,145.040283,60.440392,101.852921,112.401131,150.226212,545.263733,194.325531,90.396019,110.720879,109.295998,444.260010,938.095398
2025-11-05,269.626099,505.059784,284.364014,250.199997,195.188583,634.888184,308.700562,785.046204,51.885525,183.849136,323.039734,23.785719,67.567566,143.680252,61.309048,101.056183,111.948135,149.511292,566.742554,194.909134,90.066437,110.611610,109.846001,462.070007,932.401428
2025-11-06,269.256775,495.041443,284.953217,243.039993,188.059357,617.906555,310.423950,779.592041,52.716484,184.807922,316.948395,24.017677,68.109993,144.015350,61.091885,101.265327,112.755638,149.785507,567.369873,193.781509,90.735313,109.747459,109.702003,445.910004,920.983643
2025-11-07,267.959259,494.762604,279.320862,244.410004,188.129349,620.671936,311.206360,778.364624,52.627453,184.412552,319.560364,24.027514,69.579498,144.853043,60.302200,102.171608,115.434204,151.822617,560.718079,191.961517,93.013382,109.995781,110.365997,429.519989,920.145935
2025-11-10,269.178131,503.904572,290.196075,248.399994,199.028152,630.705200,313.860748,789.114502,52.845085,186.231277,316.968079,23.988173,69.549911,143.394455,60.015942,102.002312,116.418968,152.439606,568.435303,193.939774,90.211838,111.485695,112.007004,445.230011,912.986145
2025-11-11,274.992676,506.573486,291.344513,249.100006,193.138794,626.033020,312.602875,802.091492,53.052826,191.588593,322.753937,25.089722,70.624916,146.390457,62.335640,103.018150,117.955200,153.017441,565.527649,198.232620,92.121544,114.078156,113.643997,439.619995,911.290955
2025-11-12,273.214355,509.023315,287.040375,244.199997,193.778732,607.993164,317.347107,830.460815,53.527660,192.142105,334.197418,25.443790,70.526299,145.868134,63.372089,103.018150,116.320488,150.157669,570.596130,199.399780,93.236351,115.866066,115.750000,430.600006,911.430481
2025-11-13,272.694855,501.205811,278.741638,237.580002,186.839478,608.871704,306.521606,797.330261,52.301003,192.992172,327.751190,25.365108,70.092346,145.818863,65.178497,102.121826,116.980286,152.371048,551.208435,197.698471,93.032784,106.886818,115.422997,401.989990,922.479370
2025-11-14,272.155334,508.067261,276.604553,234.690002,190.149109,608.442444,300.707672,782.888245,52.043800,193.664307,317.244080,24.647135,70.181114,145.533051,63.342480,102.062073,118.500153,154.368973,551.686462,198.056686,93.042473,105.088982,111.217003,404.350006,920.385254
2025-11-17,267.209961,505.388397,285.212860,232.869995,186.579514,601.004822,297.498657,767.693970,50.925964,197.272110,315.923279,24.666805,69.707710,143.709839,62.088860,102.530151,116.900810,151.626724,549.714783,195.111328,92.894531,104.979721,110.290001,408.920013,910.024536
2025-11-18,267.190002,491.745178,284.573730,222.550003,181.340088,596.692078,296.547852,768.426453,51.084240,197.687241,309.082825,25.030710,70.240280,144.862915,61.684147,100.976509,118.241875,152.131790,544.566711,190.504196,91.553238,105.565750,114.089996,401.250000,892.563721
2025-11-19,268.308929,485.102753,292.592834,222.690002,186.499527,589.334351,300.370941,778.018188,51.460152,200.168213,304.657227,24.470098,70.131798,144.862915,61.832214,100.199692,116.572998,150.230392,550.770325,189.628555,91.139015,103.966568,110.000000,403.989990,888.096313
2025-11-20,266.001099,477.340485,289.586945,217.139999,180.620163,588.166321,295.527710,765.852783,50.451130,200.721741,307.072083,23.998007,70.230415,146.045532,60.637817,106.673187,116.245178,148.853851,543.819824,187.210541,89.620201,102.009811,105.669998,395.230011,890.778748
2025-11-21,271.236176,471.044861,299.243805,220.690002,178.860367,593.257812,295.171143,766.179443,51.005104,201.542145,315.381195,24.627464,71.946480,148.736023,61.990150,104.890480,116.304787,148.527054,548.101685,189.081268,93.358070,103.579193,104.309998,391.089996,896.482666
2025-11-24,275.662079,472.920593,318.038300,226.279999,182.529968,612.026428,295.151337,782.690308,51.371117,203.667282,314.474365,24.804499,71.591431,144.853043,61.131367,103.635620,115.202133,148.299286,557.232849,187.727982,92.273193,101.254921,106.970001,417.779999,883.628906
2025-11-25,276.711090,475.903748,323.201294,229.669998,177.800476,635.157654,300.103516,794.182556,51.915199,205.577133,321.600708,25.296261,71.611160,146.341202,62.858799,106.563629,113.751801,147.091095,564.213257,190.076324,93.239716,102.615707,104.400002,419.399994,891.815796
2025-11-26,277.290527,484.394379,319.845825,229.160004,180.240204,632.552063,304.699188,807.733643,52.419712,206.462418,324.981476,25.286425,71.877449,146.104660,63.500420,108.655067,114.010078,148.061600,571.303101,189.051422,94.354172,102.734909,106.139999,426.579987,905.706665
2025-11-28,278.589325,490.889587,319.686066,233.220001,176.980560,646.868164,310.087158,817.661926,53.072613,205.825806,325.040619,25.315931,72.114151,146.015976,63.796551,110.059319,115.152466,149.665924,573.324524,191.240540,94.472527,103.767921,107.580002,430.170013,911.021729
2025-12-01,282.835358,485.631561,314.692810,233.880005,179.900253,639.799927,305.966949,802.635925,52.667023,204.254150,318.574738,24.853676,71.458649,145.306396,64.958832,111.075150,115.857765,151.062241,565.657104,189.280273,93.910370,106.052460,109.129997,430.140015,909.396301
2025-12-02,285.922455,488.884155,315.591614,234.419998,181.440079,646.019531,304.936890,810.942261,52.617558,204.333740,319.885651,24.735651,70.187393,143.749252,64.501869,111.951569,114.616035,148.794434,580.006104,192.195786,94.265419,104.125504,109.349998,429.239990,919.437988
2025-12-03,283.884369,476.642090,320.185394,232.380005,179.570282,638.532043,309.146271,832.190430,53.507874,204.244217,334.838104,25.148731,70.326431,144.586960,65.217117,113.943413,117.020020,150.121460,588.987976,192.514221,96.859238,105.029381,103.959999,446.739990,919.667297
2025-12-04,280.437592,479.744995,317.958435,229.110001,183.370087,660.425537,313.078339,833.443787,53.577118,201.409286,328.707275,25.276590,69.968895,143.256485,65.256859,114.371658,116.364388,150.784958,596.615662,191.280334,93.456696,104.761200,103.220001,454.529999,893.341492
2025-12-05,278.519379,482.059723,321.653381,229.529999,182.400131,672.295593,312.028473,850.086182,53.646729,200.862183,326.164276,25.601154,69.521965,141.374115,65.425735,114.640556,115.768364,148.546860,600.618591,190.384796,93.565186,104.592346,100.239998,455.000000,892.164856
2025-12-08,277.630219,489.901825,314.228638,226.889999,185.539963,665.686646,312.196808,862.152710,53.597008,200.553833,321.123474,25.345438,69.770264,136.338074,63.121033,113.096870,115.212074,147.269363,593.976807,191.041534,94.235832,106.906677,96.790001,439.579987,885.024963
2025-12-09,276.920868,490.899536,317.526306,227.919998,184.959991,655.863159,297.637360,871.990967,53.239033,198.902618,321.103638,24.912685,69.611351,137.609406,62.912418,114.590759,117.467041,147.051498,591.845825,189.230515,95.636299,106.300774,96.709999,445.170013,885.942383
2025-12-10,278.519379,477.470184,320.774017,231.779999,183.770050,649.044495,307.145538,884.584656,53.775997,205.447815,325.836853,25.355272,69.730530,137.796661,65.356194,112.718422,118.748497,149.943207,612.747009,191.111176,98.269577,108.098618,92.709999,451.450012,871.951782
2025-12-11,277.770081,482.369019,313.479156,230.279999,180.920197,651.620178,314.346069,906.260620,54.253300,208.899460,334.132355,25.374943,68.638046,138.723053,67.293335,115.048882,118.748497,149.259888,622.963684,192.892349,99.098022,110.710938,94.089996,446.890015,881.993469
2025-12-12,278.019867,477.440277,310.301392,226.190002,175.010529,643.154358,315.475189,883.311401,54.830036,210.461166,339.202942,25.424120,70.038414,140.772949,67.025124,116.460983,118.033264,148.536957,595.360962,192.703278,99.531967,110.849998,95.190002,458.959991,881.983459
2025-12-15,273.853729,473.738708,309.102234,222.539993,176.280457,646.956116,316.960815,884.932861,55.018970,213.037460,338.468658,25.994564,70.485344,143.029816,67.333076,116.550804,116.980286,148.348801,587.265320,196.474548,98.693657,110.489998,93.769997,475.309998,858.140747
2025-12-16,274.353271,475.305145,307.513367,222.559998,177.710388,656.587891,312.533569,874.547485,54.501892,208.193222,331.621887,25.109392,69.889442,143.108658,66.677429,115.183609,113.920677,145.328339,586.438843,197.280548,98.733109,111.620003,94.570000,489.880005,857.971252
2025-12-17,271.585876,475.035736,297.850159,221.270004,170.930756,648.944397,311.969025,867.763184,54.243355,209.217773,329.071716,24.627464,70.187393,145.671036,65.256859,115.423126,116.632607,148.071518,559.513245,198.902496,99.571419,110.629997,94.790001,467.260010,860.224915
2025-12-18,271.935547,482.877869,303.536163,226.759995,174.130569,663.881592,310.007935,871.712402,53.954983,207.208450,325.608643,24.627464,69.879509,143.414185,65.197250,114.594818,115.768364,146.259247,563.436523,197.101440,100.676018,111.870003,94.000000,483.369995,855.179077
2025-12-19,273.414185,484.813446,308.392731,227.350006,180.980209,658.206482,314.177673,888.802429,54.959309,205.278717,324.894196,24.774994,69.581558,142.369522,58.322880,114.125786,115.917366,146.318649,573.782593,198.126358,100.518211,111.239998,94.389999,481.200012,853.214600
2025-12-22,270.716675,483.815735,311.110809,228.429993,183.680054,660.934143,320.001495,894.293579,55.565880,206.223694,322.651611,24.794662,69.730530,140.625122,56.842705,112.369385,117.367699,148.348801,579.946411,194.991928,99.344589,112.379997,93.230003,488.730011,847.610474
2025-12-23,272.105377,485.741333,315.457764,232.139999,189.199768,664.371155,322.814331,896.989380,55.655373,204.691833,322.294373,24.470098,69.392860,141.108032,56.961914,110.672867,118.629288,149.051910,579.956360,194.534195,98.812012,113.220001,93.500000,485.559998,852.386963
2025-12-24,273.554016,486.908630,315.447784,232.380005,188.599792,666.978943,326.023376,906.011902,55.933796,206.681259,325.052917,24.617630,69.631218,142.399094,59.604374,111.381416,118.430618,149.042023,581.290710,195.957123,99.275551,114.480003,93.639999,485.399994,869.408997
2025-12-26,273.144409,486.599365,314.738251,232.520004,190.519684,662.722595,324.775421,902.291443,55.854244,206.532059,329.270142,24.676640,69.392860,142.645462,60.528244,111.511147,118.321342,148.566666,580.533936,196.394943,99.157196,113.559998,94.470001,475.190002,870.894775
2025-12-29,273.504089,485.990753,314.168701,232.070007,188.209808,658.126526,320.655182,887.509277,55.038857,206.462418,326.402435,24.588123,69.680878,142.477936,60.806396,112.299530,119.731941,149.527267,576.162476,196.116333,98.309021,114.190002,94.150002,459.640015,865.400330
2025-12-30,272.824707,486.369904,314.328552,232.529999,187.529846,665.380310,320.328369,879.789856,54.969250,205.815857,329.597626,24.578287,69.591492,141.965454,60.786526,111.690781,120.188896,150.834473,574.947632,195.389938,98.269577,114.790001,93.779999,454.429993,863.216492
2025-12-31,271.605835,482.518677,313.579071,230.820007,186.489914,659.525330,319.139801,874.398254,54.690823,205.855652,327.563416,24.489771,69.432587,141.236160,63.289909,111.181831,119.543198,150.933517,570.446777,194.126205,97.825768,113.769997,93.760002,449.720001,859.915771
